3738944645.364	225.092	225.693	224.975	0.000	225.087	294.700	0.000	291.991	0.000	155.000	163.000	0.000	0.000	0.000	0.000	0.000	0.000	0.000	0.000	0.000	0.161	1.305	6.290	15721.459	-376.800	98.223	0.000	0.100	0.100	746.010	376.800	0.000	0.000	8.477	0.000	0.000	0.000	1.000	0.000	0.000	0.000	0.000	0.000	0.000	0.000	0.000	0.000	0.000
3738944693.364	225.068	225.689	224.957	0.000	225.076	294.677	0.000	292.007	0.000	155.000	163.000	0.000	0.000	0.000	0.000	0.000	0.000	0.000	0.000	0.000	-0.142	1.305	3.719	15414.181	-376.800	93.216	0.000	0.100	0.100	742.100	376.800	0.000	0.000	4.363	0.000	0.000	0.000	1.000	0.000	0.000	0.000	0.000	0.000	0.000	0.000	0.000	0.000	0.000
3738944703.365	225.070	225.692	224.965	0.000	225.073	294.691	0.000	291.998	0.000	155.000	163.000	0.000	0.000	0.000	0.000	0.000	0.000	0.000	0.000	0.000	0.161	3.876	3.719	15414.181	-376.800	93.494	0.000	0.100	0.100	743.664	376.800	0.000	0.000	4.363	0.000	0.000	0.000	1.000	0.000	0.000	0.000	0.000	0.000	0.000	0.000	0.000	0.000	0.000
3738944713.366	225.082	225.675	224.969	0.000	225.067	294.687	0.000	291.989	0.000	155.000	163.000	0.000	0.000	0.000	0.000	0.000	0.000	0.000	0.000	0.000	0.161	3.876	3.719	15112.908	-376.800	93.030	0.000	0.100	0.100	750.701	376.800	0.000	0.000	4.363	0.000	0.000	0.000	1.000	0.000	0.000	0.000	0.000	0.000	0.000	0.000	0.000	0.000	0.000
3738944723.364	225.086	225.691	224.978	0.000	225.083	294.704	0.000	292.013	0.000	155.000	163.000	0.000	0.000	0.000	0.000	0.000	0.000	0.000	0.000	0.000	-0.142	-1.266	3.719	15414.181	-376.800	93.540	0.000	0.100	0.100	742.101	376.800	0.000	0.000	3.849	0.000	0.000	0.000	1.000	0.000	0.000	0.000	0.000	0.000	0.000	0.000	0.000	0.000	0.000
3738944733.364	225.080	225.685	224.959	0.000	225.079	294.701	0.000	292.011	0.000	155.000	163.000	0.000	0.000	0.000	0.000	0.000	0.000	0.000	0.000	0.000	0.464	1.305	-1.422	14817.524	-376.800	92.798	0.000	0.100	0.100	747.574	376.800	0.000	0.000	3.335	0.000	0.000	0.000	1.000	0.000	0.000	0.000	0.000	0.000	0.000	0.000	0.000	0.000	0.000
3738944743.365	225.074	225.684	224.958	0.000	225.073	294.699	0.000	292.009	0.000	155.000	163.000	0.000	0.000	0.000	0.000	0.000	0.000	0.000	0.000	0.000	0.464	3.876	1.149	15414.181	-376.800	92.845	0.000	0.100	0.100	742.882	376.800	0.000	0.000	2.821	0.000	0.000	0.000	1.000	0.000	0.000	0.000	0.000	0.000	0.000	0.000	0.000	0.000	0.000
3738944753.364	225.080	225.689	224.975	0.000	225.087	294.705	0.000	292.000	0.000	155.000	163.000	0.000	0.000	0.000	0.000	0.000	0.000	0.000	0.000	0.000	0.161	3.876	6.290	15112.908	-376.800	93.123	0.000	0.100	0.100	747.574	376.800	0.000	0.000	2.307	0.000	0.000	0.000	1.000	0.000	0.000	0.000	0.000	0.000	0.000	0.000	0.000	0.000	0.000
3738944763.364	225.081	225.697	224.991	0.000	225.099	294.721	0.000	292.002	0.000	155.000	163.000	0.000	0.000	0.000	0.000	0.000	0.000	0.000	0.000	0.000	-0.142	3.876	6.290	15414.181	-376.800	94.051	0.000	0.100	0.100	755.393	376.800	0.000	0.000	2.307	0.000	0.000	0.000	1.000	0.000	0.000	0.000	0.000	0.000	0.000	0.000	0.000	0.000	0.000
3738944773.366	225.104	225.693	224.984	0.000	225.086	294.711	0.000	292.002	0.000	155.000	163.000	0.000	0.000	0.000	0.000	0.000	0.000	0.000	0.000	0.000	-0.142	3.876	3.719	15112.908	-376.800	93.402	0.000	0.100	0.100	746.792	376.800	0.000	0.000	3.335	0.000	0.000	0.000	1.000	0.000	0.000	0.000	0.000	0.000	0.000	0.000	0.000	0.000	0.000
3738944783.364	225.113	225.714	224.993	0.000	225.103	294.716	0.000	292.005	0.000	155.000	163.000	0.000	0.000	0.000	0.000	0.000	0.000	0.000	0.000	0.000	-0.142	1.305	6.290	15112.908	-376.800	93.171	0.000	0.100	0.100	751.483	376.800	0.000	0.000	11.048	0.000	0.000	0.000	1.000	0.000	0.000	0.000	0.000	0.000	0.000	0.000	0.000	0.000	0.000
3738944793.365	225.129	225.714	224.995	0.000	225.109	294.715	0.000	292.007	0.000	155.000	163.000	0.000	0.000	0.000	0.000	0.000	0.000	0.000	0.000	0.000	0.161	3.876	1.149	14817.524	-376.800	92.985	0.000	0.100	0.100	746.792	376.800	0.000	0.000	10.534	0.000	0.000	0.000	1.000	0.000	0.000	0.000	0.000	0.000	0.000	0.000	0.000	0.000	0.000
3738944803.364	225.137	225.715	225.003	0.000	225.102	294.726	0.000	292.009	0.000	155.000	163.000	0.000	0.000	0.000	0.000	0.000	0.000	0.000	0.000	0.000	-0.142	3.876	3.719	15112.908	-376.800	93.217	0.000	0.100	0.100	738.973	376.800	0.000	0.000	10.020	0.000	0.000	0.000	1.000	0.000	0.000	0.000	0.000	0.000	0.000	0.000	0.000	0.000	0.000
3738944813.364	225.137	225.724	225.011	0.000	225.105	294.735	0.000	292.015	0.000	155.000	163.000	0.000	0.000	0.000	0.000	0.000	0.000	0.000	0.000	0.000	0.464	3.876	1.149	15112.908	-376.800	92.939	0.000	0.100	0.100	746.792	376.800	0.000	0.000	9.505	0.000	0.000	0.000	1.000	0.000	0.000	0.000	0.000	0.000	0.000	0.000	0.000	0.000	0.000
3738944823.364	225.129	225.721	224.989	0.000	225.118	294.727	0.000	292.014	0.000	155.000	163.000	0.000	0.000	0.000	0.000	0.000	0.000	0.000	0.000	0.000	0.464	1.305	6.290	15112.908	-376.800	92.708	0.000	0.100	0.100	740.537	376.800	0.000	0.000	9.505	0.000	0.000	0.000	1.000	0.000	0.000	0.000	0.000	0.000	0.000	0.000	0.000	0.000	0.000
3738944833.364	225.140	225.737	225.011	0.000	225.115	294.738	0.000	292.022	0.000	155.000	163.000	0.000	0.000	0.000	0.000	0.000	0.000	0.000	0.000	0.000	0.161	3.876	1.149	15112.908	-376.800	93.356	0.000	0.100	0.100	747.574	376.800	0.000	0.000	8.991	0.000	0.000	0.000	1.000	0.000	0.000	0.000	0.000	0.000	0.000	0.000	0.000	0.000	0.000
3738944843.364	225.143	225.736	225.020	0.000	225.107	294.735	0.000	292.011	0.000	155.000	163.000	0.000	0.000	0.000	0.000	0.000	0.000	0.000	0.000	0.000	0.464	-1.266	8.861	15112.908	-376.800	93.308	0.000	0.100	0.100	741.318	376.800	0.000	0.000	8.477	0.000	0.000	0.000	1.000	0.000	0.000	0.000	0.000	0.000	0.000	0.000	0.000	0.000	0.000
3738944853.366	225.140	225.743	225.023	0.000	225.119	294.734	0.000	292.012	0.000	155.000	163.000	0.000	0.000	0.000	0.000	0.000	0.000	0.000	0.000	0.000	0.464	-1.266	3.719	15414.181	-376.800	92.798	0.000	0.100	0.100	738.973	376.800	0.000	0.000	7.963	0.000	0.000	0.000	1.000	0.000	0.000	0.000	0.000	0.000	0.000	0.000	0.000	0.000	0.000
3738944863.364	225.133	225.731	225.012	0.000	225.116	294.720	0.000	292.004	0.000	155.000	163.000	0.000	0.000	0.000	0.000	0.000	0.000	0.000	0.000	0.000	0.161	1.305	6.290	15112.908	-376.800	93.123	0.000	0.100	0.100	743.664	376.800	0.000	0.000	7.449	0.000	0.000	0.000	1.000	0.000	0.000	0.000	0.000	0.000	0.000	0.000	0.000	0.000	0.000
3738944873.365	225.134	225.730	224.998	0.000	225.119	294.730	0.000	292.019	0.000	155.000	163.000	0.000	0.000	0.000	0.000	0.000	0.000	0.000	0.000	0.000	0.161	3.876	6.290	15414.181	-376.800	93.587	0.000	0.100	0.100	746.010	376.800	0.000	0.000	6.934	0.000	0.000	0.000	1.000	0.000	0.000	0.000	0.000	0.000	0.000	0.000	0.000	0.000	0.000
3738944883.365	225.153	225.759	225.023	0.000	225.131	294.743	0.000	292.041	0.000	155.000	163.000	0.000	0.000	0.000	0.000	0.000	0.000	0.000	0.000	0.000	0.464	1.305	3.719	15112.908	-376.800	93.356	0.000	0.100	0.100	742.882	376.800	0.000	0.000	7.449	0.000	0.000	0.000	1.000	0.000	0.000	0.000	0.000	0.000	0.000	0.000	0.000	0.000	0.000
3738944893.365	225.138	225.737	225.018	0.000	225.119	294.733	0.000	292.027	0.000	155.000	163.000	0.000	0.000	0.000	0.000	0.000	0.000	0.000	0.000	0.000	0.161	1.305	3.719	15112.908	-376.800	92.430	0.000	0.100	0.100	750.702	376.800	0.000	0.000	6.420	0.000	0.000	0.000	1.000	0.000	0.000	0.000	0.000	0.000	0.000	0.000	0.000	0.000	0.000
3738944903.364	225.134	225.733	225.016	0.000	225.126	294.736	0.000	292.023	0.000	155.000	163.000	0.000	0.000	0.000	0.000	0.000	0.000	0.000	0.000	0.000	-0.142	1.305	6.290	15414.181	-376.800	93.357	0.000	0.100	0.100	749.920	376.800	0.000	0.000	5.906	0.000	0.000	0.000	1.000	0.000	0.000	0.000	0.000	0.000	0.000	0.000	0.000	0.000	0.000
3738944913.365	225.126	225.732	225.009	0.000	225.121	294.733	0.000	292.032	0.000	155.000	163.000	0.000	0.000	0.000	0.000	0.000	0.000	0.000	0.000	0.000	-0.445	3.876	6.290	15414.181	-376.800	93.032	0.000	0.100	0.100	746.010	376.800	0.000	0.000	5.392	0.000	0.000	0.000	1.000	0.000	0.000	0.000	0.000	0.000	0.000	0.000	0.000	0.000	0.000
3738944923.364	225.114	225.733	225.006	0.000	225.121	294.736	0.000	292.025	0.000	155.000	163.000	0.000	0.000	0.000	0.000	0.000	0.000	0.000	0.000	0.000	0.161	3.876	3.719	15112.908	-376.800	93.403	0.000	0.100	0.100	749.920	376.800	0.000	0.000	5.392	0.000	0.000	0.000	1.000	0.000	0.000	0.000	0.000	0.000	0.000	0.000	0.000	0.000	0.000
3738944933.364	225.115	225.727	224.998	0.000	225.115	294.737	0.000	292.029	0.000	155.000	163.000	0.000	0.000	0.000	0.000	0.000	0.000	0.000	0.000	0.000	-0.142	1.305	6.290	15112.908	-376.800	93.728	0.000	0.100	0.100	742.883	376.800	0.000	0.000	4.878	0.000	0.000	0.000	1.000	0.000	0.000	0.000	0.000	0.000	0.000	0.000	0.000	0.000	0.000
3738944943.364	225.117	225.724	225.008	0.000	225.117	294.723	0.000	292.027	0.000	155.000	163.000	0.000	0.000	0.000	0.000	0.000	0.000	0.000	0.000	0.000	0.161	3.876	1.149	15112.908	-376.800	93.217	0.000	0.100	0.100	749.919	376.800	0.000	0.000	4.363	0.000	0.000	0.000	1.000	0.000	0.000	0.000	0.000	0.000	0.000	0.000	0.000	0.000	0.000
3738944953.364	225.122	225.744	225.008	0.000	225.122	294.733	0.000	292.031	0.000	155.000	163.000	0.000	0.000	0.000	0.000	0.000	0.000	0.000	0.000	0.000	-0.445	-1.266	6.290	15112.908	-376.800	93.449	0.000	0.100	0.100	750.701	376.800	0.000	0.000	4.363	0.000	0.000	0.000	1.000	0.000	0.000	0.000	0.000	0.000	0.000	0.000	0.000	0.000	0.000
3738944963.364	225.112	225.731	225.002	0.000	225.107	294.738	0.000	292.024	0.000	155.000	163.000	0.000	0.000	0.000	0.000	0.000	0.000	0.000	0.000	0.000	0.464	6.446	3.719	15112.908	-376.800	92.985	0.000	0.100	0.100	752.266	376.800	0.000	0.000	3.335	0.000	0.000	0.000	1.000	0.000	0.000	0.000	0.000	0.000	0.000	0.000	0.000	0.000	0.000
3738944973.364	225.120	225.726	225.020	0.000	225.137	294.760	0.000	292.049	0.000	155.000	163.000	0.000	0.000	0.000	0.000	0.000	0.000	0.000	0.000	0.000	0.464	1.305	3.719	14817.524	-376.800	93.542	0.000	0.100	0.100	748.356	376.800	0.000	0.000	3.335	0.000	0.000	0.000	1.000	0.000	0.000	0.000	0.000	0.000	0.000	0.000	0.000	0.000	0.000
3738944983.365	225.110	225.725	225.006	0.000	225.119	294.744	0.000	292.043	0.000	155.000	163.000	0.000	0.000	0.000	0.000	0.000	0.000	0.000	0.000	0.000	0.464	1.305	3.719	15112.908	-376.800	92.940	0.000	0.100	0.100	743.664	376.800	0.000	0.000	2.307	0.000	0.000	0.000	1.000	0.000	0.000	0.000	0.000	0.000	0.000	0.000	0.000	0.000	0.000
3738944993.365	225.091	225.725	225.010	0.000	225.139	294.757	0.000	292.045	0.000	155.000	163.000	0.000	0.000	0.000	0.000	0.000	0.000	0.000	0.000	0.000	0.161	-1.266	3.719	14817.524	-376.800	93.356	0.000	0.100	0.100	747.574	376.800	0.000	0.000	1.792	0.000	0.000	0.000	1.000	0.000	0.000	0.000	0.000	0.000	0.000	0.000	0.000	0.000	0.000
3738945003.364	225.100	225.719	225.015	0.000	225.131	294.739	0.000	292.041	0.000	155.000	163.000	0.000	0.000	0.000	0.000	0.000	0.000	0.000	0.000	0.000	0.464	-1.266	1.149	14817.524	-376.800	92.799	0.000	0.100	0.100	747.574	376.800	0.000	0.000	2.307	0.000	0.000	0.000	1.000	0.000	0.000	0.000	0.000	0.000	0.000	0.000	0.000	0.000	0.000
3738945013.366	225.094	225.717	225.006	0.000	225.132	294.740	0.000	292.051	0.000	155.000	163.000	0.000	0.000	0.000	0.000	0.000	0.000	0.000	0.000	0.000	0.161	1.305	3.719	15112.908	-376.800	94.374	0.000	0.100	0.100	749.919	376.800	0.000	0.000	2.307	0.000	0.000	0.000	1.000	0.000	0.000	0.000	0.000	0.000	0.000	0.000	0.000	0.000	0.000
3738945023.364	225.093	225.726	225.020	0.000	225.131	294.746	0.000	292.054	0.000	155.000	163.000	0.000	0.000	0.000	0.000	0.000	0.000	0.000	0.000	0.000	0.161	1.305	6.290	14817.524	-376.800	93.355	0.000	0.100	0.100	749.919	376.800	0.000	0.000	9.505	0.000	0.000	0.000	1.000	0.000	0.000	0.000	0.000	0.000	0.000	0.000	0.000	0.000	0.000
3738945033.364	225.122	225.740	225.028	0.000	225.133	294.748	0.000	292.042	0.000	155.000	163.000	0.000	0.000	0.000	0.000	0.000	0.000	0.000	0.000	0.000	0.161	3.876	3.719	15112.908	-376.800	93.679	0.000	0.100	0.100	745.228	376.800	0.000	0.000	11.048	0.000	0.000	0.000	1.000	0.000	0.000	0.000	0.000	0.000	0.000	0.000	0.000	0.000	0.000
3738945043.366	225.133	225.741	225.037	0.000	225.148	294.761	0.000	292.051	0.000	155.000	163.000	0.000	0.000	0.000	0.000	0.000	0.000	0.000	0.000	0.000	0.161	1.305	1.149	15414.181	-376.800	92.752	0.000	0.100	0.100	739.754	376.800	0.000	0.000	10.534	0.000	0.000	0.000	1.000	0.000	0.000	0.000	0.000	0.000	0.000	0.000	0.000	0.000	0.000
3738945053.365	225.118	225.738	225.020	0.000	225.137	294.743	0.000	292.045	0.000	155.000	163.000	0.000	0.000	0.000	0.000	0.000	0.000	0.000	0.000	0.000	-0.142	3.876	6.290	14527.913	-376.800	92.845	0.000	0.100	0.100	740.537	376.800	0.000	0.000	9.505	0.000	0.000	0.000	1.000	0.000	0.000	0.000	0.000	0.000	0.000	0.000	0.000	0.000	0.000
3738945063.364	225.117	225.732	225.016	0.000	225.159	294.746	0.000	292.054	0.000	155.000	163.000	0.000	0.000	0.000	0.000	0.000	0.000	0.000	0.000	0.000	0.161	1.305	1.149	15112.908	-376.800	92.752	0.000	0.100	0.100	749.919	376.800	0.000	0.000	9.505	0.000	0.000	0.000	1.000	0.000	0.000	0.000	0.000	0.000	0.000	0.000	0.000	0.000	0.000
3738945073.365	225.119	225.741	225.030	0.000	225.149	294.747	0.000	292.061	0.000	155.000	163.000	0.000	0.000	0.000	0.000	0.000	0.000	0.000	0.000	0.000	-0.142	3.876	6.290	15112.908	-376.800	92.892	0.000	0.100	0.100	746.010	376.800	0.000	0.000	9.505	0.000	0.000	0.000	1.000	0.000	0.000	0.000	0.000	0.000	0.000	0.000	0.000	0.000	0.000
3738945083.365	225.129	225.754	225.040	0.000	225.165	294.740	0.000	292.058	0.000	155.000	163.000	0.000	0.000	0.000	0.000	0.000	0.000	0.000	0.000	0.000	0.464	-1.266	6.290	15414.181	-376.800	93.959	0.000	0.100	0.100	749.138	376.800	0.000	0.000	8.477	0.000	0.000	0.000	1.000	0.000	0.000	0.000	0.000	0.000	0.000	0.000	0.000	0.000	0.000
3738945093.364	225.151	225.777	225.054	0.000	225.173	294.745	0.000	292.066	0.000	155.000	163.000	0.000	0.000	0.000	0.000	0.000	0.000	0.000	0.000	0.000	0.161	3.876	3.719	14817.524	-376.800	93.589	0.000	0.100	0.100	746.010	376.800	0.000	0.000	8.477	0.000	0.000	0.000	1.000	0.000	0.000	0.000	0.000	0.000	0.000	0.000	0.000	0.000	0.000
3738945103.365	225.172	225.770	225.061	0.000	225.177	294.751	0.000	292.070	0.000	155.000	163.000	0.000	0.000	0.000	0.000	0.000	0.000	0.000	0.000	0.000	0.161	1.305	6.290	15112.908	-376.800	93.124	0.000	0.100	0.100	752.265	376.800	0.000	0.000	7.449	0.000	0.000	0.000	1.000	0.000	0.000	0.000	0.000	0.000	0.000	0.000	0.000	0.000	0.000
3738945113.364	225.157	225.776	225.057	0.000	225.164	294.749	0.000	292.052	0.000	155.000	163.000	0.000	0.000	0.000	0.000	0.000	0.000	0.000	0.000	0.000	0.161	3.876	6.290	14817.524	-376.800	93.169	0.000	0.100	0.100	748.356	376.800	0.000	0.000	7.449	0.000	0.000	0.000	1.000	0.000	0.000	0.000	0.000	0.000	0.000	0.000	0.000	0.000	0.000
3738945123.365	225.170	225.760	225.054	0.000	225.171	294.740	0.000	292.062	0.000	155.000	163.000	0.000	0.000	0.000	0.000	0.000	0.000	0.000	0.000	0.000	0.161	3.876	1.149	15112.908	-376.800	93.308	0.000	0.100	0.100	747.574	376.800	0.000	0.000	6.934	0.000	0.000	0.000	1.000	0.000	0.000	0.000	0.000	0.000	0.000	0.000	0.000	0.000	0.000
3738945133.365	225.149	225.758	225.042	0.000	225.155	294.732	0.000	292.055	0.000	155.000	163.000	0.000	0.000	0.000	0.000	0.000	0.000	0.000	0.000	0.000	0.464	1.305	1.149	14817.524	-376.800	93.215	0.000	0.100	0.100	743.664	376.800	0.000	0.000	7.449	0.000	0.000	0.000	1.000	0.000	0.000	0.000	0.000	0.000	0.000	0.000	0.000	0.000	0.000
3738945143.364	225.148	225.760	225.038	0.000	225.163	294.734	0.000	292.063	0.000	155.000	163.000	0.000	0.000	0.000	0.000	0.000	0.000	0.000	0.000	0.000	0.161	1.305	3.719	15112.908	-376.800	93.911	0.000	0.100	0.100	750.701	376.800	0.000	0.000	6.420	0.000	0.000	0.000	1.000	0.000	0.000	0.000	0.000	0.000	0.000	0.000	0.000	0.000	0.000
3738945153.364	225.127	225.750	225.032	0.000	225.151	294.730	0.000	292.073	0.000	155.000	163.000	0.000	0.000	0.000	0.000	0.000	0.000	0.000	0.000	0.000	0.161	3.876	3.719	14817.524	-376.800	94.189	0.000	0.100	0.100	749.919	376.800	0.000	0.000	5.906	0.000	0.000	0.000	1.000	0.000	0.000	0.000	0.000	0.000	0.000	0.000	0.000	0.000	0.000
3738945163.366	225.137	225.744	225.042	0.000	225.174	294.742	0.000	292.073	0.000	155.000	163.000	0.000	0.000	0.000	0.000	0.000	0.000	0.000	0.000	0.000	-0.142	1.305	6.290	15112.908	-376.800	93.262	0.000	0.100	0.100	747.574	376.800	0.000	0.000	5.392	0.000	0.000	0.000	1.000	0.000	0.000	0.000	0.000	0.000	0.000	0.000	0.000	0.000	0.000
3738945173.364	225.124	225.754	225.050	0.000	225.171	294.732	0.000	292.078	0.000	155.000	163.000	0.000	0.000	0.000	0.000	0.000	0.000	0.000	0.000	0.000	0.464	1.305	6.290	15112.908	-376.800	92.429	0.000	0.100	0.100	750.702	376.800	0.000	0.000	4.363	0.000	0.000	0.000	1.000	0.000	0.000	0.000	0.000	0.000	0.000	0.000	0.000	0.000	0.000
3738945183.366	225.141	225.763	225.056	0.000	225.170	294.737	0.000	292.081	0.000	155.000	163.000	0.000	0.000	0.000	0.000	0.000	0.000	0.000	0.000	0.000	-0.142	3.876	3.719	14817.524	-376.800	93.727	0.000	0.100	0.100	748.356	376.800	0.000	0.000	4.878	0.000	0.000	0.000	1.000	0.000	0.000	0.000	0.000	0.000	0.000	0.000	0.000	0.000	0.000
3738945193.365	225.137	225.775	225.062	0.000	225.178	294.745	0.000	292.073	0.000	155.000	163.000	0.000	0.000	0.000	0.000	0.000	0.000	0.000	0.000	0.000	-0.142	1.305	6.290	14817.524	-376.800	93.125	0.000	0.100	0.100	746.792	376.800	0.000	0.000	4.363	0.000	0.000	0.000	1.000	0.000	0.000	0.000	0.000	0.000	0.000	0.000	0.000	0.000	0.000
3738945203.364	225.162	225.769	225.062	0.000	225.191	294.738	0.000	292.082	0.000	155.000	163.000	0.000	0.000	0.000	0.000	0.000	0.000	0.000	0.000	0.000	0.161	3.876	3.719	14817.524	-376.800	92.939	0.000	0.100	0.100	749.919	376.800	0.000	0.000	3.849	0.000	0.000	0.000	1.000	0.000	0.000	0.000	0.000	0.000	0.000	0.000	0.000	0.000	0.000
3738945213.364	225.161	225.774	225.075	0.000	225.187	294.730	0.000	292.084	0.000	155.000	163.000	0.000	0.000	0.000	0.000	0.000	0.000	0.000	0.000	0.000	0.161	1.305	3.719	14817.524	-376.800	93.123	0.000	0.100	0.100	746.010	376.800	0.000	0.000	3.849	0.000	0.000	0.000	1.000	0.000	0.000	0.000	0.000	0.000	0.000	0.000	0.000	0.000	0.000
3738945223.365	225.168	225.770	225.071	0.000	225.184	294.727	0.000	292.084	0.000	155.000	163.000	0.000	0.000	0.000	0.000	0.000	0.000	0.000	0.000	0.000	0.161	3.876	3.719	14817.524	-376.800	92.520	0.000	0.100	0.100	750.702	376.800	0.000	0.000	2.821	0.000	0.000	0.000	1.000	0.000	0.000	0.000	0.000	0.000	0.000	0.000	0.000	0.000	0.000
3738945233.365	225.150	225.760	225.063	0.000	225.166	294.735	0.000	292.091	0.000	155.000	163.000	0.000	0.000	0.000	0.000	0.000	0.000	0.000	0.000	0.000	-0.142	-1.266	3.719	15112.908	-376.800	92.474	0.000	0.100	0.100	739.755	376.800	0.000	0.000	2.307	0.000	0.000	0.000	1.000	0.000	0.000	0.000	0.000	0.000	0.000	0.000	0.000	0.000	0.000
3738945243.365	225.150	225.773	225.060	0.000	225.180	294.729	0.000	292.086	0.000	155.000	163.000	0.000	0.000	0.000	0.000	0.000	0.000	0.000	0.000	0.000	-0.142	-1.266	6.290	14817.524	-376.800	93.588	0.000	0.100	0.100	750.702	376.800	0.000	0.000	2.307	0.000	0.000	0.000	1.000	0.000	0.000	0.000	0.000	0.000	0.000	0.000	0.000	0.000	0.000
3738945253.364	225.180	225.799	225.091	0.000	225.203	294.739	0.000	292.096	0.000	155.000	163.000	0.000	0.000	0.000	0.000	0.000	0.000	0.000	0.000	0.000	-0.142	-1.266	1.149	15112.908	-376.800	93.681	0.000	0.100	0.100	750.701	376.800	0.000	0.000	1.792	0.000	0.000	0.000	1.000	0.000	0.000	0.000	0.000	0.000	0.000	0.000	0.000	0.000	0.000
3738945263.364	225.185	225.798	225.083	0.000	225.192	294.737	0.000	292.086	0.000	155.000	163.000	0.000	0.000	0.000	0.000	0.000	0.000	0.000	0.000	0.000	0.161	3.876	3.719	14817.524	-376.800	92.569	0.000	0.100	0.100	743.664	376.800	0.000	0.000	4.363	0.000	0.000	0.000	1.000	0.000	0.000	0.000	0.000	0.000	0.000	0.000	0.000	0.000	0.000
3738945273.364	225.177	225.779	225.058	0.000	225.185	294.728	0.000	292.078	0.000	155.000	163.000	0.000	0.000	0.000	0.000	0.000	0.000	0.000	0.000	0.000	-0.142	3.876	8.861	15112.908	-376.800	92.893	0.000	0.100	0.100	747.574	376.800	0.000	0.000	11.562	0.000	0.000	0.000	1.000	0.000	0.000	0.000	0.000	0.000	0.000	0.000	0.000	0.000	0.000
3738945283.365	225.170	225.787	225.085	0.000	225.176	294.729	0.000	292.080	0.000	155.000	163.000	0.000	0.000	0.000	0.000	0.000	0.000	0.000	0.000	0.000	0.161	1.305	3.719	14817.524	-376.800	93.171	0.000	0.100	0.100	746.792	376.800	0.000	0.000	10.020	0.000	0.000	0.000	1.000	0.000	0.000	0.000	0.000	0.000	0.000	0.000	0.000	0.000	0.000
3738945293.365	225.169	225.786	225.077	0.000	225.186	294.737	0.000	292.074	0.000	155.000	163.000	0.000	0.000	0.000	0.000	0.000	0.000	0.000	0.000	0.000	0.464	3.876	1.149	15112.908	-376.800	93.449	0.000	0.100	0.100	741.319	376.800	0.000	0.000	10.020	0.000	0.000	0.000	1.000	0.000	0.000	0.000	0.000	0.000	0.000	0.000	0.000	0.000	0.000
3738945303.365	225.182	225.791	225.076	0.000	225.194	294.732	0.000	292.080	0.000	155.000	163.000	0.000	0.000	0.000	0.000	0.000	0.000	0.000	0.000	0.000	-0.142	3.876	3.719	15112.908	-376.800	93.403	0.000	0.100	0.100	747.574	376.800	0.000	0.000	8.991	0.000	0.000	0.000	1.000	0.000	0.000	0.000	0.000	0.000	0.000	0.000	0.000	0.000	0.000
3738945313.366	225.191	225.799	225.076	0.000	225.193	294.739	0.000	292.083	0.000	155.000	163.000	0.000	0.000	0.000	0.000	0.000	0.000	0.000	0.000	0.000	-0.142	3.876	3.719	14817.524	-376.800	93.959	0.000	0.100	0.100	745.228	376.800	0.000	0.000	9.505	0.000	0.000	0.000	1.000	0.000	0.000	0.000	0.000	0.000	0.000	0.000	0.000	0.000	0.000
3738945323.364	225.198	225.815	225.089	0.000	225.225	294.744	0.000	292.093	0.000	155.000	163.000	0.000	0.000	0.000	0.000	0.000	0.000	0.000	0.000	0.000	-0.142	1.305	6.290	14527.913	-376.800	93.216	0.000	0.100	0.100	739.755	376.800	0.000	0.000	8.991	0.000	0.000	0.000	1.000	0.000	0.000	0.000	0.000	0.000	0.000	0.000	0.000	0.000	0.000
3738945333.365	225.233	225.827	225.102	0.000	225.220	294.745	0.000	292.095	0.000	155.000	163.000	0.000	0.000	0.000	0.000	0.000	0.000	0.000	0.000	0.000	-0.142	1.305	3.719	15112.908	-376.800	93.633	0.000	0.100	0.100	745.228	376.800	0.000	0.000	8.477	0.000	0.000	0.000	1.000	0.000	0.000	0.000	0.000	0.000	0.000	0.000	0.000	0.000	0.000
3738945343.364	225.215	225.814	225.100	0.000	225.207	294.741	0.000	292.085	0.000	155.000	163.000	0.000	0.000	0.000	0.000	0.000	0.000	0.000	0.000	0.000	0.161	6.446	3.719	14817.524	-376.800	92.427	0.000	0.100	0.100	736.627	376.800	0.000	0.000	7.963	0.000	0.000	0.000	1.000	0.000	0.000	0.000	0.000	0.000	0.000	0.000	0.000	0.000	0.000
3738945353.365	225.227	225.834	225.117	0.000	225.224	294.738	0.000	292.095	0.000	155.000	163.000	0.000	0.000	0.000	0.000	0.000	0.000	0.000	0.000	0.000	0.161	3.876	3.719	14527.913	-376.800	93.354	0.000	0.100	0.100	749.137	376.800	0.000	0.000	7.449	0.000	0.000	0.000	1.000	0.000	0.000	0.000	0.000	0.000	0.000	0.000	0.000	0.000	0.000
3738945363.365	225.229	225.834	225.106	0.000	225.220	294.727	0.000	292.092	0.000	155.000	163.000	0.000	0.000	0.000	0.000	0.000	0.000	0.000	0.000	0.000	0.161	3.876	3.719	14817.524	-376.800	93.864	0.000	0.100	0.100	747.573	376.800	0.000	0.000	6.934	0.000	0.000	0.000	1.000	0.000	0.000	0.000	0.000	0.000	0.000	0.000	0.000	0.000	0.000
3738945373.365	225.234	225.835	225.105	0.000	225.213	294.719	0.000	292.089	0.000	155.000	163.000	0.000	0.000	0.000	0.000	0.000	0.000	0.000	0.000	0.000	0.161	-1.266	6.290	14817.524	-376.800	94.143	0.000	0.100	0.100	742.100	376.800	0.000	0.000	6.420	0.000	0.000	0.000	1.000	0.000	0.000	0.000	0.000	0.000	0.000	0.000	0.000	0.000	0.000
3738945383.364	225.225	225.832	225.104	0.000	225.216	294.708	0.000	292.089	0.000	155.000	163.000	0.000	0.000	0.000	0.000	0.000	0.000	0.000	0.000	0.000	-0.142	1.305	6.290	14817.524	-376.800	93.633	0.000	0.100	0.100	746.010	376.800	0.000	0.000	6.420	0.000	0.000	0.000	1.000	0.000	0.000	0.000	0.000	0.000	0.000	0.000	0.000	0.000	0.000
3738945393.365	225.220	225.826	225.096	0.000	225.215	294.702	0.000	292.095	0.000	155.000	163.000	0.000	0.000	0.000	0.000	0.000	0.000	0.000	0.000	0.000	-0.142	1.305	3.719	15112.908	-376.800	93.077	0.000	0.100	0.100	756.957	376.800	0.000	0.000	6.420	0.000	0.000	0.000	1.000	0.000	0.000	0.000	0.000	0.000	0.000	0.000	0.000	0.000	0.000
3738945403.365	225.196	225.801	225.081	0.000	225.200	294.669	0.000	292.094	0.000	155.000	163.000	0.000	0.000	0.000	0.000	0.000	0.000	0.000	0.000	0.000	-0.142	3.876	3.719	15112.908	-376.800	93.773	0.000	0.100	0.100	742.883	376.800	0.000	0.000	5.392	0.000	0.000	0.000	1.000	0.000	0.000	0.000	0.000	0.000	0.000	0.000	0.000	0.000	0.000
3738945413.365	225.196	225.820	225.092	0.000	225.215	294.683	0.000	292.095	0.000	155.000	163.000	0.000	0.000	0.000	0.000	0.000	0.000	0.000	0.000	0.000	-0.142	1.305	6.290	14817.524	-376.800	93.125	0.000	0.100	0.100	741.319	376.800	0.000	0.000	5.906	0.000	0.000	0.000	1.000	0.000	0.000	0.000	0.000	0.000	0.000	0.000	0.000	0.000	0.000
3738945423.364	225.207	225.822	225.111	0.000	225.217	294.685	0.000	292.104	0.000	155.000	163.000	0.000	0.000	0.000	0.000	0.000	0.000	0.000	0.000	0.000	-0.142	3.876	6.290	15112.908	-376.800	93.495	0.000	0.100	0.100	747.574	376.800	0.000	0.000	4.878	0.000	0.000	0.000	1.000	0.000	0.000	0.000	0.000	0.000	0.000	0.000	0.000	0.000	0.000
3738945433.364	225.222	225.826	225.106	0.000	225.225	294.701	0.000	292.109	0.000	155.000	163.000	0.000	0.000	0.000	0.000	0.000	0.000	0.000	0.000	0.000	0.161	-1.266	1.149	14817.524	-376.800	93.588	0.000	0.100	0.100	744.446	376.800	0.000	0.000	4.878	0.000	0.000	0.000	1.000	0.000	0.000	0.000	0.000	0.000	0.000	0.000	0.000	0.000	0.000
3738945443.365	225.201	225.816	225.101	0.000	225.214	294.695	0.000	292.093	0.000	155.000	163.000	0.000	0.000	0.000	0.000	0.000	0.000	0.000	0.000	0.000	0.464	6.446	3.719	14817.524	-376.800	93.588	0.000	0.100	0.100	746.792	376.800	0.000	0.000	4.878	0.000	0.000	0.000	1.000	0.000	0.000	0.000	0.000	0.000	0.000	0.000	0.000	0.000	0.000
3738945453.364	225.222	225.836	225.111	0.000	225.225	294.699	0.000	292.099	0.000	155.000	163.000	0.000	0.000	0.000	0.000	0.000	0.000	0.000	0.000	0.000	0.464	3.876	3.719	15112.908	-376.800	93.728	0.000	0.100	0.100	752.265	376.800	0.000	0.000	3.335	0.000	0.000	0.000	1.000	0.000	0.000	0.000	0.000	0.000	0.000	0.000	0.000	0.000	0.000
3738945463.364	225.231	225.840	225.112	0.000	225.231	294.706	0.000	292.100	0.000	155.000	163.000	0.000	0.000	0.000	0.000	0.000	0.000	0.000	0.000	0.000	-0.142	1.305	6.290	14817.524	-376.800	93.588	0.000	0.100	0.100	748.356	376.800	0.000	0.000	2.821	0.000	0.000	0.000	1.000	0.000	0.000	0.000	0.000	0.000	0.000	0.000	0.000	0.000	0.000
3738945473.365	225.222	225.824	225.108	0.000	225.221	294.697	0.000	292.103	0.000	155.000	163.000	0.000	0.000	0.000	0.000	0.000	0.000	0.000	0.000	0.000	-0.142	1.305	1.149	14817.524	-376.800	93.449	0.000	0.100	0.100	742.882	376.800	0.000	0.000	2.307	0.000	0.000	0.000	1.000	0.000	0.000	0.000	0.000	0.000	0.000	0.000	0.000	0.000	0.000
3738945483.365	225.209	225.831	225.111	0.000	225.231	294.705	0.000	292.107	0.000	155.000	163.000	0.000	0.000	0.000	0.000	0.000	0.000	0.000	0.000	0.000	-0.142	3.876	3.719	14817.524	-376.800	92.846	0.000	0.100	0.100	757.739	376.800	0.000	0.000	2.307	0.000	0.000	0.000	1.000	0.000	0.000	0.000	0.000	0.000	0.000	0.000	0.000	0.000	0.000
3738945493.364	225.195	225.833	225.115	0.000	225.237	294.705	0.000	292.106	0.000	155.000	163.000	0.000	0.000	0.000	0.000	0.000	0.000	0.000	0.000	0.000	0.161	1.305	3.719	15112.908	-376.800	93.449	0.000	0.100	0.100	747.574	376.800	0.000	0.000	1.792	0.000	0.000	0.000	1.000	0.000	0.000	0.000	0.000	0.000	0.000	0.000	0.000	0.000	0.000
3738945503.364	225.235	225.858	225.125	0.000	225.252	294.708	0.000	292.115	0.000	155.000	163.000	0.000	0.000	0.000	0.000	0.000	0.000	0.000	0.000	0.000	0.464	-1.266	6.290	14817.524	-376.800	93.403	0.000	0.100	0.100	753.829	376.800	0.000	0.000	1.278	0.000	0.000	0.000	1.000	0.000	0.000	0.000	0.000	0.000	0.000	0.000	0.000	0.000	0.000
3738945513.364	225.258	225.850	225.130	0.000	225.259	294.723	0.000	292.114	0.000	155.000	163.000	0.000	0.000	0.000	0.000	0.000	0.000	0.000	0.000	0.000	-0.445	3.876	8.861	14817.524	-376.800	93.495	0.000	0.100	0.100	742.101	376.800	0.000	0.000	10.534	0.000	0.000	0.000	1.000	0.000	0.000	0.000	0.000	0.000	0.000	0.000	0.000	0.000	0.000
3738945523.364	225.258	225.864	225.152	0.000	225.266	294.713	0.000	292.108	0.000	155.000	163.000	0.000	0.000	0.000	0.000	0.000	0.000	0.000	0.000	0.000	-0.142	1.305	6.290	14527.913	-376.800	93.448	0.000	0.100	0.100	747.573	376.800	0.000	0.000	10.534	0.000	0.000	0.000	1.000	0.000	0.000	0.000	0.000	0.000	0.000	0.000	0.000	0.000	0.000
3738945533.365	225.246	225.857	225.140	0.000	225.252	294.722	0.000	292.107	0.000	155.000	163.000	0.000	0.000	0.000	0.000	0.000	0.000	0.000	0.000	0.000	0.161	1.305	3.719	14817.524	-376.800	92.846	0.000	0.100	0.100	743.664	376.800	0.000	0.000	10.020	0.000	0.000	0.000	1.000	0.000	0.000	0.000	0.000	0.000	0.000	0.000	0.000	0.000	0.000
3738945543.365	225.224	225.829	225.118	0.000	225.234	294.707	0.000	292.106	0.000	155.000	163.000	0.000	0.000	0.000	0.000	0.000	0.000	0.000	0.000	0.000	0.161	3.876	6.290	14817.524	-376.800	93.031	0.000	0.100	0.100	746.791	376.800	0.000	0.000	9.505	0.000	0.000	0.000	1.000	0.000	0.000	0.000	0.000	0.000	0.000	0.000	0.000	0.000	0.000
3738945553.365	225.214	225.822	225.108	0.000	225.233	294.711	0.000	292.105	0.000	155.000	163.000	0.000	0.000	0.000	0.000	0.000	0.000	0.000	0.000	0.000	-0.142	1.305	6.290	15112.908	-376.800	93.541	0.000	0.100	0.100	742.882	376.800	0.000	0.000	9.505	0.000	0.000	0.000	1.000	0.000	0.000	0.000	0.000	0.000	0.000	0.000	0.000	0.000	0.000
3738945563.365	225.215	225.828	225.110	0.000	225.240	294.695	0.000	292.106	0.000	155.000	163.000	0.000	0.000	0.000	0.000	0.000	0.000	0.000	0.000	0.000	-0.142	-1.266	6.290	14817.524	-376.800	93.079	0.000	0.100	0.100	740.537	376.800	0.000	0.000	8.477	0.000	0.000	0.000	1.000	0.000	0.000	0.000	0.000	0.000	0.000	0.000	0.000	0.000	0.000
3738945573.364	225.220	225.829	225.110	0.000	225.231	294.706	0.000	292.108	0.000	155.000	163.000	0.000	0.000	0.000	0.000	0.000	0.000	0.000	0.000	0.000	-0.142	3.876	3.719	15112.908	-376.800	92.985	0.000	0.100	0.100	742.883	376.800	0.000	0.000	8.477	0.000	0.000	0.000	1.000	0.000	0.000	0.000	0.000	0.000	0.000	0.000	0.000	0.000	0.000
3738945583.366	225.207	225.838	225.120	0.000	225.240	294.717	0.000	292.108	0.000	155.000	163.000	0.000	0.000	0.000	0.000	0.000	0.000	0.000	0.000	0.000	-0.445	1.305	6.290	14817.524	-376.800	93.031	0.000	0.100	0.100	746.010	376.800	0.000	0.000	7.963	0.000	0.000	0.000	1.000	0.000	0.000	0.000	0.000	0.000	0.000	0.000	0.000	0.000	0.000
3738945593.364	225.228	225.854	225.139	0.000	225.250	294.712	0.000	292.105	0.000	155.000	163.000	0.000	0.000	0.000	0.000	0.000	0.000	0.000	0.000	0.000	-0.142	3.876	3.719	15112.908	-376.800	93.447	0.000	0.100	0.100	738.191	376.800	0.000	0.000	7.449	0.000	0.000	0.000	1.000	0.000	0.000	0.000	0.000	0.000	0.000	0.000	0.000	0.000	0.000
3738945603.366	225.248	225.860	225.137	0.000	225.243	294.734	0.000	292.125	0.000	155.000	163.000	0.000	0.000	0.000	0.000	0.000	0.000	0.000	0.000	0.000	0.161	3.876	3.719	14527.913	-376.800	92.706	0.000	0.100	0.100	744.446	376.800	0.000	0.000	7.963	0.000	0.000	0.000	1.000	0.000	0.000	0.000	0.000	0.000	0.000	0.000	0.000	0.000	0.000
3738945613.365	225.225	225.854	225.127	0.000	225.241	294.721	0.000	292.123	0.000	155.000	163.000	0.000	0.000	0.000	0.000	0.000	0.000	0.000	0.000	0.000	0.161	3.876	3.719	14817.524	-376.800	92.938	0.000	0.100	0.100	741.319	376.800	0.000	0.000	6.934	0.000	0.000	0.000	1.000	0.000	0.000	0.000	0.000	0.000	0.000	0.000	0.000	0.000	0.000
3738945623.364	225.223	225.844	225.121	0.000	225.234	294.715	0.000	292.121	0.000	155.000	163.000	0.000	0.000	0.000	0.000	0.000	0.000	0.000	0.000	0.000	-0.142	3.876	8.861	14817.524	-376.800	93.125	0.000	0.100	0.100	753.829	376.800	0.000	0.000	6.420	0.000	0.000	0.000	1.000	0.000	0.000	0.000	0.000	0.000	0.000	0.000	0.000	0.000	0.000
3738945633.365	225.224	225.832	225.121	0.000	225.231	294.729	0.000	292.128	0.000	155.000	163.000	0.000	0.000	0.000	0.000	0.000	0.000	0.000	0.000	0.000	0.161	1.305	8.861	14817.524	-376.800	92.892	0.000	0.100	0.100	745.228	376.800	0.000	0.000	6.420	0.000	0.000	0.000	1.000	0.000	0.000	0.000	0.000	0.000	0.000	0.000	0.000	0.000	0.000
3738945643.364	225.192	225.817	225.112	0.000	225.230	294.723	0.000	292.119	0.000	155.000	163.000	0.000	0.000	0.000	0.000	0.000	0.000	0.000	0.000	0.000	-0.142	1.305	8.861	14817.524	-376.800	92.566	0.000	0.100	0.100	742.882	376.800	0.000	0.000	5.392	0.000	0.000	0.000	1.000	0.000	0.000	0.000	0.000	0.000	0.000	0.000	0.000	0.000	0.000
3738945653.365	225.229	225.854	225.144	0.000	225.262	294.736	0.000	292.127	0.000	155.000	163.000	0.000	0.000	0.000	0.000	0.000	0.000	0.000	0.000	0.000	-0.142	1.305	3.719	15112.908	-376.800	93.773	0.000	0.100	0.100	751.483	376.800	0.000	0.000	5.392	0.000	0.000	0.000	1.000	0.000	0.000	0.000	0.000	0.000	0.000	0.000	0.000	0.000	0.000
3738945663.366	225.244	225.857	225.145	0.000	225.262	294.739	0.000	292.126	0.000	155.000	163.000	0.000	0.000	0.000	0.000	0.000	0.000	0.000	0.000	0.000	-0.142	1.305	6.290	14817.524	-376.800	93.774	0.000	0.100	0.100	740.537	376.800	0.000	0.000	4.878	0.000	0.000	0.000	1.000	0.000	0.000	0.000	0.000	0.000	0.000	0.000	0.000	0.000	0.000
3738945673.366	225.252	225.868	225.158	0.000	225.270	294.756	0.000	292.111	0.000	155.000	163.000	0.000	0.000	0.000	0.000	0.000	0.000	0.000	0.000	0.000	-0.142	3.876	6.290	14817.524	-376.800	93.774	0.000	0.100	0.100	751.483	376.800	0.000	0.000	3.849	0.000	0.000	0.000	1.000	0.000	0.000	0.000	0.000	0.000	0.000	0.000	0.000	0.000	0.000
3738945683.364	225.265	225.870	225.152	0.000	225.271	294.752	0.000	292.123	0.000	155.000	163.000	0.000	0.000	0.000	0.000	0.000	0.000	0.000	0.000	0.000	0.464	3.876	3.719	14527.913	-376.800	93.124	0.000	0.100	0.100	742.882	376.800	0.000	0.000	3.849	0.000	0.000	0.000	1.000	0.000	0.000	0.000	0.000	0.000	0.000	0.000	0.000	0.000	0.000
3738945693.365	225.253	225.856	225.162	0.000	225.263	294.763	0.000	292.118	0.000	155.000	163.000	0.000	0.000	0.000	0.000	0.000	0.000	0.000	0.000	0.000	0.161	1.305	3.719	14817.524	-376.800	93.077	0.000	0.100	0.100	747.573	376.800	0.000	0.000	3.849	0.000	0.000	0.000	1.000	0.000	0.000	0.000	0.000	0.000	0.000	0.000	0.000	0.000	0.000
3738945703.365	225.273	225.880	225.156	0.000	225.272	294.761	0.000	292.122	0.000	155.000	163.000	0.000	0.000	0.000	0.000	0.000	0.000	0.000	0.000	0.000	0.161	1.305	6.290	15112.908	-376.800	93.216	0.000	0.100	0.100	743.664	376.800	0.000	0.000	3.335	0.000	0.000	0.000	1.000	0.000	0.000	0.000	0.000	0.000	0.000	0.000	0.000	0.000	0.000
3738945713.364	225.300	225.904	225.178	0.000	225.282	294.753	0.000	292.119	0.000	155.000	163.000	0.000	0.000	0.000	0.000	0.000	0.000	0.000	0.000	0.000	-0.142	1.305	6.290	14817.524	-376.800	93.447	0.000	0.100	0.100	753.829	376.800	0.000	0.000	2.821	0.000	0.000	0.000	1.000	0.000	0.000	0.000	0.000	0.000	0.000	0.000	0.000	0.000	0.000
3738945723.366	225.297	225.897	225.171	0.000	225.281	294.755	0.000	292.117	0.000	155.000	163.000	0.000	0.000	0.000	0.000	0.000	0.000	0.000	0.000	0.000	0.161	1.305	3.719	14817.524	-376.800	93.494	0.000	0.100	0.100	746.792	376.800	0.000	0.000	2.821	0.000	0.000	0.000	1.000	0.000	0.000	0.000	0.000	0.000	0.000	0.000	0.000	0.000	0.000
3738945733.364	225.298	225.904	225.166	0.000	225.278	294.754	0.000	292.130	0.000	155.000	163.000	0.000	0.000	0.000	0.000	0.000	0.000	0.000	0.000	0.000	-0.142	3.876	3.719	14527.913	-376.800	92.798	0.000	0.100	0.100	738.973	376.800	0.000	0.000	2.307	0.000	0.000	0.000	1.000	0.000	0.000	0.000	0.000	0.000	0.000	0.000	0.000	0.000	0.000
3738945743.366	225.290	225.910	225.173	0.000	225.296	294.779	0.000	292.135	0.000	155.000	163.000	0.000	0.000	0.000	0.000	0.000	0.000	0.000	0.000	0.000	-0.142	-1.266	3.719	14527.913	-376.800	93.540	0.000	0.100	0.100	750.701	376.800	0.000	0.000	2.307	0.000	0.000	0.000	1.000	0.000	0.000	0.000	0.000	0.000	0.000	0.000	0.000	0.000	0.000
3738945753.366	225.265	225.872	225.151	0.000	225.281	294.753	0.000	292.126	0.000	155.000	163.000	0.000	0.000	0.000	0.000	0.000	0.000	0.000	0.000	0.000	0.161	1.305	3.719	15112.908	-376.800	92.845	0.000	0.100	0.100	746.010	376.800	0.000	0.000	7.963	0.000	0.000	0.000	1.000	0.000	0.000	0.000	0.000	0.000	0.000	0.000	0.000	0.000	0.000
3738945763.366	225.252	225.869	225.146	0.000	225.259	294.748	0.000	292.125	0.000	155.000	163.000	0.000	0.000	0.000	0.000	0.000	0.000	0.000	0.000	0.000	-0.142	3.876	3.719	14817.524	-376.800	93.355	0.000	0.100	0.100	749.919	376.800	0.000	0.000	11.048	0.000	0.000	0.000	1.000	0.000	0.000	0.000	0.000	0.000	0.000	0.000	0.000	0.000	0.000
3738945773.365	225.247	225.869	225.140	0.000	225.275	294.745	0.000	292.129	0.000	155.000	163.000	0.000	0.000	0.000	0.000	0.000	0.000	0.000	0.000	0.000	0.161	3.876	3.719	15112.908	-376.800	92.938	0.000	0.100	0.100	742.882	376.800	0.000	0.000	10.534	0.000	0.000	0.000	1.000	0.000	0.000	0.000	0.000	0.000	0.000	0.000	0.000	0.000	0.000
3738945783.364	225.241	225.874	225.148	0.000	225.258	294.753	0.000	292.131	0.000	155.000	163.000	0.000	0.000	0.000	0.000	0.000	0.000	0.000	0.000	0.000	0.161	1.305	3.719	14817.524	-376.800	93.170	0.000	0.100	0.100	740.537	376.800	0.000	0.000	9.505	0.000	0.000	0.000	1.000	0.000	0.000	0.000	0.000	0.000	0.000	0.000	0.000	0.000	0.000
3738945793.364	225.244	225.870	225.145	0.000	225.266	294.747	0.000	292.137	0.000	155.000	163.000	0.000	0.000	0.000	0.000	0.000	0.000	0.000	0.000	0.000	-0.142	-1.266	3.719	15112.908	-376.800	92.986	0.000	0.100	0.100	748.356	376.800	0.000	0.000	9.505	0.000	0.000	0.000	1.000	0.000	0.000	0.000	0.000	0.000	0.000	0.000	0.000	0.000	0.000
3738945803.365	225.226	225.859	225.143	0.000	225.269	294.762	0.000	292.142	0.000	155.000	163.000	0.000	0.000	0.000	0.000	0.000	0.000	0.000	0.000	0.000	0.161	6.446	6.290	14243.963	-376.800	93.264	0.000	0.100	0.100	746.792	376.800	0.000	0.000	8.991	0.000	0.000	0.000	1.000	0.000	0.000	0.000	0.000	0.000	0.000	0.000	0.000	0.000	0.000
3738945813.364	225.237	225.867	225.151	0.000	225.279	294.740	0.000	292.148	0.000	155.000	163.000	0.000	0.000	0.000	0.000	0.000	0.000	0.000	0.000	0.000	0.161	3.876	1.149	15112.908	-376.800	93.681	0.000	0.100	0.100	742.882	376.800	0.000	0.000	7.963	0.000	0.000	0.000	1.000	0.000	0.000	0.000	0.000	0.000	0.000	0.000	0.000	0.000	0.000
3738945823.364	225.229	225.857	225.143	0.000	225.262	294.748	0.000	292.136	0.000	155.000	163.000	0.000	0.000	0.000	0.000	0.000	0.000	0.000	0.000	0.000	-0.142	1.305	6.290	15112.908	-376.800	93.820	0.000	0.100	0.100	745.228	376.800	0.000	0.000	7.963	0.000	0.000	0.000	1.000	0.000	0.000	0.000	0.000	0.000	0.000	0.000	0.000	0.000	0.000
3738945833.366	225.224	225.862	225.153	0.000	225.270	294.758	0.000	292.155	0.000	155.000	163.000	0.000	0.000	0.000	0.000	0.000	0.000	0.000	0.000	0.000	0.161	-1.266	6.290	14817.524	-376.800	93.403	0.000	0.100	0.100	745.228	376.800	0.000	0.000	7.449	0.000	0.000	0.000	1.000	0.000	0.000	0.000	0.000	0.000	0.000	0.000	0.000	0.000	0.000
3738945843.365	225.236	225.871	225.157	0.000	225.274	294.759	0.000	292.163	0.000	155.000	163.000	0.000	0.000	0.000	0.000	0.000	0.000	0.000	0.000	0.000	0.161	3.876	6.290	14817.524	-376.800	93.959	0.000	0.100	0.100	742.100	376.800	0.000	0.000	7.449	0.000	0.000	0.000	1.000	0.000	0.000	0.000	0.000	0.000	0.000	0.000	0.000	0.000	0.000
3738945853.365	225.238	225.872	225.169	0.000	225.267	294.760	0.000	292.142	0.000	155.000	163.000	0.000	0.000	0.000	0.000	0.000	0.000	0.000	0.000	0.000	0.161	3.876	3.719	14817.524	-376.800	93.310	0.000	0.100	0.100	748.356	376.800	0.000	0.000	6.934	0.000	0.000	0.000	1.000	0.000	0.000	0.000	0.000	0.000	0.000	0.000	0.000	0.000	0.000
3738945863.366	225.256	225.888	225.184	0.000	225.285	294.767	0.000	292.141	0.000	155.000	163.000	0.000	0.000	0.000	0.000	0.000	0.000	0.000	0.000	0.000	0.464	3.876	1.149	14527.913	-376.800	92.940	0.000	0.100	0.100	746.010	376.800	0.000	0.000	6.420	0.000	0.000	0.000	1.000	0.000	0.000	0.000	0.000	0.000	0.000	0.000	0.000	0.000	0.000
3738945873.364	225.268	225.891	225.185	0.000	225.299	294.766	0.000	292.150	0.000	155.000	163.000	0.000	0.000	0.000	0.000	0.000	0.000	0.000	0.000	0.000	-0.142	1.305	6.290	15112.908	-376.800	93.171	0.000	0.100	0.100	753.047	376.800	0.000	0.000	4.363	0.000	0.000	0.000	1.000	0.000	0.000	0.000	0.000	0.000	0.000	0.000	0.000	0.000	0.000
3738945883.365	225.265	225.881	225.183	0.000	225.283	294.750	0.000	292.144	0.000	155.000	163.000	0.000	0.000	0.000	0.000	0.000	0.000	0.000	0.000	0.000	0.464	1.305	1.149	14817.524	-376.800	92.800	0.000	0.100	0.100	745.228	376.800	0.000	0.000	5.906	0.000	0.000	0.000	1.000	0.000	0.000	0.000	0.000	0.000	0.000	0.000	0.000	0.000	0.000
3738945893.364	225.296	225.906	225.190	0.000	225.300	294.748	0.000	292.155	0.000	155.000	163.000	0.000	0.000	0.000	0.000	0.000	0.000	0.000	0.000	0.000	0.464	1.305	6.290	14817.524	-376.800	93.448	0.000	0.100	0.100	746.010	376.800	0.000	0.000	3.849	0.000	0.000	0.000	1.000	0.000	0.000	0.000	0.000	0.000	0.000	0.000	0.000	0.000	0.000
3738945903.366	225.269	225.903	225.192	0.000	225.302	294.766	0.000	292.158	0.000	155.000	163.000	0.000	0.000	0.000	0.000	0.000	0.000	0.000	0.000	0.000	-0.142	1.305	1.149	14817.524	-376.800	92.845	0.000	0.100	0.100	742.101	376.800	0.000	0.000	5.392	0.000	0.000	0.000	1.000	0.000	0.000	0.000	0.000	0.000	0.000	0.000	0.000	0.000	0.000
3738945913.366	225.291	225.918	225.204	0.000	225.323	294.764	0.000	292.159	0.000	155.000	163.000	0.000	0.000	0.000	0.000	0.000	0.000	0.000	0.000	0.000	0.161	1.305	6.290	15112.908	-376.800	93.911	0.000	0.100	0.100	749.919	376.800	0.000	0.000	4.363	0.000	0.000	0.000	1.000	0.000	0.000	0.000	0.000	0.000	0.000	0.000	0.000	0.000	0.000
3738945923.364	225.316	225.911	225.200	0.000	225.322	294.770	0.000	292.156	0.000	155.000	163.000	0.000	0.000	0.000	0.000	0.000	0.000	0.000	0.000	0.000	0.161	3.876	3.719	15112.908	-376.800	93.864	0.000	0.100	0.100	738.191	376.800	0.000	0.000	2.307	0.000	0.000	0.000	1.000	0.000	0.000	0.000	0.000	0.000	0.000	0.000	0.000	0.000	0.000
3738945933.366	225.294	225.913	225.203	0.000	225.312	294.771	0.000	292.168	0.000	155.000	163.000	0.000	0.000	0.000	0.000	0.000	0.000	0.000	0.000	0.000	-0.142	1.305	3.719	14817.524	-376.800	92.798	0.000	0.100	0.100	746.010	376.800	0.000	0.000	3.849	0.000	0.000	0.000	1.000	0.000	0.000	0.000	0.000	0.000	0.000	0.000	0.000	0.000	0.000
3738945943.364	225.297	225.911	225.204	0.000	225.315	294.771	0.000	292.182	0.000	155.000	163.000	0.000	0.000	0.000	0.000	0.000	0.000	0.000	0.000	0.000	-0.142	1.305	6.290	15112.908	-376.800	92.891	0.000	0.100	0.100	746.792	376.800	0.000	0.000	1.792	0.000	0.000	0.000	1.000	0.000	0.000	0.000	0.000	0.000	0.000	0.000	0.000	0.000	0.000
3738945953.365	225.291	225.919	225.204	0.000	225.325	294.775	0.000	292.162	0.000	155.000	163.000	0.000	0.000	0.000	0.000	0.000	0.000	0.000	0.000	0.000	-0.142	-1.266	6.290	15112.908	-376.800	93.634	0.000	0.100	0.100	750.702	376.800	0.000	0.000	2.821	0.000	0.000	0.000	1.000	0.000	0.000	0.000	0.000	0.000	0.000	0.000	0.000	0.000	0.000
3738945963.364	225.293	225.917	225.210	0.000	225.314	294.763	0.000	292.170	0.000	155.000	163.000	0.000	0.000	0.000	0.000	0.000	0.000	0.000	0.000	0.000	-0.142	3.876	3.719	14817.524	-376.800	93.079	0.000	0.100	0.100	750.701	376.800	0.000	0.000	11.048	0.000	0.000	0.000	1.000	0.000	0.000	0.000	0.000	0.000	0.000	0.000	0.000	0.000	0.000
3738945973.364	225.282	225.914	225.189	0.000	225.305	294.773	0.000	292.166	0.000	155.000	163.000	0.000	0.000	0.000	0.000	0.000	0.000	0.000	0.000	0.000	0.161	3.876	6.290	14817.524	-376.800	93.079	0.000	0.100	0.100	749.137	376.800	0.000	0.000	10.020	0.000	0.000	0.000	1.000	0.000	0.000	0.000	0.000	0.000	0.000	0.000	0.000	0.000	0.000
3738945983.364	225.267	225.893	225.192	0.000	225.308	294.762	0.000	292.171	0.000	155.000	163.000	0.000	0.000	0.000	0.000	0.000	0.000	0.000	0.000	0.000	-0.142	1.305	1.149	14817.524	-376.800	92.430	0.000	0.100	0.100	738.973	376.800	0.000	0.000	8.991	0.000	0.000	0.000	1.000	0.000	0.000	0.000	0.000	0.000	0.000	0.000	0.000	0.000	0.000
3738945993.365	225.256	225.891	225.179	0.000	225.317	294.762	0.000	292.174	0.000	155.000	163.000	0.000	0.000	0.000	0.000	0.000	0.000	0.000	0.000	0.000	-0.142	3.876	6.290	14817.524	-376.800	93.264	0.000	0.100	0.100	749.919	376.800	0.000	0.000	9.505	0.000	0.000	0.000	1.000	0.000	0.000	0.000	0.000	0.000	0.000	0.000	0.000	0.000	0.000
3738946003.365	225.250	225.882	225.183	0.000	225.311	294.773	0.000	292.181	0.000	155.000	163.000	0.000	0.000	0.000	0.000	0.000	0.000	0.000	0.000	0.000	0.464	1.305	3.719	15112.908	-376.800	94.052	0.000	0.100	0.100	742.882	376.800	0.000	0.000	8.991	0.000	0.000	0.000	1.000	0.000	0.000	0.000	0.000	0.000	0.000	0.000	0.000	0.000	0.000
3738946013.364	225.241	225.882	225.181	0.000	225.307	294.772	0.000	292.178	0.000	155.000	163.000	0.000	0.000	0.000	0.000	0.000	0.000	0.000	0.000	0.000	0.464	3.876	1.149	15112.908	-376.800	93.541	0.000	0.100	0.100	749.137	376.800	0.000	0.000	8.477	0.000	0.000	0.000	1.000	0.000	0.000	0.000	0.000	0.000	0.000	0.000	0.000	0.000	0.000
3738946023.364	225.230	225.862	225.164	0.000	225.301	294.776	0.000	292.174	0.000	155.000	163.000	0.000	0.000	0.000	0.000	0.000	0.000	0.000	0.000	0.000	0.161	3.876	1.149	14817.524	-376.800	92.381	0.000	0.100	0.100	748.356	376.800	0.000	0.000	7.963	0.000	0.000	0.000	1.000	0.000	0.000	0.000	0.000	0.000	0.000	0.000	0.000	0.000	0.000
3738946033.364	225.236	225.862	225.177	0.000	225.290	294.781	0.000	292.174	0.000	155.000	163.000	0.000	0.000	0.000	0.000	0.000	0.000	0.000	0.000	0.000	0.161	1.305	6.290	14817.524	-376.800	93.077	0.000	0.100	0.100	746.791	376.800	0.000	0.000	7.963	0.000	0.000	0.000	1.000	0.000	0.000	0.000	0.000	0.000	0.000	0.000	0.000	0.000	0.000
3738946043.364	225.225	225.864	225.172	0.000	225.307	294.787	0.000	292.178	0.000	155.000	163.000	0.000	0.000	0.000	0.000	0.000	0.000	0.000	0.000	0.000	0.161	1.305	3.719	15112.908	-376.800	93.634	0.000	0.100	0.100	752.265	376.800	0.000	0.000	6.934	0.000	0.000	0.000	1.000	0.000	0.000	0.000	0.000	0.000	0.000	0.000	0.000	0.000	0.000
3738946053.364	225.227	225.868	225.173	0.000	225.299	294.789	0.000	292.177	0.000	155.000	163.000	0.000	0.000	0.000	0.000	0.000	0.000	0.000	0.000	0.000	0.161	-1.266	6.290	14527.913	-376.800	93.820	0.000	0.100	0.100	753.829	376.800	0.000	0.000	6.420	0.000	0.000	0.000	1.000	0.000	0.000	0.000	0.000	0.000	0.000	0.000	0.000	0.000	0.000
3738946063.364	225.234	225.885	225.191	0.000	225.312	294.783	0.000	292.188	0.000	155.000	163.000	0.000	0.000	0.000	0.000	0.000	0.000	0.000	0.000	0.000	0.464	3.876	1.149	14817.524	-376.800	93.171	0.000	0.100	0.100	751.483	376.800	0.000	0.000	6.934	0.000	0.000	0.000	1.000	0.000	0.000	0.000	0.000	0.000	0.000	0.000	0.000	0.000	0.000
3738946073.365	225.249	225.883	225.179	0.000	225.316	294.792	0.000	292.189	0.000	155.000	163.000	0.000	0.000	0.000	0.000	0.000	0.000	0.000	0.000	0.000	-0.142	3.876	6.290	14817.524	-376.800	92.429	0.000	0.100	0.100	743.665	376.800	0.000	0.000	5.392	0.000	0.000	0.000	1.000	0.000	0.000	0.000	0.000	0.000	0.000	0.000	0.000	0.000	0.000
3738946083.365	225.237	225.882	225.181	0.000	225.315	294.775	0.000	292.195	0.000	155.000	163.000	0.000	0.000	0.000	0.000	0.000	0.000	0.000	0.000	0.000	0.464	1.305	6.290	14527.913	-376.800	93.355	0.000	0.100	0.100	753.829	376.800	0.000	0.000	5.906	0.000	0.000	0.000	1.000	0.000	0.000	0.000	0.000	0.000	0.000	0.000	0.000	0.000	0.000
3738946093.365	225.221	225.870	225.177	0.000	225.319	294.767	0.000	292.201	0.000	155.000	163.000	0.000	0.000	0.000	0.000	0.000	0.000	0.000	0.000	0.000	-0.142	1.305	3.719	14527.913	-376.800	93.911	0.000	0.100	0.100	750.701	376.800	0.000	0.000	5.392	0.000	0.000	0.000	1.000	0.000	0.000	0.000	0.000	0.000	0.000	0.000	0.000	0.000	0.000
3738946103.364	225.211	225.863	225.184	0.000	225.323	294.780	0.000	292.194	0.000	155.000	163.000	0.000	0.000	0.000	0.000	0.000	0.000	0.000	0.000	0.000	0.161	-1.266	8.861	14817.524	-376.800	93.448	0.000	0.100	0.100	748.356	376.800	0.000	0.000	4.363	0.000	0.000	0.000	1.000	0.000	0.000	0.000	0.000	0.000	0.000	0.000	0.000	0.000	0.000
3738946113.366	225.225	225.860	225.184	0.000	225.316	294.788	0.000	292.188	0.000	155.000	163.000	0.000	0.000	0.000	0.000	0.000	0.000	0.000	0.000	0.000	0.464	3.876	3.719	14527.913	-376.800	93.031	0.000	0.100	0.100	753.047	376.800	0.000	0.000	4.363	0.000	0.000	0.000	1.000	0.000	0.000	0.000	0.000	0.000	0.000	0.000	0.000	0.000	0.000
3738946123.364	225.233	225.882	225.194	0.000	225.332	294.808	0.000	292.207	0.000	155.000	163.000	0.000	0.000	0.000	0.000	0.000	0.000	0.000	0.000	0.000	0.161	-1.266	3.719	14817.524	-376.800	93.541	0.000	0.100	0.100	738.973	376.800	0.000	0.000	4.363	0.000	0.000	0.000	1.000	0.000	0.000	0.000	0.000	0.000	0.000	0.000	0.000	0.000	0.000
3738946133.365	225.239	225.891	225.204	0.000	225.346	294.795	0.000	292.206	0.000	155.000	163.000	0.000	0.000	0.000	0.000	0.000	0.000	0.000	0.000	0.000	0.161	3.876	3.719	14527.913	-376.800	93.357	0.000	0.100	0.100	749.138	376.800	0.000	0.000	3.849	0.000	0.000	0.000	1.000	0.000	0.000	0.000	0.000	0.000	0.000	0.000	0.000	0.000	0.000
3738946143.365	225.271	225.904	225.221	0.000	225.333	294.807	0.000	292.193	0.000	155.000	163.000	0.000	0.000	0.000	0.000	0.000	0.000	0.000	0.000	0.000	0.161	1.305	3.719	15112.908	-376.800	93.218	0.000	0.100	0.100	746.792	376.800	0.000	0.000	3.849	0.000	0.000	0.000	1.000	0.000	0.000	0.000	0.000	0.000	0.000	0.000	0.000	0.000	0.000
3738946153.366	225.283	225.905	225.220	0.000	225.333	294.804	0.000	292.187	0.000	155.000	163.000	0.000	0.000	0.000	0.000	0.000	0.000	0.000	0.000	0.000	0.161	-1.266	6.290	14817.524	-376.800	92.938	0.000	0.100	0.100	749.138	376.800	0.000	0.000	2.821	0.000	0.000	0.000	1.000	0.000	0.000	0.000	0.000	0.000	0.000	0.000	0.000	0.000	0.000
3738946163.364	225.302	225.928	225.224	0.000	225.351	294.804	0.000	292.194	0.000	155.000	163.000	0.000	0.000	0.000	0.000	0.000	0.000	0.000	0.000	0.000	-0.142	1.305	3.719	14817.524	-376.800	93.633	0.000	0.100	0.100	744.446	376.800	0.000	0.000	2.821	0.000	0.000	0.000	1.000	0.000	0.000	-0.000	-0.000	-0.000	-0.000	-0.000	0.000	0.000	0.000
3738946173.366	225.310	225.919	225.228	0.000	225.348	294.778	0.000	292.189	0.000	155.000	163.000	0.000	0.000	0.000	0.000	0.000	0.000	0.000	0.000	0.000	0.464	3.876	3.719	14817.524	-376.800	93.819	0.000	0.100	0.100	746.010	376.800	0.000	0.000	2.307	0.000	0.000	0.000	1.000	0.000	0.000	-0.000	-0.000	-0.000	-0.000	-0.000	0.000	0.000	0.000
3738946183.364	225.308	225.930	225.233	0.000	225.346	294.770	0.000	292.189	0.000	155.000	163.000	0.000	0.000	0.000	0.000	0.000	0.000	0.000	0.000	0.000	-0.142	3.876	6.290	14817.524	-376.800	93.820	0.000	0.100	0.100	748.355	376.800	0.000	0.000	2.307	0.000	0.000	0.000	1.000	0.000	0.000	-0.000	-0.000	-0.000	-0.000	-0.000	0.000	0.000	0.000
3738946193.365	225.319	225.930	225.229	0.000	225.353	294.763	0.000	292.196	0.000	155.000	163.000	0.000	0.000	0.000	0.000	0.000	0.000	0.000	0.000	0.000	0.161	1.305	3.719	14817.524	-376.800	93.681	0.000	0.100	0.100	752.265	376.800	0.000	0.000	6.934	0.000	0.000	0.000	1.000	0.000	0.000	-0.000	-0.000	-0.000	-0.000	-0.000	0.000	0.000	0.000
3738946203.364	225.307	225.936	225.228	0.000	225.344	294.765	0.000	292.192	0.000	155.000	163.000	0.000	0.000	0.000	0.000	0.000	0.000	0.000	0.000	0.000	0.161	3.876	3.719	14527.913	-376.800	92.754	0.000	0.100	0.100	749.138	376.800	0.000	0.000	11.048	0.000	0.000	0.000	1.000	0.000	0.000	-0.000	-0.000	-0.000	-0.000	-0.000	0.000	0.000	0.000
3738946213.365	225.336	225.961	225.245	0.000	225.357	294.792	0.000	292.204	0.000	155.000	163.000	0.000	0.000	0.000	0.000	0.000	0.000	0.000	0.000	0.000	0.464	-1.266	6.290	14527.913	-376.800	92.475	0.000	0.100	0.100	742.883	376.800	0.000	0.000	11.048	0.000	0.000	0.000	1.000	0.000	0.000	-0.000	-0.000	-0.000	-0.000	-0.000	0.000	0.000	0.000
3738946223.364	225.333	225.942	225.248	0.000	225.362	294.783	0.000	292.194	0.000	155.000	163.000	0.000	0.000	0.000	0.000	0.000	0.000	0.000	0.000	0.000	0.161	3.876	6.290	14817.524	-376.800	93.680	0.000	0.100	0.100	744.446	376.800	0.000	0.000	10.020	0.000	0.000	0.000	1.000	0.000	0.000	-0.000	-0.000	-0.000	-0.000	-0.000	0.000	0.000	0.000
3738946233.365	225.333	225.957	225.234	0.000	225.354	294.787	0.000	292.194	0.000	155.000	163.000	0.000	0.000	0.000	0.000	0.000	0.000	0.000	0.000	0.000	-0.142	3.876	6.290	14527.913	-376.800	93.726	0.000	0.100	0.100	747.574	376.800	0.000	0.000	10.020	0.000	0.000	0.000	1.000	204.200	202.200	-132.000	23.100	18.900	21.000	19.400	0.000	0.000	0.000
3738946243.365	225.316	225.936	225.233	0.000	225.347	294.775	0.000	292.189	0.000	155.000	163.000	0.000	0.000	0.000	0.000	0.000	0.000	0.000	0.000	0.000	0.464	3.876	3.719	14527.913	-376.800	93.216	0.000	0.100	0.100	734.281	376.800	0.000	0.000	10.020	0.000	0.000	0.000	1.000	204.200	202.200	19.400	23.100	18.900	21.000	19.400	0.000	0.000	0.000
3738946253.364	225.303	225.931	225.217	0.000	225.344	294.791	0.000	292.202	0.000	155.000	163.000	0.000	0.000	0.000	0.000	0.000	0.000	0.000	0.000	0.000	0.161	1.305	6.290	14527.913	-376.800	93.355	0.000	0.100	0.100	741.318	376.800	0.000	0.000	8.477	0.000	0.000	0.000	1.000	204.200	202.200	19.400	23.100	18.900	21.000	19.400	0.000	0.000	0.000
3738946263.366	225.289	225.926	225.216	0.000	225.351	294.802	0.000	292.206	0.000	155.000	163.000	0.000	0.000	0.000	0.000	0.000	0.000	0.000	0.000	0.000	-0.142	6.446	3.719	14527.913	-376.800	93.123	0.000	0.100	0.100	744.446	376.800	0.000	0.000	7.963	0.000	0.000	0.000	1.000	204.200	202.200	19.400	23.100	18.900	21.000	19.400	0.000	0.000	0.000
3738946273.364	225.286	225.928	225.228	0.000	225.357	294.800	0.000	292.211	0.000	155.000	163.000	0.000	0.000	0.000	0.000	0.000	0.000	0.000	0.000	0.000	0.161	1.305	6.290	14817.524	-376.800	93.958	0.000	0.100	0.100	747.574	376.800	0.000	0.000	7.449	0.000	0.000	0.000	1.000	0.000	0.000	-0.000	-0.000	-0.000	-0.000	-0.000	0.000	0.000	0.000
3738946283.366	225.265	225.925	225.224	0.000	225.344	294.815	0.000	292.222	0.000	155.000	163.000	0.000	0.000	0.000	0.000	0.000	0.000	0.000	0.000	0.000	0.464	1.305	3.719	14817.524	-376.800	92.660	0.000	0.100	0.100	745.228	376.800	0.000	0.000	7.963	0.000	0.000	0.000	1.000	453.600	26.200	19.400	22.600	23.100	17.400	19.400	0.000	0.000	0.000
3738946293.364	225.230	225.914	225.210	0.000	225.333	294.792	0.000	292.213	0.000	155.000	163.000	0.000	0.000	0.000	0.000	0.000	0.000	0.000	0.000	0.000	0.161	3.876	3.719	14527.913	-376.800	92.522	0.000	0.100	0.100	745.228	376.800	0.000	0.000	7.449	0.000	0.000	0.000	1.000	453.000	20.400	19.400	22.000	32.100	5.300	19.400	0.000	0.000	0.000
3738946303.366	225.233	225.910	225.233	0.000	225.343	294.795	0.000	292.222	0.000	155.000	163.000	0.000	0.000	0.000	0.000	0.000	0.000	0.000	0.000	0.000	0.161	3.876	3.719	14527.913	-376.800	93.264	0.000	0.100	0.100	752.265	376.800	0.000	0.000	6.420	0.000	0.000	0.000	1.000	419.800	20.400	19.400	22.000	32.700	-3.300	19.400	0.000	0.000	0.000
3738946313.364	225.214	225.900	225.206	0.000	225.328	294.796	0.000	292.217	0.000	155.000	163.000	0.000	0.000	0.000	0.000	0.000	0.000	0.000	0.000	0.000	0.464	3.876	3.719	14243.963	-376.800	93.310	0.000	0.100	0.100	744.447	376.800	0.000	0.000	6.420	0.000	0.000	0.000	1.000	382.200	19.800	19.400	22.000	36.000	-7.100	19.400	0.000	0.000	0.000
3738946323.365	225.247	225.923	225.235	0.000	225.346	294.797	0.000	292.215	0.000	155.000	163.000	0.000	0.000	0.000	0.000	0.000	0.000	0.000	0.000	0.000	0.161	1.305	1.149	14527.913	-376.800	93.681	0.000	0.100	0.100	745.228	376.800	0.000	0.000	5.392	0.000	0.000	0.000	1.000	425.500	20.400	19.400	22.000	36.500	-11.300	19.400	0.000	0.000	0.000
3738946333.365	225.277	225.941	225.245	0.000	225.378	294.813	0.000	292.219	0.000	155.000	163.000	0.000	0.000	0.000	0.000	0.000	0.000	0.000	0.000	0.000	0.161	1.305	1.149	14817.524	-376.800	94.052	0.000	0.100	0.100	746.792	376.800	0.000	0.000	5.392	0.000	0.000	0.000	1.000	453.600	20.400	19.400	22.000	38.300	-15.000	19.400	0.000	0.000	0.000
3738946343.364	225.295	225.947	225.272	0.000	225.365	294.818	0.000	292.231	0.000	155.000	163.000	0.000	0.000	0.000	0.000	0.000	0.000	0.000	0.000	0.000	0.161	-1.266	3.719	14527.913	-376.800	93.635	0.000	0.100	0.100	752.265	376.800	0.000	0.000	4.363	0.000	0.000	0.000	1.000	456.200	20.400	19.400	22.000	39.400	-17.700	19.400	0.000	0.000	0.000
3738946353.365	225.301	225.940	225.269	0.000	225.374	294.819	0.000	292.229	0.000	155.000	163.000	0.000	0.000	0.000	0.000	0.000	0.000	0.000	0.000	0.000	0.464	6.446	3.719	14817.524	-376.800	93.820	0.000	0.100	0.100	747.574	376.800	0.000	0.000	4.878	0.000	0.000	0.000	1.000	417.900	20.400	19.400	22.000	39.900	-20.400	19.400	0.000	0.000	0.000
3738946363.364	225.310	225.950	225.257	0.000	225.366	294.801	0.000	292.225	0.000	155.000	163.000	0.000	0.000	0.000	0.000	0.000	0.000	0.000	0.000	0.000	0.161	-1.266	1.149	14527.913	-376.800	93.727	0.000	0.100	0.100	739.755	376.800	0.000	0.000	4.363	0.000	0.000	0.000	1.000	0.000	0.000	-0.000	-0.000	-0.000	-0.000	-0.000	0.000	0.000	0.000
3738946373.365	225.337	225.944	225.249	0.000	225.375	294.809	0.000	292.230	0.000	155.000	163.000	0.000	0.000	0.000	0.000	0.000	0.000	0.000	0.000	0.000	0.464	6.446	3.719	14817.524	-376.800	93.310	0.000	0.100	0.100	749.919	376.800	0.000	0.000	4.363	0.000	0.000	0.000	1.000	0.000	0.000	-0.000	-0.000	-0.000	-0.000	-0.000	0.000	0.000	0.000
3738946383.364	225.344	225.929	225.240	0.000	225.364	294.774	0.000	292.213	0.000	155.000	163.000	0.000	0.000	0.000	0.000	0.000	0.000	0.000	0.000	0.000	-0.142	3.876	6.290	14527.913	-376.800	93.171	0.000	0.100	0.100	744.447	376.800	0.000	0.000	3.849	0.000	0.000	0.000	1.000	0.000	0.000	-0.000	-0.000	-0.000	-0.000	-0.000	0.000	0.000	0.000
3738946393.365	225.373	225.949	225.251	0.000	225.392	294.800	0.000	292.229	0.000	155.000	163.000	0.000	0.000	0.000	0.000	0.000	0.000	0.000	0.000	0.000	0.161	3.876	3.719	14817.524	-376.800	93.589	0.000	0.100	0.100	744.447	376.800	0.000	0.000	2.821	0.000	0.000	0.000	1.000	0.000	0.000	-0.000	-0.000	-0.000	-0.000	-0.000	0.000	0.000	0.000
3738946403.364	225.395	225.949	225.243	0.000	225.405	294.797	0.000	292.232	0.000	155.000	163.000	0.000	0.000	0.000	0.000	0.000	0.000	0.000	0.000	0.000	-0.142	1.305	3.719	14243.963	-376.800	93.403	0.000	0.100	0.100	742.100	376.800	0.000	0.000	2.821	0.000	0.000	0.000	1.000	0.000	0.000	-0.000	-0.000	-0.000	-0.000	-0.000	0.000	0.000	0.000
3738946413.364	225.405	225.947	225.248	0.000	225.407	294.790	0.000	292.220	0.000	155.000	163.000	0.000	0.000	0.000	0.000	0.000	0.000	0.000	0.000	0.000	-0.142	6.446	3.719	14527.913	-376.800	93.357	0.000	0.100	0.100	746.792	376.800	0.000	0.000	1.792	0.000	0.000	0.000	1.000	0.000	0.000	-0.000	-0.000	-0.000	-0.000	-0.000	0.000	0.000	0.000
3738946423.364	225.413	225.938	225.255	0.000	225.418	294.797	0.000	292.237	0.000	155.000	163.000	0.000	0.000	0.000	0.000	0.000	0.000	0.000	0.000	0.000	0.161	3.876	3.719	15112.908	-376.800	92.754	0.000	0.100	0.100	745.228	376.800	0.000	0.000	1.278	0.000	0.000	0.000	1.000	0.000	0.000	-0.000	-0.000	-0.000	-0.000	-0.000	0.000	0.000	0.000
3738946433.364	225.394	225.938	225.245	0.000	225.421	294.798	0.000	292.226	0.000	155.000	163.000	0.000	0.000	0.000	0.000	0.000	0.000	0.000	0.000	0.000	0.161	1.305	6.290	14817.524	-376.800	93.403	0.000	0.100	0.100	751.483	376.800	0.000	0.000	1.278	0.000	0.000	0.000	1.000	0.000	0.000	-0.000	-0.000	-0.000	-0.000	-0.000	0.000	0.000	0.000
3738946443.365	225.401	225.945	225.242	0.000	225.425	294.808	0.000	292.239	0.000	155.000	163.000	0.000	0.000	0.000	0.000	0.000	0.000	0.000	0.000	0.000	0.161	-1.266	6.290	14817.524	-376.800	93.540	0.000	0.100	0.100	744.446	376.800	0.000	0.000	11.562	0.000	0.000	0.000	1.000	0.000	0.000	-0.000	-0.000	-0.000	-0.000	-0.000	0.000	0.000	0.000
3738946453.366	225.411	225.945	225.251	0.000	225.443	294.814	0.000	292.236	0.000	155.000	163.000	0.000	0.000	0.000	0.000	0.000	0.000	0.000	0.000	0.000	-0.142	-1.266	3.719	14527.913	-376.800	93.772	0.000	0.100	0.100	746.792	376.800	0.000	0.000	10.534	0.000	0.000	0.000	1.000	0.000	0.000	-0.000	-0.000	-0.000	-0.000	-0.000	0.000	0.000	0.000
3738946463.364	225.433	225.956	225.263	0.000	225.445	294.811	0.000	292.236	0.000	155.000	163.000	0.000	0.000	0.000	0.000	0.000	0.000	0.000	0.000	0.000	-0.142	6.446	3.719	14527.913	-376.800	93.818	0.000	0.100	0.100	749.138	376.800	0.000	0.000	9.505	0.000	0.000	0.000	1.000	0.000	0.000	-0.000	-0.000	-0.000	-0.000	-0.000	0.000	0.000	0.000
3738946473.366	225.423	225.961	225.261	0.000	225.444	294.806	0.000	292.239	0.000	155.000	163.000	0.000	0.000	0.000	0.000	0.000	0.000	0.000	0.000	0.000	-0.142	1.305	3.719	15112.908	-376.800	94.189	0.000	0.100	0.100	744.446	376.800	0.000	0.000	8.991	0.000	0.000	0.000	1.000	0.000	0.000	-0.000	-0.000	-0.000	-0.000	-0.000	0.000	0.000	0.000
3738946483.366	225.425	225.958	225.257	0.000	225.451	294.800	0.000	292.225	0.000	155.000	163.000	0.000	0.000	0.000	0.000	0.000	0.000	0.000	0.000	0.000	-0.142	3.876	3.719	14243.963	-376.800	94.096	0.000	0.100	0.100	753.829	376.800	0.000	0.000	9.505	0.000	0.000	0.000	1.000	0.000	0.000	-0.000	-0.000	-0.000	-0.000	-0.000	0.000	0.000	0.000
3738946493.364	225.444	225.964	225.266	0.000	225.448	294.824	0.000	292.243	0.000	155.000	163.000	0.000	0.000	0.000	0.000	0.000	0.000	0.000	0.000	0.000	-0.445	-1.266	6.290	14817.524	-376.800	93.123	0.000	0.100	0.100	752.265	376.800	0.000	0.000	9.505	0.000	0.000	0.000	1.000	0.000	0.000	-0.000	-0.000	-0.000	-0.000	-0.000	0.000	0.000	0.000
3738946503.364	225.436	225.980	225.266	0.000	225.462	294.806	0.000	292.236	0.000	155.000	163.000	0.000	0.000	0.000	0.000	0.000	0.000	0.000	0.000	0.000	0.464	1.305	6.290	14527.913	-376.800	93.587	0.000	0.100	0.100	746.010	376.800	0.000	0.000	8.477	0.000	0.000	0.000	1.000	0.000	0.000	-0.000	-0.000	-0.000	-0.000	-0.000	0.000	0.000	0.000
3738946513.364	225.451	225.978	225.281	0.000	225.473	294.800	0.000	292.239	0.000	155.000	163.000	0.000	0.000	0.000	0.000	0.000	0.000	0.000	0.000	0.000	0.161	3.876	6.290	14817.524	-376.800	93.218	0.000	0.100	0.100	749.137	376.800	0.000	0.000	7.963	0.000	0.000	0.000	1.000	0.000	0.000	-0.000	-0.000	-0.000	-0.000	-0.000	0.000	0.000	0.000
3738946523.364	225.472	225.993	225.290	0.000	225.468	294.797	0.000	292.230	0.000	155.000	163.000	0.000	0.000	0.000	0.000	0.000	0.000	0.000	0.000	0.000	0.161	6.446	-1.422	14817.524	-376.800	92.847	0.000	0.100	0.100	742.101	376.800	0.000	0.000	6.934	0.000	0.000	0.000	1.000	0.000	0.000	-0.000	-0.000	-0.000	-0.000	-0.000	0.000	0.000	0.000
3738946533.365	225.474	226.007	225.297	0.000	225.478	294.811	0.000	292.231	0.000	155.000	163.000	0.000	0.000	0.000	0.000	0.000	0.000	0.000	0.000	0.000	-0.142	1.305	3.719	14817.524	-376.800	92.476	0.000	0.100	0.100	742.883	376.800	0.000	0.000	6.934	0.000	0.000	0.000	1.000	0.000	0.000	0.000	0.000	0.000	0.000	0.000	0.000	0.000	0.000
3738946543.365	225.480	226.017	225.286	0.000	225.476	294.811	0.000	292.237	0.000	155.000	163.000	0.000	0.000	0.000	0.000	0.000	0.000	0.000	0.000	0.000	0.464	1.305	6.290	14527.913	-376.800	93.681	0.000	0.100	0.100	744.446	376.800	0.000	0.000	6.934	0.000	0.000	0.000	1.000	0.000	0.000	0.000	0.000	0.000	0.000	0.000	0.000	0.000	0.000
3738946553.365	225.508	226.032	225.315	0.000	225.493	294.804	0.000	292.237	0.000	155.000	163.000	0.000	0.000	0.000	0.000	0.000	0.000	0.000	0.000	0.000	-0.142	1.305	8.861	14817.524	-376.800	93.125	0.000	0.100	0.100	748.356	376.800	0.000	0.000	6.420	0.000	0.000	0.000	1.000	0.000	0.000	0.000	0.000	0.000	0.000	0.000	0.000	0.000	0.000
3738946563.364	225.510	226.041	225.317	0.000	225.494	294.809	0.000	292.239	0.000	155.000	163.000	0.000	0.000	0.000	0.000	0.000	0.000	0.000	0.000	0.000	0.464	1.305	6.290	14527.913	-376.800	93.727	0.000	0.100	0.100	752.265	376.800	0.000	0.000	6.420	0.000	0.000	0.000	1.000	0.000	0.000	0.000	0.000	0.000	0.000	0.000	0.000	0.000	0.000
3738946573.364	225.500	226.028	225.294	0.000	225.477	294.790	0.000	292.234	0.000	155.000	163.000	0.000	0.000	0.000	0.000	0.000	0.000	0.000	0.000	0.000	0.161	3.876	3.719	14527.913	-376.800	93.542	0.000	0.100	0.100	745.229	376.800	0.000	0.000	5.906	0.000	0.000	0.000	1.000	0.000	0.000	0.000	0.000	0.000	0.000	0.000	0.000	0.000	0.000
3738946583.366	225.498	226.033	225.307	0.000	225.485	294.791	0.000	292.241	0.000	155.000	163.000	0.000	0.000	0.000	0.000	0.000	0.000	0.000	0.000	0.000	0.161	1.305	3.719	14817.524	-376.800	92.522	0.000	0.100	0.100	744.446	376.800	0.000	0.000	5.392	0.000	0.000	0.000	1.000	0.000	0.000	0.000	0.000	0.000	0.000	0.000	0.000	0.000	0.000
3738946593.366	225.496	226.038	225.313	0.000	225.489	294.788	0.000	292.233	0.000	155.000	163.000	0.000	0.000	0.000	0.000	0.000	0.000	0.000	0.000	0.000	0.464	1.305	6.290	14527.913	-376.800	93.634	0.000	0.100	0.100	753.829	376.800	0.000	0.000	5.392	0.000	0.000	0.000	1.000	0.000	0.000	0.000	0.000	0.000	0.000	0.000	0.000	0.000	0.000
3738946603.366	225.486	226.024	225.298	0.000	225.480	294.782	0.000	292.239	0.000	155.000	163.000	0.000	0.000	0.000	0.000	0.000	0.000	0.000	0.000	0.000	0.161	3.876	6.290	14243.963	-376.800	93.494	0.000	0.100	0.100	746.010	376.800	0.000	0.000	4.363	0.000	0.000	0.000	1.000	0.000	0.000	0.000	0.000	0.000	0.000	0.000	0.000	0.000	0.000
3738946613.366	225.489	226.019	225.307	0.000	225.490	294.799	0.000	292.240	0.000	155.000	163.000	0.000	0.000	0.000	0.000	0.000	0.000	0.000	0.000	0.000	0.464	3.876	3.719	14527.913	-376.800	93.308	0.000	0.100	0.100	752.266	376.800	0.000	0.000	4.363	0.000	0.000	0.000	1.000	0.000	0.000	0.000	0.000	0.000	0.000	0.000	0.000	0.000	0.000
3738946623.365	225.498	226.049	225.338	0.000	225.511	294.819	0.000	292.249	0.000	155.000	163.000	0.000	0.000	0.000	0.000	0.000	0.000	0.000	0.000	0.000	0.161	6.446	3.719	14243.963	-376.800	92.845	0.000	0.100	0.100	746.010	376.800	0.000	0.000	3.849	0.000	0.000	0.000	1.000	0.000	0.000	0.000	0.000	0.000	0.000	0.000	0.000	0.000	0.000
3738946633.364	225.500	226.045	225.329	0.000	225.507	294.809	0.000	292.247	0.000	155.000	163.000	0.000	0.000	0.000	0.000	0.000	0.000	0.000	0.000	0.000	-0.142	1.305	3.719	14527.913	-376.800	92.707	0.000	0.100	0.100	743.664	376.800	0.000	0.000	3.335	0.000	0.000	0.000	1.000	0.000	0.000	0.000	0.000	0.000	0.000	0.000	0.000	0.000	0.000
3738946643.364	225.508	226.053	225.336	0.000	225.515	294.821	0.000	292.245	0.000	155.000	163.000	0.000	0.000	0.000	0.000	0.000	0.000	0.000	0.000	0.000	0.161	1.305	6.290	14527.913	-376.800	93.078	0.000	0.100	0.100	746.010	376.800	0.000	0.000	2.821	0.000	0.000	0.000	1.000	0.000	0.000	0.000	0.000	0.000	0.000	0.000	0.000	0.000	0.000
3738946653.365	225.508	226.063	225.352	0.000	225.513	294.816	0.000	292.250	0.000	155.000	163.000	0.000	0.000	0.000	0.000	0.000	0.000	0.000	0.000	0.000	0.161	3.876	3.719	14817.524	-376.800	93.635	0.000	0.100	0.100	745.228	376.800	0.000	0.000	2.307	0.000	0.000	0.000	1.000	0.000	0.000	0.000	0.000	0.000	0.000	0.000	0.000	0.000	0.000
3738946663.365	225.496	226.046	225.335	0.000	225.495	294.803	0.000	292.238	0.000	155.000	163.000	0.000	0.000	0.000	0.000	0.000	0.000	0.000	0.000	0.000	0.161	3.876	3.719	14243.963	-376.800	93.541	0.000	0.100	0.100	745.228	376.800	0.000	0.000	2.307	0.000	0.000	0.000	1.000	0.000	0.000	0.000	0.000	0.000	0.000	0.000	0.000	0.000	0.000
3738946673.366	225.503	226.056	225.341	0.000	225.519	294.823	0.000	292.250	0.000	155.000	163.000	0.000	0.000	0.000	0.000	0.000	0.000	0.000	0.000	0.000	0.464	1.305	3.719	14527.913	-376.800	92.567	0.000	0.100	0.100	742.101	376.800	0.000	0.000	1.278	0.000	0.000	0.000	1.000	0.000	0.000	0.000	0.000	0.000	0.000	0.000	0.000	0.000	0.000
3738946683.364	225.486	226.056	225.334	0.000	225.500	294.827	0.000	292.235	0.000	155.000	163.000	0.000	0.000	0.000	0.000	0.000	0.000	0.000	0.000	0.000	0.161	1.305	3.719	14527.913	-376.800	92.845	0.000	0.100	0.100	749.920	376.800	0.000	0.000	7.963	0.000	0.000	0.000	1.000	0.000	0.000	0.000	0.000	0.000	0.000	0.000	0.000	0.000	0.000
3738946693.364	225.487	226.049	225.333	0.000	225.497	294.825	0.000	292.240	0.000	155.000	163.000	0.000	0.000	0.000	0.000	0.000	0.000	0.000	0.000	0.000	0.161	1.305	6.290	14527.913	-376.800	93.772	0.000	0.100	0.100	749.137	376.800	0.000	0.000	11.562	0.000	0.000	0.000	1.000	0.000	0.000	0.000	0.000	0.000	0.000	0.000	0.000	0.000	0.000
3738946703.365	225.473	226.047	225.338	0.000	225.503	294.823	0.000	292.241	0.000	155.000	163.000	0.000	0.000	0.000	0.000	0.000	0.000	0.000	0.000	0.000	0.161	3.876	3.719	14243.963	-376.800	93.032	0.000	0.100	0.100	735.846	376.800	0.000	0.000	10.020	0.000	0.000	0.000	1.000	0.000	0.000	0.000	0.000	0.000	0.000	0.000	0.000	0.000	0.000
3738946713.365	225.463	226.041	225.344	0.000	225.508	294.830	0.000	292.252	0.000	155.000	163.000	0.000	0.000	0.000	0.000	0.000	0.000	0.000	0.000	0.000	0.464	1.305	3.719	14527.913	-376.800	93.125	0.000	0.100	0.100	737.409	376.800	0.000	0.000	10.020	0.000	0.000	0.000	1.000	0.000	0.000	0.000	0.000	0.000	0.000	0.000	0.000	0.000	0.000
3738946723.365	225.471	226.042	225.335	0.000	225.507	294.832	0.000	292.258	0.000	155.000	163.000	0.000	0.000	0.000	0.000	0.000	0.000	0.000	0.000	0.000	0.161	1.305	1.149	14243.963	-376.800	93.355	0.000	0.100	0.100	746.791	376.800	0.000	0.000	9.505	0.000	0.000	0.000	1.000	0.000	0.000	0.000	0.000	0.000	0.000	0.000	0.000	0.000	0.000
3738946733.365	225.471	226.050	225.339	0.000	225.498	294.826	0.000	292.257	0.000	155.000	163.000	0.000	0.000	0.000	0.000	0.000	0.000	0.000	0.000	0.000	0.161	3.876	6.290	14527.913	-376.800	93.726	0.000	0.100	0.100	749.137	376.800	0.000	0.000	9.505	0.000	0.000	0.000	1.000	0.000	0.000	0.000	0.000	0.000	0.000	0.000	0.000	0.000	0.000
3738946743.365	225.459	226.036	225.317	0.000	225.500	294.821	0.000	292.244	0.000	155.000	163.000	0.000	0.000	0.000	0.000	0.000	0.000	0.000	0.000	0.000	0.161	-1.266	6.290	14527.913	-376.800	94.098	0.000	0.100	0.100	747.574	376.800	0.000	0.000	8.477	0.000	0.000	0.000	1.000	0.000	0.000	0.000	0.000	0.000	0.000	0.000	0.000	0.000	0.000
3738946753.365	225.467	226.035	225.326	0.000	225.494	294.832	0.000	292.262	0.000	155.000	163.000	0.000	0.000	0.000	0.000	0.000	0.000	0.000	0.000	0.000	0.161	3.876	6.290	14527.913	-376.800	92.847	0.000	0.100	0.100	741.319	376.800	0.000	0.000	7.963	0.000	0.000	0.000	1.000	0.000	0.000	0.000	0.000	0.000	0.000	0.000	0.000	0.000	0.000
3738946763.364	225.453	226.043	225.317	0.000	225.487	294.841	0.000	292.258	0.000	155.000	163.000	0.000	0.000	0.000	0.000	0.000	0.000	0.000	0.000	0.000	-0.142	1.305	1.149	14527.913	-376.800	93.820	0.000	0.100	0.100	755.393	376.800	0.000	0.000	8.477	0.000	0.000	0.000	1.000	0.000	0.000	0.000	0.000	0.000	0.000	0.000	0.000	0.000	0.000
3738946773.364	225.444	226.036	225.317	0.000	225.472	294.820	0.000	292.257	0.000	155.000	163.000	0.000	0.000	0.000	0.000	0.000	0.000	0.000	0.000	0.000	-0.142	3.876	6.290	14527.913	-376.800	93.911	0.000	0.100	0.100	746.791	376.800	0.000	0.000	6.934	0.000	0.000	0.000	1.000	0.000	0.000	0.000	0.000	0.000	0.000	0.000	0.000	0.000	0.000
3738946783.364	225.461	226.033	225.324	0.000	225.487	294.843	0.000	292.265	0.000	155.000	163.000	0.000	0.000	0.000	0.000	0.000	0.000	0.000	0.000	0.000	-0.142	1.305	6.290	14527.913	-376.800	92.752	0.000	0.100	0.100	747.574	376.800	0.000	0.000	6.420	0.000	0.000	0.000	1.000	0.000	0.000	0.000	0.000	0.000	0.000	0.000	0.000	0.000	0.000
3738946793.364	225.478	226.030	225.305	0.000	225.495	294.813	0.000	292.261	0.000	155.000	163.000	0.000	0.000	0.000	0.000	0.000	0.000	0.000	0.000	0.000	0.161	6.446	3.719	14817.524	-376.800	93.031	0.000	0.100	0.100	745.228	376.800	0.000	0.000	3.849	0.000	0.000	0.000	1.000	0.000	0.000	0.000	0.000	0.000	0.000	0.000	0.000	0.000	0.000
3738946803.364	225.488	226.023	225.323	0.000	225.495	294.814	0.000	292.271	0.000	155.000	163.000	0.000	0.000	0.000	0.000	0.000	0.000	0.000	0.000	0.000	-0.142	3.876	6.290	14817.524	-376.800	93.496	0.000	0.100	0.100	751.483	376.800	0.000	0.000	5.906	0.000	0.000	0.000	1.000	0.000	0.000	0.000	0.000	0.000	0.000	0.000	0.000	0.000	0.000
3738946813.364	225.503	226.027	225.328	0.000	225.496	294.833	0.000	292.273	0.000	155.000	163.000	0.000	0.000	0.000	0.000	0.000	0.000	0.000	0.000	0.000	0.161	3.876	8.861	14817.524	-376.800	93.171	0.000	0.100	0.100	747.574	376.800	0.000	0.000	5.392	0.000	0.000	0.000	1.000	0.000	0.000	0.000	0.000	0.000	0.000	0.000	0.000	0.000	0.000
3738946823.365	225.499	226.032	225.319	0.000	225.516	294.829	0.000	292.282	0.000	155.000	163.000	0.000	0.000	0.000	0.000	0.000	0.000	0.000	0.000	0.000	-0.142	1.305	6.290	14527.913	-376.800	92.985	0.000	0.100	0.100	748.356	376.800	0.000	0.000	4.878	0.000	0.000	0.000	1.000	0.000	0.000	0.000	0.000	0.000	0.000	0.000	0.000	0.000	0.000
3738946833.365	225.510	226.036	225.332	0.000	225.528	294.832	0.000	292.271	0.000	155.000	163.000	0.000	0.000	0.000	0.000	0.000	0.000	0.000	0.000	0.000	-0.142	1.305	1.149	14527.913	-376.800	93.030	0.000	0.100	0.100	746.010	376.800	0.000	0.000	2.307	0.000	0.000	0.000	1.000	0.000	0.000	0.000	0.000	0.000	0.000	0.000	0.000	0.000	0.000
3738946843.365	225.533	226.035	225.329	0.000	225.539	294.849	0.000	292.284	0.000	155.000	163.000	0.000	0.000	0.000	0.000	0.000	0.000	0.000	0.000	0.000	0.464	1.305	3.719	14817.524	-376.800	92.753	0.000	0.100	0.100	749.920	376.800	0.000	0.000	4.878	0.000	0.000	0.000	1.000	0.000	0.000	0.000	0.000	0.000	0.000	0.000	0.000	0.000	0.000
3738946853.364	225.541	226.032	225.336	0.000	225.542	294.846	0.000	292.277	0.000	155.000	163.000	0.000	0.000	0.000	0.000	0.000	0.000	0.000	0.000	0.000	-0.142	1.305	3.719	14817.524	-376.800	93.310	0.000	0.100	0.100	749.920	376.800	0.000	0.000	3.849	0.000	0.000	0.000	1.000	0.000	0.000	0.000	0.000	0.000	0.000	0.000	0.000	0.000	0.000
3738946863.365	225.525	226.027	225.331	0.000	225.537	294.840	0.000	292.271	0.000	155.000	163.000	0.000	0.000	0.000	0.000	0.000	0.000	0.000	0.000	0.000	0.161	1.305	3.719	14243.963	-376.800	93.170	0.000	0.100	0.100	744.446	376.800	0.000	0.000	11.562	0.000	0.000	0.000	1.000	0.000	0.000	0.000	0.000	0.000	0.000	0.000	0.000	0.000	0.000
3738946873.365	225.558	226.057	225.352	0.000	225.565	294.856	0.000	292.277	0.000	155.000	163.000	0.000	0.000	0.000	0.000	0.000	0.000	0.000	0.000	0.000	-0.142	1.305	6.290	14817.524	-376.800	93.540	0.000	0.100	0.100	746.792	376.800	0.000	0.000	3.849	0.000	0.000	0.000	1.000	0.000	0.000	0.000	0.000	0.000	0.000	0.000	0.000	0.000	0.000
3738946883.365	225.567	226.050	225.339	0.000	225.560	294.852	0.000	292.267	0.000	155.000	163.000	0.000	0.000	0.000	0.000	0.000	0.000	0.000	0.000	0.000	-0.445	1.305	6.290	14817.524	-376.800	92.661	0.000	0.100	0.100	742.882	376.800	0.000	0.000	2.821	0.000	0.000	0.000	1.000	0.000	0.000	0.000	0.000	0.000	0.000	0.000	0.000	0.000	0.000
3738946893.365	225.564	226.074	225.358	0.000	225.584	294.850	0.000	292.279	0.000	155.000	163.000	0.000	0.000	0.000	0.000	0.000	0.000	0.000	0.000	0.000	0.161	6.446	3.719	14527.913	-376.800	93.634	0.000	0.100	0.100	747.573	376.800	0.000	0.000	3.335	0.000	0.000	0.000	1.000	0.000	0.000	0.000	0.000	0.000	0.000	0.000	0.000	0.000	0.000
3738946903.365	225.558	226.055	225.351	0.000	225.578	294.845	0.000	292.277	0.000	155.000	163.000	0.000	0.000	0.000	0.000	0.000	0.000	0.000	0.000	0.000	-0.445	-1.266	3.719	14527.913	-376.800	93.355	0.000	0.100	0.100	747.574	376.800	0.000	0.000	9.505	0.000	0.000	0.000	1.000	0.000	0.000	0.000	0.000	0.000	0.000	0.000	0.000	0.000	0.000
3738946913.365	225.568	226.061	225.359	0.000	225.583	294.843	0.000	292.278	0.000	155.000	163.000	0.000	0.000	0.000	0.000	0.000	0.000	0.000	0.000	0.000	-0.142	1.305	6.290	14817.524	-376.800	93.494	0.000	0.100	0.100	749.137	376.800	0.000	0.000	8.477	0.000	0.000	0.000	1.000	0.000	0.000	0.000	0.000	0.000	0.000	0.000	0.000	0.000	0.000
3738946923.365	225.562	226.063	225.350	0.000	225.579	294.824	0.000	292.276	0.000	155.000	163.000	0.000	0.000	0.000	0.000	0.000	0.000	0.000	0.000	0.000	0.464	3.876	1.149	14817.524	-376.800	93.357	0.000	0.100	0.100	753.047	376.800	0.000	0.000	8.477	0.000	0.000	0.000	1.000	0.000	0.000	0.000	0.000	0.000	0.000	0.000	0.000	0.000	0.000
3738946933.366	225.570	226.064	225.348	0.000	225.581	294.811	0.000	292.278	0.000	155.000	163.000	0.000	0.000	0.000	0.000	0.000	0.000	0.000	0.000	0.000	0.161	3.876	6.290	14527.913	-376.800	93.309	0.000	0.100	0.100	748.355	376.800	0.000	0.000	7.963	0.000	0.000	0.000	1.000	0.000	0.000	0.000	0.000	0.000	0.000	0.000	0.000	0.000	0.000
3738946943.365	225.577	226.054	225.363	0.000	225.583	294.799	0.000	292.279	0.000	155.000	163.000	0.000	0.000	0.000	0.000	0.000	0.000	0.000	0.000	0.000	0.464	6.446	3.719	14817.524	-376.800	92.520	0.000	0.100	0.100	739.755	376.800	0.000	0.000	7.449	0.000	0.000	0.000	1.000	0.000	0.000	0.000	0.000	0.000	0.000	0.000	0.000	0.000	0.000
3738946953.365	225.588	226.076	225.370	0.000	225.592	294.805	0.000	292.271	0.000	155.000	163.000	0.000	0.000	0.000	0.000	0.000	0.000	0.000	0.000	0.000	-0.142	3.876	6.290	14527.913	-376.800	93.912	0.000	0.100	0.100	744.446	376.800	0.000	0.000	6.934	0.000	0.000	0.000	1.000	0.000	0.000	0.000	0.000	0.000	0.000	0.000	0.000	0.000	0.000
3738946963.364	225.571	226.061	225.361	0.000	225.588	294.802	0.000	292.272	0.000	155.000	163.000	0.000	0.000	0.000	0.000	0.000	0.000	0.000	0.000	0.000	0.464	3.876	1.149	14527.913	-376.800	93.125	0.000	0.100	0.100	742.883	376.800	0.000	0.000	6.934	0.000	0.000	0.000	1.000	0.000	0.000	0.000	0.000	0.000	0.000	0.000	0.000	0.000	0.000
3738946973.364	225.585	226.078	225.373	0.000	225.588	294.794	0.000	292.277	0.000	155.000	163.000	0.000	0.000	0.000	0.000	0.000	0.000	0.000	0.000	0.000	-0.142	3.876	6.290	14817.524	-376.800	93.079	0.000	0.100	0.100	744.446	376.800	0.000	0.000	6.420	0.000	0.000	0.000	1.000	0.000	0.000	0.000	0.000	0.000	0.000	0.000	0.000	0.000	0.000
3738946983.364	225.567	226.074	225.361	0.000	225.582	294.795	0.000	292.273	0.000	155.000	163.000	0.000	0.000	0.000	0.000	0.000	0.000	0.000	0.000	0.000	-0.142	-1.266	6.290	14243.963	-376.800	93.634	0.000	0.100	0.100	746.792	376.800	0.000	0.000	6.420	0.000	0.000	0.000	1.000	0.000	0.000	0.000	0.000	0.000	0.000	0.000	0.000	0.000	0.000
3738946993.365	225.561	226.075	225.367	0.000	225.579	294.808	0.000	292.275	0.000	155.000	163.000	0.000	0.000	0.000	0.000	0.000	0.000	0.000	0.000	0.000	-0.142	1.305	6.290	14817.524	-376.800	93.633	0.000	0.100	0.100	752.265	376.800	0.000	0.000	5.906	0.000	0.000	0.000	1.000	208.600	206.100	-0.000	-0.000	-0.000	-0.000	-0.000	0.000	0.000	0.000
3738947003.365	225.573	226.106	225.389	0.000	225.579	294.815	0.000	292.289	0.000	155.000	163.000	0.000	0.000	0.000	0.000	0.000	0.000	0.000	0.000	0.000	-0.142	-1.266	6.290	14817.524	-376.800	93.633	0.000	0.100	0.100	744.446	376.800	0.000	0.000	5.906	0.000	0.000	0.000	1.000	389.200	23.600	19.400	14.700	26.300	-1.900	14.700	0.000	0.000	0.000
3738947013.366	225.559	226.107	225.390	0.000	225.576	294.809	0.000	292.276	0.000	155.000	163.000	0.000	0.000	0.000	0.000	0.000	0.000	0.000	0.000	0.000	0.161	3.876	1.149	14527.913	-376.800	93.958	0.000	0.100	0.100	747.573	376.800	0.000	0.000	4.878	0.000	0.000	0.000	1.000	391.700	19.800	18.900	15.300	33.800	-14.100	15.300	0.000	0.000	0.000
3738947023.365	225.566	226.115	225.410	0.000	225.582	294.802	0.000	292.273	0.000	155.000	163.000	0.000	0.000	0.000	0.000	0.000	0.000	0.000	0.000	0.000	0.161	-1.266	3.719	14817.524	-376.800	93.773	0.000	0.100	0.100	747.574	376.800	0.000	0.000	4.363	0.000	0.000	0.000	1.000	401.900	19.100	18.900	15.300	33.200	-22.600	15.300	0.000	0.000	0.000
3738947033.365	225.575	226.122	225.402	0.000	225.567	294.812	0.000	292.276	0.000	155.000	163.000	0.000	0.000	0.000	0.000	0.000	0.000	0.000	0.000	0.000	0.161	1.305	1.149	14817.524	-376.800	93.913	0.000	0.100	0.100	742.882	376.800	0.000	0.000	3.335	0.000	0.000	0.000	1.000	366.200	20.400	18.900	15.300	36.000	-27.700	15.300	0.000	0.000	0.000
3738947043.365	225.567	226.118	225.391	0.000	225.558	294.804	0.000	292.282	0.000	155.000	163.000	0.000	0.000	0.000	0.000	0.000	0.000	0.000	0.000	0.000	0.161	1.305	3.719	14527.913	-376.800	93.913	0.000	0.100	0.100	749.919	376.800	0.000	0.000	3.335	0.000	0.000	0.000	1.000	407.000	20.400	18.900	15.300	37.700	-31.200	15.300	0.000	0.000	0.000
3738947053.366	225.592	226.130	225.403	0.000	225.570	294.812	0.000	292.278	0.000	155.000	163.000	0.000	0.000	0.000	0.000	0.000	0.000	0.000	0.000	0.000	-0.142	1.305	8.861	14527.913	-376.800	92.800	0.000	0.100	0.100	749.138	376.800	0.000	0.000	3.849	0.000	0.000	0.000	1.000	412.800	19.100	18.900	15.300	38.300	-33.800	15.300	0.000	0.000	0.000
3738947063.366	225.571	226.123	225.402	0.000	225.567	294.810	0.000	292.264	0.000	155.000	163.000	0.000	0.000	0.000	0.000	0.000	0.000	0.000	0.000	0.000	0.161	-1.266	8.861	14817.524	-376.800	93.124	0.000	0.100	0.100	747.574	376.800	0.000	0.000	2.821	0.000	0.000	0.000	1.000	412.800	19.800	18.900	15.300	38.800	-36.200	15.300	0.000	0.000	0.000
3738947073.366	225.579	226.137	225.413	0.000	225.565	294.809	0.000	292.287	0.000	155.000	163.000	0.000	0.000	0.000	0.000	0.000	0.000	0.000	0.000	0.000	-0.142	-1.266	3.719	14817.524	-376.800	92.567	0.000	0.100	0.100	737.409	376.800	0.000	0.000	2.307	0.000	0.000	0.000	1.000	330.500	17.200	18.900	15.300	38.800	-38.300	15.300	0.000	0.000	0.000
3738947083.365	225.565	226.121	225.388	0.000	225.565	294.808	0.000	292.279	0.000	155.000	163.000	0.000	0.000	0.000	0.000	0.000	0.000	0.000	0.000	0.000	-0.142	1.305	3.719	14817.524	-376.800	92.706	0.000	0.100	0.100	742.882	376.800	0.000	0.000	1.792	0.000	0.000	0.000	1.000	364.300	19.800	18.900	15.300	38.800	-40.400	15.300	0.000	0.000	0.000
3738947093.366	225.571	226.132	225.405	0.000	225.575	294.823	0.000	292.288	0.000	155.000	163.000	0.000	0.000	0.000	0.000	0.000	0.000	0.000	0.000	0.000	0.464	1.305	6.290	14817.524	-376.800	93.308	0.000	0.100	0.100	749.919	376.800	0.000	0.000	1.792	0.000	0.000	0.000	1.000	361.100	19.100	18.900	15.300	38.800	-42.300	15.300	0.000	0.000	0.000
3738947103.366	225.575	226.134	225.411	0.000	225.583	294.824	0.000	292.291	0.000	155.000	163.000	0.000	0.000	0.000	0.000	0.000	0.000	0.000	0.000	0.000	0.464	1.305	3.719	14527.913	-376.800	92.892	0.000	0.100	0.100	740.537	376.800	0.000	0.000	9.505	0.000	0.000	0.000	1.000	355.400	18.500	18.900	15.800	38.800	-44.000	15.800	0.000	0.000	0.000
3738947113.365	225.572	226.136	225.404	0.000	225.578	294.835	0.000	292.296	0.000	155.000	163.000	0.000	0.000	0.000	0.000	0.000	0.000	0.000	0.000	0.000	0.161	1.305	6.290	14817.524	-376.800	92.893	0.000	0.100	0.100	739.755	376.800	0.000	0.000	11.048	0.000	0.000	0.000	1.000	331.100	19.800	18.900	15.800	38.800	-46.000	15.300	0.000	0.000	0.000
3738947123.364	225.560	226.132	225.423	0.000	225.590	294.822	0.000	292.299	0.000	155.000	163.000	0.000	0.000	0.000	0.000	0.000	0.000	0.000	0.000	0.000	-0.142	1.305	6.290	14817.524	-376.800	93.357	0.000	0.100	0.100	738.191	376.800	0.000	0.000	10.534	0.000	0.000	0.000	1.000	372.000	19.100	18.900	15.800	38.300	-47.600	15.300	0.000	0.000	0.000
3738947133.366	225.561	226.133	225.407	0.000	225.584	294.809	0.000	292.288	0.000	155.000	163.000	0.000	0.000	0.000	0.000	0.000	0.000	0.000	0.000	0.000	-0.142	1.305	3.719	14527.913	-376.800	93.263	0.000	0.100	0.100	743.664	376.800	0.000	0.000	10.020	0.000	0.000	0.000	1.000	300.500	17.900	18.900	15.800	38.300	-49.200	15.300	0.000	0.000	0.000
3738947143.365	225.565	226.142	225.405	0.000	225.587	294.795	0.000	292.287	0.000	155.000	163.000	0.000	0.000	0.000	0.000	0.000	0.000	0.000	0.000	0.000	0.766	3.876	6.290	14527.913	-376.800	93.262	0.000	0.100	0.100	746.010	376.800	0.000	0.000	8.991	0.000	0.000	0.000	1.000	341.300	18.500	18.900	15.800	37.700	-51.900	15.300	0.000	0.000	0.000
3738947153.365	225.592	226.151	225.433	0.000	225.594	294.793	0.000	292.284	0.000	155.000	163.000	0.000	0.000	0.000	0.000	0.000	0.000	0.000	0.000	0.000	0.161	3.876	6.290	14817.524	-376.800	93.632	0.000	0.100	0.100	746.010	376.800	0.000	0.000	8.477	0.000	0.000	0.000	1.000	331.100	17.900	18.900	15.800	37.700	-57.300	15.300	0.000	0.000	0.000
3738947163.364	225.604	226.174	225.446	0.000	225.613	294.820	0.000	292.287	0.000	155.000	163.000	0.000	0.000	0.000	0.000	0.000	0.000	0.000	0.000	0.000	-0.142	3.876	1.149	14817.524	-376.800	93.633	0.000	0.100	0.100	751.483	376.800	0.000	0.000	8.991	0.000	0.000	0.000	1.000	350.900	17.200	18.400	15.800	37.700	-75.500	15.300	0.000	0.000	0.000
3738947173.365	225.604	226.161	225.442	0.000	225.595	294.822	0.000	292.290	0.000	155.000	163.000	0.000	0.000	0.000	0.000	0.000	0.000	0.000	0.000	0.000	0.161	3.876	3.719	14817.524	-376.800	93.355	0.000	0.100	0.100	742.100	376.800	0.000	0.000	7.963	0.000	0.000	0.000	1.000	361.700	17.900	18.400	15.800	36.500	-94.200	15.300	0.000	0.000	0.000
3738947183.366	225.607	226.160	225.443	0.000	225.604	294.834	0.000	292.289	0.000	155.000	163.000	0.000	0.000	0.000	0.000	0.000	0.000	0.000	0.000	0.000	-0.142	1.305	1.149	14527.913	-376.800	92.846	0.000	0.100	0.100	745.228	376.800	0.000	0.000	7.449	0.000	0.000	0.000	1.000	320.900	16.000	17.800	15.800	36.500	-105.700	15.300	0.000	0.000	0.000
3738947193.364	225.595	226.161	225.428	0.000	225.597	294.840	0.000	292.291	0.000	155.000	163.000	0.000	0.000	0.000	0.000	0.000	0.000	0.000	0.000	0.000	0.464	1.305	1.149	14817.524	-376.800	93.635	0.000	0.100	0.100	740.536	376.800	0.000	0.000	7.449	0.000	0.000	0.000	1.000	313.900	16.000	17.800	15.800	36.500	-112.000	15.800	0.000	0.000	0.000
3738947203.366	225.583	226.153	225.427	0.000	225.588	294.832	0.000	292.273	0.000	155.000	163.000	0.000	0.000	0.000	0.000	0.000	0.000	0.000	0.000	0.000	-0.142	1.305	8.861	15112.908	-376.800	93.496	0.000	0.100	0.100	742.101	376.800	0.000	0.000	7.449	0.000	0.000	0.000	1.000	259.700	17.200	17.800	15.800	36.500	-116.600	15.300	0.000	0.000	0.000
3738947213.365	225.584	226.147	225.423	0.000	225.587	294.839	0.000	292.284	0.000	155.000	163.000	0.000	0.000	0.000	0.000	0.000	0.000	0.000	0.000	0.000	0.464	1.305	6.290	14817.524	-376.800	92.800	0.000	0.100	0.100	745.228	376.800	0.000	0.000	6.420	0.000	0.000	0.000	1.000	299.900	19.100	18.400	15.800	36.500	-120.000	15.300	0.000	0.000	0.000
3738947223.365	225.570	226.154	225.411	0.000	225.591	294.853	0.000	292.286	0.000	155.000	163.000	0.000	0.000	0.000	0.000	0.000	0.000	0.000	0.000	0.000	0.161	1.305	1.149	14817.524	-376.800	93.123	0.000	0.100	0.100	749.919	376.800	0.000	0.000	4.878	0.000	0.000	0.000	1.000	269.900	20.400	17.800	15.800	37.100	-122.800	15.300	0.000	0.000	0.000
3738947233.365	225.582	226.172	225.432	0.000	225.596	294.861	0.000	292.299	0.000	155.000	163.000	0.000	0.000	0.000	0.000	0.000	0.000	0.000	0.000	0.000	0.161	3.876	1.149	14817.524	-376.800	92.613	0.000	0.100	0.100	739.755	376.800	0.000	0.000	5.392	0.000	0.000	0.000	1.000	283.900	20.400	18.400	15.800	38.300	-125.000	15.300	0.000	0.000	0.000
3738947243.364	225.581	226.159	225.434	0.000	225.601	294.861	0.000	292.304	0.000	155.000	163.000	0.000	0.000	0.000	0.000	0.000	0.000	0.000	0.000	0.000	0.161	3.876	3.719	15112.908	-376.800	92.520	0.000	0.100	0.100	743.664	376.800	0.000	0.000	5.392	0.000	0.000	0.000	1.000	228.400	17.900	18.400	16.300	38.300	-126.600	15.300	0.000	0.000	0.000
3738947253.365	225.567	226.159	225.428	0.000	225.608	294.840	0.000	292.304	0.000	155.000	163.000	0.000	0.000	0.000	0.000	0.000	0.000	0.000	0.000	0.000	0.161	1.305	6.290	14817.524	-376.800	93.540	0.000	0.100	0.100	741.319	376.800	0.000	0.000	4.878	0.000	0.000	0.000	1.000	264.100	20.400	17.800	15.800	37.700	-128.800	15.800	0.000	0.000	0.000
3738947263.364	225.590	226.178	225.443	0.000	225.623	294.846	0.000	292.304	0.000	155.000	163.000	0.000	0.000	0.000	0.000	0.000	0.000	0.000	0.000	0.000	0.464	1.305	6.290	15112.908	-376.800	93.401	0.000	0.100	0.100	748.356	376.800	0.000	0.000	4.363	0.000	0.000	0.000	1.000	285.200	21.100	18.400	16.300	37.100	-130.400	16.300	0.000	0.000	0.000
3738947273.365	225.594	226.167	225.453	0.000	225.611	294.843	0.000	292.307	0.000	155.000	163.000	0.000	0.000	0.000	0.000	0.000	0.000	0.000	0.000	0.000	0.161	1.305	3.719	14527.913	-376.800	93.077	0.000	0.100	0.100	741.319	376.800	0.000	0.000	4.363	0.000	0.000	0.000	1.000	250.700	20.400	17.800	15.800	37.100	-131.500	15.800	0.000	0.000	0.000
3738947283.365	225.582	226.180	225.443	0.000	225.597	294.835	0.000	292.299	0.000	155.000	163.000	0.000	0.000	0.000	0.000	0.000	0.000	0.000	0.000	0.000	0.161	-1.266	6.290	15112.908	-376.800	93.355	0.000	0.100	0.100	754.611	376.800	0.000	0.000	3.849	0.000	0.000	0.000	1.000	262.200	20.400	17.800	16.300	36.500	-132.600	16.300	0.000	0.000	0.000
3738947293.364	225.616	226.197	225.467	0.000	225.636	294.852	0.000	292.308	0.000	155.000	163.000	0.000	0.000	0.000	0.000	0.000	0.000	0.000	0.000	0.000	-0.142	1.305	6.290	14817.524	-376.800	93.216	0.000	0.100	0.100	743.664	376.800	0.000	0.000	3.849	0.000	0.000	0.000	1.000	264.100	19.800	17.800	16.300	36.000	-133.300	16.300	0.000	0.000	0.000
3738947303.364	225.616	226.194	225.474	0.000	225.622	294.849	0.000	292.296	0.000	155.000	163.000	0.000	0.000	0.000	0.000	0.000	0.000	0.000	0.000	0.000	0.161	3.876	3.719	14817.524	-376.800	92.661	0.000	0.100	0.100	738.973	376.800	0.000	0.000	2.821	0.000	0.000	0.000	1.000	236.700	18.500	18.400	16.300	36.000	-134.100	16.300	0.000	0.000	0.000
3738947313.364	225.624	226.182	225.469	0.000	225.614	294.843	0.000	292.288	0.000	155.000	163.000	0.000	0.000	0.000	0.000	0.000	0.000	0.000	0.000	0.000	0.161	3.876	3.719	14527.913	-376.800	93.079	0.000	0.100	0.100	746.010	376.800	0.000	0.000	2.307	0.000	0.000	0.000	1.000	228.400	18.500	17.800	16.300	34.900	-134.900	16.300	0.000	0.000	0.000
3738947323.364	225.636	226.205	225.474	0.000	225.622	294.857	0.000	292.297	0.000	155.000	163.000	0.000	0.000	0.000	0.000	0.000	0.000	0.000	0.000	0.000	-0.142	1.305	6.290	14817.524	-376.800	93.588	0.000	0.100	0.100	745.228	376.800	0.000	0.000	2.821	0.000	0.000	0.000	1.000	238.600	16.600	17.800	16.800	34.900	-135.900	16.300	0.000	0.000	0.000
3738947333.365	225.616	226.196	225.459	0.000	225.614	294.848	0.000	292.295	0.000	155.000	163.000	0.000	0.000	0.000	0.000	0.000	0.000	0.000	0.000	0.000	-0.142	3.876	1.149	15112.908	-376.800	93.911	0.000	0.100	0.100	745.228	376.800	0.000	0.000	1.792	0.000	0.000	0.000	1.000	238.600	19.100	17.800	16.300	34.900	-136.700	16.300	0.000	0.000	0.000
3738947343.364	225.603	226.198	225.461	0.000	225.613	294.854	0.000	292.303	0.000	155.000	163.000	0.000	0.000	0.000	0.000	0.000	0.000	0.000	0.000	0.000	0.161	1.305	3.719	15112.908	-376.800	92.798	0.000	0.100	0.100	742.100	376.800	0.000	0.000	5.392	0.000	0.000	0.000	1.000	188.200	18.500	17.800	16.300	34.300	-137.200	16.300	0.000	0.000	0.000
3738947353.364	225.620	226.207	225.475	0.000	225.622	294.866	0.000	292.298	0.000	155.000	163.000	0.000	0.000	0.000	0.000	0.000	0.000	0.000	0.000	0.000	-0.142	-1.266	1.149	15112.908	-376.800	92.984	0.000	0.100	0.100	744.447	376.800	0.000	0.000	10.534	0.000	0.000	0.000	1.000	228.400	17.200	17.800	16.800	34.300	-137.900	16.300	0.000	0.000	0.000
3738947363.366	225.651	226.229	225.480	0.000	225.636	294.880	0.000	292.302	0.000	155.000	163.000	0.000	0.000	0.000	0.000	0.000	0.000	0.000	0.000	0.000	0.161	1.305	1.149	14527.913	-376.800	93.866	0.000	0.100	0.100	748.356	376.800	0.000	0.000	10.534	0.000	0.000	0.000	1.000	203.500	18.500	17.800	16.800	34.300	-138.300	16.300	0.000	0.000	0.000
3738947373.364	225.630	226.218	225.472	0.000	225.622	294.867	0.000	292.299	0.000	155.000	163.000	0.000	0.000	0.000	0.000	0.000	0.000	1.000	1.000	0.000	0.161	6.446	3.719	14527.913	-376.800	92.986	0.000	0.100	0.100	752.265	376.800	0.000	0.000	10.534	0.000	0.000	0.000	1.000	198.400	17.900	17.800	16.800	33.800	-138.700	16.300	0.000	0.000	0.000
3738947383.364	225.638	226.223	225.487	0.000	225.639	294.880	0.000	292.314	0.000	155.000	163.000	0.000	0.000	0.000	0.000	0.000	0.000	1.000	1.000	0.000	0.161	-1.266	1.149	14817.524	-376.800	93.310	0.000	0.100	0.100	754.611	376.800	0.000	0.000	10.020	0.000	0.000	0.000	1.000	223.900	21.100	13.700	17.400	34.300	-137.000	16.300	0.000	0.000	0.000
3738947393.364	225.664	226.221	225.488	0.000	225.647	294.888	0.000	292.302	0.000	155.000	163.000	0.000	0.000	0.000	0.000	0.000	0.000	1.000	1.000	0.000	0.464	1.305	3.719	14817.524	-376.800	93.542	0.000	0.100	0.100	745.228	376.800	0.000	0.000	9.505	0.000	0.000	0.000	1.000	184.400	22.300	-17.700	17.400	34.300	-134.900	15.800	0.000	0.000	0.000
3738947403.365	225.715	226.223	225.491	0.000	225.649	294.894	0.000	292.304	0.000	155.000	163.000	0.000	0.000	0.000	0.000	0.000	0.000	1.000	1.000	0.000	0.161	-1.266	3.719	14527.913	-376.800	92.986	0.000	0.100	0.100	749.137	376.800	0.000	0.000	8.991	0.000	0.000	0.000	1.000	211.800	23.000	-101.400	17.800	33.800	-132.800	15.300	0.000	0.000	0.000
3738947413.365	225.769	226.216	225.487	0.000	225.673	294.896	0.000	292.301	0.000	155.000	163.000	0.000	0.000	0.000	0.000	0.000	0.000	1.000	1.000	0.000	0.161	3.876	3.719	14817.524	-376.800	92.801	0.000	0.100	0.100	738.973	376.800	0.000	0.000	7.963	0.000	0.000	0.000	1.000	198.400	24.200	-111.700	18.900	34.900	-131.500	15.300	0.000	0.000	0.000
3738947423.365	225.846	226.213	225.483	0.000	225.707	294.893	0.000	292.307	0.000	155.000	163.000	0.000	0.000	0.000	0.000	0.000	0.000	1.000	1.000	0.000	-0.142	3.876	6.290	14817.524	-376.800	93.124	0.000	0.100	0.100	738.973	376.800	0.000	0.000	7.963	0.000	0.000	0.000	1.000	214.400	25.500	-113.400	17.400	34.900	-129.900	15.300	0.000	0.000	0.000
3738947433.365	226.033	226.231	225.488	0.000	225.791	294.907	0.000	292.311	0.000	155.000	163.000	0.000	0.000	0.000	0.000	0.000	0.000	1.000	1.000	0.000	-0.142	3.876	3.719	14527.913	-376.800	92.937	0.000	0.100	0.100	740.537	376.800	0.000	0.000	7.449	0.000	0.000	0.000	1.000	223.900	26.200	-112.900	11.200	34.300	-127.700	15.300	0.000	0.000	0.000
3738947443.364	226.197	226.234	225.508	0.000	225.907	294.902	0.000	292.315	0.000	155.000	163.000	0.000	0.000	0.000	0.000	0.000	0.000	1.000	1.000	0.000	-0.142	-1.266	6.290	14817.524	-376.800	93.263	0.000	0.100	0.100	739.755	376.800	0.000	0.000	6.934	0.000	0.000	0.000	1.000	264.100	26.800	-111.100	5.300	36.000	-125.000	15.300	0.000	0.000	0.000
3738947453.365	226.387	226.230	225.498	0.000	226.030	294.896	0.000	292.314	0.000	155.000	163.000	0.000	0.000	0.000	0.000	0.000	0.000	1.000	1.000	0.000	0.464	1.305	3.719	15112.908	-376.800	92.475	0.000	0.100	0.100	745.228	376.800	0.000	0.000	6.934	0.000	0.000	0.000	1.000	232.200	28.700	-109.300	-3.300	34.900	-122.500	15.300	0.000	0.000	0.000
3738947463.364	226.531	226.221	225.491	0.000	226.173	294.896	0.000	292.310	0.000	155.000	163.000	0.000	0.000	0.000	0.000	0.000	0.000	1.000	1.000	0.000	0.464	1.305	3.719	14527.913	-376.800	93.218	0.000	0.100	0.100	746.791	376.800	0.000	0.000	6.420	0.000	0.000	0.000	1.000	234.100	24.200	-107.500	-10.800	34.900	-120.800	15.300	0.000	0.000	0.000
3738947473.365	226.628	226.222	225.494	0.000	226.307	294.873	0.000	292.308	0.000	155.000	163.000	0.000	0.000	0.000	0.000	0.000	0.000	1.000	1.000	0.000	0.464	3.876	6.290	14527.913	-376.800	94.377	0.000	0.100	0.100	749.138	376.800	0.000	0.000	5.906	0.000	0.000	0.000	1.000	241.200	27.400	-106.600	-17.200	34.900	-119.700	15.300	0.000	0.000	0.000
3738947483.365	226.688	226.228	225.495	0.000	226.386	294.889	0.000	292.300	0.000	155.000	163.000	0.000	0.000	0.000	0.000	0.000	0.000	1.000	1.000	0.000	-0.142	3.876	3.719	15112.908	-376.800	93.032	0.000	0.100	0.100	741.318	376.800	0.000	0.000	5.392	0.000	0.000	0.000	1.000	257.100	26.200	-106.000	-23.400	34.900	-118.900	15.300	0.000	0.000	0.000
3738947493.364	226.687	226.219	225.500	0.000	226.412	294.878	0.000	292.292	0.000	155.000	163.000	0.000	0.000	0.000	0.000	0.000	0.000	1.000	1.000	0.000	0.161	-1.266	3.719	14527.913	-376.800	93.218	0.000	0.100	0.100	747.573	376.800	0.000	0.000	5.392	0.000	0.000	0.000	1.000	259.700	23.600	-106.000	-29.500	35.400	-118.600	15.300	0.000	0.000	0.000
3738947503.365	226.632	226.233	225.518	0.000	226.392	294.877	0.000	292.277	0.000	155.000	163.000	0.000	0.000	0.000	0.000	0.000	0.000	1.000	1.000	0.000	0.161	6.446	1.149	14817.524	-376.800	93.496	0.000	0.100	0.100	750.701	376.800	0.000	0.000	5.392	0.000	0.000	0.000	1.000	247.500	24.900	-105.700	-35.000	34.900	-118.200	15.300	0.000	0.000	0.000
3738947513.364	226.534	226.251	225.528	0.000	226.353	294.869	0.000	292.262	0.000	155.000	163.000	0.000	0.000	0.000	0.000	0.000	0.000	1.000	1.000	0.000	0.161	-1.266	1.149	14527.913	-376.800	93.032	0.000	0.100	0.100	738.973	376.800	0.000	0.000	4.363	0.000	0.000	0.000	1.000	285.200	26.200	-104.800	-39.900	35.400	-118.200	15.800	0.000	0.000	0.000
3738947523.366	226.406	226.264	225.552	0.000	226.287	294.877	0.000	292.268	0.000	155.000	163.000	0.000	0.000	0.000	0.000	0.000	0.000	1.000	1.000	0.000	0.161	6.446	6.290	14817.524	-376.800	93.402	0.000	0.100	0.100	740.536	376.800	0.000	0.000	4.363	0.000	0.000	0.000	1.000	250.700	21.700	-105.100	-44.800	35.400	-118.200	15.300	0.000	0.000	0.000
3738947533.366	226.227	226.255	225.543	0.000	226.169	294.874	0.000	292.249	0.000	155.000	163.000	0.000	0.000	0.000	0.000	0.000	0.000	1.000	1.000	0.000	0.464	6.446	3.719	14817.524	-376.800	94.005	0.000	0.100	0.100	746.010	376.800	0.000	0.000	3.849	0.000	0.000	0.000	1.000	292.800	26.200	-104.800	-48.700	36.000	-118.000	15.300	0.000	0.000	0.000
3738947543.365	226.035	226.260	225.573	0.000	226.035	294.875	0.000	292.245	0.000	155.000	163.000	0.000	0.000	0.000	0.000	0.000	0.000	1.000	1.000	0.000	-0.142	1.305	3.719	14527.913	-376.800	93.587	0.000	0.100	0.100	745.228	376.800	0.000	0.000	2.821	0.000	0.000	0.000	1.000	264.100	26.200	-105.100	-52.700	34.900	-118.200	15.300	0.000	0.000	0.000
3738947553.365	225.786	226.252	225.573	0.000	225.867	294.877	0.000	292.251	0.000	155.000	163.000	0.000	0.000	0.000	0.000	0.000	0.000	1.000	1.000	0.000	0.161	1.305	6.290	14527.913	-376.800	93.124	0.000	0.100	0.100	739.755	376.800	0.000	0.000	2.821	0.000	0.000	0.000	1.000	239.300	23.000	-106.000	-56.900	34.900	-118.200	14.700	0.000	0.000	0.000
3738947563.364	225.506	226.237	225.572	0.000	225.682	294.893	0.000	292.234	0.000	155.000	163.000	0.000	0.000	0.000	0.000	0.000	0.000	1.000	1.000	0.000	0.161	3.876	3.719	14817.524	-376.800	92.799	0.000	0.100	0.100	738.972	376.800	0.000	0.000	1.792	0.000	0.000	0.000	1.000	280.100	22.300	-106.000	-60.300	34.900	-118.200	14.700	0.000	0.000	0.000
3738947573.364	225.203	226.244	225.574	0.000	225.454	294.888	0.000	292.230	0.000	155.000	163.000	0.000	0.000	0.000	0.000	0.000	0.000	1.000	1.000	0.000	0.464	1.305	3.719	14817.524	-376.800	93.447	0.000	0.100	0.100	739.755	376.800	0.000	0.000	2.307	0.000	0.000	0.000	1.000	265.400	22.300	-106.300	-63.200	34.900	-118.200	14.700	0.000	0.000	0.000
3738947583.364	224.901	226.243	225.575	0.000	225.216	294.883	0.000	292.218	0.000	155.000	163.000	0.000	0.000	0.000	0.000	0.000	0.000	1.000	1.000	0.000	-0.142	1.305	3.719	14527.913	-376.800	93.169	0.000	0.100	0.100	742.882	376.800	0.000	0.000	1.278	0.000	0.000	0.000	1.000	238.600	22.300	-106.600	-66.200	35.400	-118.600	14.300	0.000	0.000	0.000
3738947593.366	224.595	226.245	225.578	0.000	224.961	294.892	0.000	292.213	0.000	155.000	163.000	0.000	0.000	0.000	0.000	0.000	0.000	1.000	1.000	0.000	0.161	3.876	1.149	14527.913	-376.800	94.050	0.000	0.100	0.100	741.318	376.800	0.000	0.000	11.048	0.000	0.000	0.000	1.000	254.600	22.300	-106.600	-69.100	35.400	-118.600	14.300	0.000	0.000	0.000
3738947603.364	224.297	226.251	225.576	0.000	224.727	294.889	0.000	292.208	0.000	155.000	163.000	0.000	0.000	0.000	0.000	0.000	0.000	1.000	1.000	0.000	-0.142	3.876	6.290	14817.524	-376.800	92.891	0.000	0.100	0.100	737.408	376.800	0.000	0.000	10.534	0.000	0.000	0.000	1.000	249.500	23.000	-106.300	-71.300	36.000	-118.900	14.700	0.000	0.000	0.000
3738947613.365	224.019	226.247	225.573	0.000	224.483	294.898	0.000	292.205	0.000	155.000	163.000	0.000	0.000	0.000	0.000	0.000	0.000	1.000	1.000	0.000	0.161	1.305	3.719	14817.524	-376.800	93.679	0.000	0.100	0.100	742.882	376.800	0.000	0.000	10.020	0.000	0.000	0.000	1.000	259.000	23.000	-106.600	-73.400	34.900	-118.900	14.300	0.000	0.000	0.000
3738947623.365	223.730	226.237	225.553	0.000	224.247	294.892	0.000	292.199	0.000	155.000	163.000	0.000	0.000	0.000	0.000	0.000	0.000	1.000	1.000	0.000	0.161	3.876	6.290	14527.913	-376.800	92.474	0.000	0.100	0.100	742.101	376.800	0.000	0.000	9.505	0.000	0.000	0.000	1.000	239.300	24.900	-106.600	-75.100	34.300	-118.900	14.300	0.000	0.000	0.000
3738947633.366	223.462	226.234	225.543	0.000	224.027	294.884	0.000	292.191	0.000	155.000	163.000	0.000	0.000	0.000	0.000	0.000	0.000	1.000	1.000	0.000	0.161	1.305	3.719	14817.524	-376.800	93.401	0.000	0.100	0.100	738.190	376.800	0.000	0.000	9.505	0.000	0.000	0.000	1.000	233.500	21.100	-107.200	-76.900	34.900	-118.900	14.300	0.000	0.000	0.000
3738947643.365	223.239	226.234	225.555	0.000	223.847	294.876	0.000	292.188	0.000	155.000	163.000	0.000	0.000	0.000	0.000	0.000	0.000	1.000	1.000	0.000	-0.142	3.876	3.719	14817.524	-376.800	93.447	0.000	0.100	0.100	742.882	376.800	0.000	0.000	8.991	0.000	0.000	0.000	1.000	237.300	22.300	-107.200	-78.200	35.400	-119.500	14.300	0.000	0.000	0.000
3738947653.365	222.988	226.243	225.544	0.000	223.629	294.872	0.000	292.188	0.000	155.000	163.000	0.000	0.000	0.000	0.000	0.000	0.000	1.000	1.000	0.000	0.161	-1.266	6.290	14527.913	-376.800	93.494	0.000	0.100	0.100	744.446	376.800	0.000	0.000	8.991	0.000	0.000	0.000	1.000	252.000	22.300	-107.500	-80.000	34.300	-119.500	13.200	0.000	0.000	0.000
3738947663.364	222.712	226.234	225.548	0.000	223.419	294.865	0.000	292.190	0.000	155.000	163.000	0.000	0.000	0.000	0.000	0.000	0.000	1.000	1.000	0.000	0.464	1.305	3.719	14817.524	-376.800	93.077	0.000	0.100	0.100	742.882	376.800	0.000	0.000	7.963	0.000	0.000	0.000	1.000	263.500	25.500	-107.500	-81.600	34.300	-119.500	13.200	0.000	0.000	0.000
3738947673.365	222.470	226.245	225.555	0.000	223.212	294.875	0.000	292.178	0.000	155.000	163.000	0.000	0.000	0.000	0.000	0.000	0.000	1.000	1.000	0.000	0.161	1.305	8.861	14817.524	-376.800	93.820	0.000	0.100	0.100	746.009	376.800	0.000	0.000	7.963	0.000	0.000	0.000	1.000	244.400	21.100	-107.800	-84.000	34.900	-119.700	13.200	0.000	0.000	0.000
3738947683.365	222.222	226.241	225.575	0.000	223.025	294.870	0.000	292.168	0.000	155.000	163.000	0.000	0.000	0.000	0.000	0.000	0.000	1.000	1.000	0.000	-0.142	3.876	3.719	14527.913	-376.800	93.496	0.000	0.100	0.100	745.227	376.800	0.000	0.000	6.934	0.000	0.000	0.000	1.000	228.400	22.300	-107.200	-85.400	34.900	-119.700	13.700	0.000	0.000	0.000
3738947693.364	221.977	226.252	225.559	0.000	222.845	294.875	0.000	292.162	0.000	155.000	163.000	0.000	0.000	0.000	0.000	0.000	0.000	1.000	1.000	0.000	-0.142	3.876	1.149	15112.908	-376.800	94.006	0.000	0.100	0.100	748.355	376.800	0.000	0.000	7.449	0.000	0.000	0.000	1.000	248.800	24.900	-106.900	-86.700	34.300	-119.700	13.200	0.000	0.000	0.000
3738947703.364	221.711	226.260	225.572	0.000	222.683	294.873	0.000	292.167	0.000	155.000	163.000	0.000	0.000	0.000	0.000	0.000	0.000	1.000	1.000	0.000	0.161	3.876	1.149	14817.524	-376.800	93.357	0.000	0.100	0.100	740.536	376.800	0.000	0.000	6.420	0.000	0.000	0.000	1.000	276.900	22.300	-107.800	-87.000	34.300	-119.700	13.200	0.000	0.000	0.000
3738947713.364	221.490	226.264	225.568	0.000	222.519	294.859	0.000	292.162	0.000	155.000	163.000	0.000	0.000	0.000	0.000	0.000	0.000	1.000	1.000	0.000	0.161	1.305	6.290	15112.908	-376.800	93.681	0.000	0.100	0.100	749.919	376.800	0.000	0.000	6.420	0.000	0.000	0.000	1.000	234.100	21.100	-107.800	-87.700	34.900	-119.700	12.200	0.000	0.000	0.000
3738947723.365	221.236	226.267	225.560	0.000	222.320	294.857	0.000	292.142	0.000	155.000	163.000	0.000	0.000	0.000	0.000	0.000	0.000	1.000	1.000	0.000	0.161	-1.266	3.719	14527.913	-376.800	93.449	0.000	0.100	0.100	742.882	376.800	0.000	0.000	5.906	0.000	0.000	0.000	1.000	266.700	24.900	-107.800	-88.000	33.800	-120.000	12.800	0.000	0.000	0.000
3738947733.364	221.030	226.263	225.561	0.000	222.153	294.855	0.000	292.138	0.000	155.000	163.000	0.000	0.000	0.000	0.000	0.000	0.000	1.000	1.000	0.000	0.161	3.876	6.290	14527.913	-376.800	92.801	0.000	0.100	0.100	742.882	376.800	0.000	0.000	5.392	0.000	0.000	0.000	1.000	239.300	21.100	-108.100	-88.000	34.300	-120.000	11.800	0.000	0.000	0.000
3738947743.364	220.831	226.264	225.553	0.000	222.022	294.858	0.000	292.136	0.000	155.000	163.000	0.000	0.000	0.000	0.000	0.000	0.000	1.000	1.000	0.000	0.161	-1.266	3.719	14527.913	-376.800	93.959	0.000	0.100	0.100	742.100	376.800	0.000	0.000	4.878	0.000	0.000	0.000	1.000	259.000	21.100	-107.800	-88.300	34.300	-120.000	12.200	0.000	0.000	0.000
3738947753.364	220.654	226.258	225.570	0.000	221.894	294.878	0.000	292.136	0.000	155.000	163.000	0.000	0.000	0.000	0.000	0.000	0.000	1.000	1.000	0.000	-0.142	3.876	6.290	14817.524	-376.800	93.634	0.000	0.100	0.100	741.319	376.800	0.000	0.000	4.363	0.000	0.000	0.000	1.000	269.900	24.200	-107.500	-88.700	34.300	-120.000	11.200	0.000	0.000	0.000
3738947763.365	220.456	226.270	225.577	0.000	221.743	294.870	0.000	292.125	0.000	155.000	163.000	0.000	0.000	0.000	0.000	0.000	0.000	1.000	1.000	0.000	0.161	1.305	3.719	14817.524	-376.800	93.124	0.000	0.100	0.100	742.882	376.800	0.000	0.000	4.878	0.000	0.000	0.000	1.000	257.100	21.100	-108.300	-89.000	34.300	-120.000	10.800	0.000	0.000	0.000
3738947773.365	220.270	226.250	225.583	0.000	221.609	294.888	0.000	292.112	0.000	155.000	163.000	0.000	0.000	0.000	0.000	0.000	0.000	1.000	1.000	0.000	0.464	3.876	3.719	14243.963	-376.800	93.542	0.000	0.100	0.100	749.137	376.800	0.000	0.000	4.363	0.000	0.000	0.000	1.000	241.200	24.900	-108.100	-89.000	33.800	-120.200	11.200	0.000	0.000	0.000
3738947783.365	220.027	226.240	225.570	0.000	221.465	294.883	0.000	292.100	0.000	155.000	163.000	0.000	0.000	0.000	0.000	0.000	0.000	1.000	1.000	0.000	0.161	3.876	3.719	15112.908	-376.800	93.635	0.000	0.100	0.100	745.228	376.800	0.000	0.000	3.335	0.000	0.000	0.000	1.000	249.500	21.100	-108.300	-89.300	34.300	-120.200	10.200	0.000	0.000	0.000
3738947793.365	219.882	226.270	225.599	0.000	221.370	294.888	0.000	292.100	0.000	155.000	163.000	0.000	0.000	0.000	0.000	0.000	0.000	1.000	1.000	0.000	0.161	1.305	6.290	14817.524	-376.800	93.542	0.000	0.100	0.100	739.754	376.800	0.000	0.000	3.335	0.000	0.000	0.000	1.000	264.800	24.200	-107.800	-89.300	34.300	-120.200	11.200	0.000	0.000	0.000
3738947803.364	219.661	226.269	225.593	0.000	221.252	294.884	0.000	292.098	0.000	155.000	163.000	0.000	0.000	0.000	0.000	0.000	0.000	1.000	1.000	0.000	0.161	3.876	6.290	14527.913	-376.800	93.171	0.000	0.100	0.100	739.755	376.800	0.000	0.000	2.307	0.000	0.000	0.000	1.000	274.300	23.600	-107.800	-89.700	34.300	-120.600	10.800	0.000	0.000	0.000
3738947813.365	219.488	226.262	225.583	0.000	221.133	294.880	0.000	292.088	0.000	155.000	163.000	0.000	0.000	0.000	0.000	0.000	0.000	1.000	1.000	0.000	-0.142	1.305	3.719	14817.524	-376.800	92.940	0.000	0.100	0.100	746.791	376.800	0.000	0.000	2.821	0.000	0.000	0.000	1.000	255.800	20.400	-108.300	-89.700	34.900	-120.600	9.700	0.000	0.000	0.000
3738947823.365	219.327	226.261	225.586	0.000	221.043	294.890	0.000	292.070	0.000	155.000	163.000	0.000	0.000	0.000	0.000	0.000	0.000	1.000	1.000	0.000	-0.142	6.446	3.719	14527.913	-376.800	93.820	0.000	0.100	0.100	740.536	376.800	0.000	0.000	2.307	0.000	0.000	0.000	1.000	224.600	24.900	-108.100	-89.700	34.300	-120.600	10.200	0.000	0.000	0.000
3738947833.365	219.091	226.257	225.586	0.000	220.939	294.894	0.000	292.076	0.000	155.000	163.000	0.000	0.000	0.000	0.000	0.000	0.000	1.000	1.000	0.000	0.161	6.446	3.719	14817.524	-376.800	93.635	0.000	0.100	0.100	742.100	376.800	0.000	0.000	7.963	0.000	0.000	0.000	1.000	259.700	24.900	-108.300	-90.000	34.300	-120.600	9.200	0.000	0.000	0.000
3738947843.366	218.921	226.235	225.569	0.000	220.832	294.882	0.000	292.068	0.000	155.000	163.000	0.000	0.000	0.000	0.000	0.000	0.000	1.000	1.000	0.000	-0.142	3.876	6.290	14817.524	-376.800	93.820	0.000	0.100	0.100	746.009	376.800	0.000	0.000	11.048	0.000	0.000	0.000	1.000	262.200	23.600	-108.300	-90.300	33.800	-120.600	9.200	0.000	0.000	0.000
3738947853.365	218.727	226.210	225.562	0.000	220.716	294.885	0.000	292.056	0.000	155.000	163.000	0.000	0.000	0.000	0.000	0.000	0.000	1.000	1.000	0.000	0.161	1.305	3.719	14243.963	-376.800	92.986	0.000	0.100	0.100	740.536	376.800	0.000	0.000	10.534	0.000	0.000	0.000	1.000	239.300	24.900	-108.300	-90.300	33.800	-120.600	9.200	0.000	0.000	0.000
3738947863.366	218.581	226.224	225.568	0.000	220.639	294.891	0.000	292.055	0.000	155.000	163.000	0.000	0.000	0.000	0.000	0.000	0.000	1.000	1.000	0.000	0.161	1.305	3.719	14817.524	-376.800	93.727	0.000	0.100	0.100	746.010	376.800	0.000	0.000	10.020	0.000	0.000	0.000	1.000	269.200	21.100	-109.000	-90.300	34.300	-120.600	8.200	0.000	0.000	0.000
3738947873.365	218.467	226.210	225.565	0.000	220.552	294.891	0.000	292.031	0.000	155.000	163.000	0.000	0.000	0.000	0.000	0.000	0.000	1.000	1.000	0.000	-0.142	6.446	1.149	14817.524	-376.800	92.752	0.000	0.100	0.100	742.100	376.800	0.000	0.000	8.991	0.000	0.000	0.000	1.000	222.000	20.400	-108.300	-90.300	34.900	-120.600	8.200	0.000	0.000	0.000
3738947883.364	218.295	226.197	225.544	0.000	220.447	294.883	0.000	292.019	0.000	155.000	163.000	0.000	0.000	0.000	0.000	0.000	0.000	1.000	1.000	0.000	0.161	3.876	3.719	14817.524	-376.800	93.725	0.000	0.100	0.100	736.627	376.800	0.000	0.000	9.505	0.000	0.000	0.000	1.000	255.200	21.100	-109.000	-90.600	34.900	-120.600	7.300	0.000	0.000	0.000
3738947893.364	218.167	226.177	225.543	0.000	220.375	294.882	0.000	292.015	0.000	155.000	163.000	0.000	0.000	0.000	0.000	0.000	0.000	1.000	1.000	0.000	-0.142	1.305	3.719	14527.913	-376.800	92.798	0.000	0.100	0.100	738.191	376.800	0.000	0.000	8.991	0.000	0.000	0.000	1.000	249.500	21.100	-109.000	-90.600	34.900	-120.800	7.700	0.000	0.000	0.000
3738947903.365	218.008	226.179	225.546	0.000	220.304	294.863	0.000	292.003	0.000	155.000	163.000	0.000	0.000	0.000	0.000	0.000	0.000	1.000	1.000	0.000	0.161	1.305	3.719	14527.913	-376.800	93.124	0.000	0.100	0.100	739.754	376.800	0.000	0.000	7.963	0.000	0.000	0.000	1.000	259.700	19.800	-109.000	-91.000	34.300	-120.800	7.300	0.000	0.000	0.000
3738947913.365	217.828	226.159	225.535	0.000	220.213	294.864	0.000	291.995	0.000	155.000	163.000	0.000	0.000	0.000	0.000	0.000	0.000	1.000	1.000	0.000	-0.142	3.876	3.719	14527.913	-376.800	92.800	0.000	0.100	0.100	745.228	376.800	0.000	0.000	7.963	0.000	0.000	0.000	1.000	272.400	24.200	-108.300	-91.000	34.300	-120.800	7.300	0.000	0.000	0.000
3738947923.365	217.642	226.132	225.520	0.000	220.125	294.851	0.000	291.988	0.000	155.000	163.000	0.000	0.000	0.000	0.000	0.000	0.000	1.000	1.000	0.000	-0.142	1.305	8.861	14527.913	-376.800	93.310	0.000	0.100	0.100	742.100	376.800	0.000	0.000	7.449	0.000	0.000	0.000	1.000	236.700	23.600	-108.300	-91.000	34.300	-120.800	7.300	0.000	0.000	0.000
3738947933.365	217.467	226.106	225.516	0.000	220.051	294.869	0.000	291.990	0.000	155.000	163.000	0.000	0.000	0.000	0.000	0.000	0.000	1.000	1.000	0.000	0.161	1.305	3.719	14527.913	-376.800	93.403	0.000	0.100	0.100	738.191	376.800	0.000	0.000	6.934	0.000	0.000	0.000	1.000	254.600	20.400	-108.700	-0.000	-0.000	-120.800	6.300	0.000	0.000	0.000
3738947943.365	217.349	226.093	225.504	0.000	219.975	294.854	0.000	291.974	0.000	155.000	163.000	0.000	0.000	0.000	0.000	0.000	0.000	1.000	1.000	0.000	0.161	-1.266	3.719	14817.524	-376.800	93.681	0.000	0.100	0.100	739.755	376.800	0.000	0.000	6.420	0.000	0.000	0.000	1.000	239.300	24.900	-109.000	-91.000	34.900	-120.800	5.300	0.000	0.000	0.000
3738947953.364	217.220	226.073	225.498	0.000	219.896	294.851	0.000	291.978	0.000	155.000	163.000	0.000	0.000	0.000	0.000	0.000	0.000	1.000	1.000	0.000	0.161	3.876	3.719	13965.563	-376.800	93.542	0.000	0.100	0.100	738.191	376.800	0.000	0.000	5.906	0.000	0.000	0.000	1.000	240.500	21.100	-109.000	-91.000	34.300	-120.800	6.300	0.000	0.000	0.000
3738947963.364	217.099	226.060	225.496	0.000	219.836	294.854	0.000	291.961	0.000	155.000	163.000	0.000	0.000	0.000	0.000	0.000	0.000	1.000	1.000	0.000	-0.142	1.305	6.290	14527.913	-376.800	93.589	0.000	0.100	0.100	742.882	376.800	0.000	0.000	5.906	0.000	0.000	0.000	1.000	221.400	20.400	-109.300	-91.300	34.900	-120.800	5.300	0.000	0.000	0.000
3738947973.365	217.012	226.065	225.509	0.000	219.771	294.865	0.000	291.959	0.000	155.000	163.000	0.000	0.000	0.000	0.000	0.000	0.000	1.000	1.000	0.000	0.161	-1.266	3.719	14527.913	-376.800	92.754	0.000	0.100	0.100	752.265	376.800	0.000	0.000	5.906	0.000	0.000	0.000	1.000	227.100	23.000	-109.000	-91.600	34.300	-120.800	4.700	0.000	0.000	0.000
3738947983.364	216.838	226.033	225.501	0.000	219.704	294.881	0.000	291.962	0.000	155.000	163.000	0.000	0.000	0.000	0.000	0.000	0.000	1.000	1.000	0.000	-0.142	-1.266	6.290	15112.908	-376.800	93.125	0.000	0.100	0.100	738.972	376.800	0.000	0.000	4.363	0.000	0.000	0.000	1.000	220.100	23.000	-108.700	-91.300	34.900	-120.800	5.300	0.000	0.000	0.000
3738947993.364	216.687	226.000	225.466	0.000	219.591	294.855	0.000	291.932	0.000	155.000	163.000	0.000	0.000	0.000	0.000	0.000	0.000	1.000	1.000	0.000	0.464	3.876	6.290	14527.913	-376.800	93.264	0.000	0.100	0.100	745.228	376.800	0.000	0.000	4.878	0.000	0.000	0.000	1.000	255.200	23.000	-108.700	-91.300	34.900	-120.800	4.700	0.000	0.000	0.000
3738948003.365	216.576	225.983	225.457	0.000	219.548	294.868	0.000	291.934	0.000	155.000	163.000	0.000	0.000	0.000	0.000	0.000	0.000	1.000	1.000	0.000	0.464	3.876	3.719	14817.524	-376.800	93.170	0.000	0.100	0.100	750.701	376.800	0.000	0.000	4.363	0.000	0.000	0.000	1.000	228.400	19.800	-109.300	-91.600	34.300	-120.800	4.300	0.000	0.000	0.000
3738948013.364	216.389	225.964	225.450	0.000	219.487	294.885	0.000	291.929	0.000	155.000	163.000	0.000	0.000	0.000	0.000	0.000	0.000	1.000	1.000	0.000	-0.142	3.876	3.719	14527.913	-376.800	93.866	0.000	0.100	0.100	742.100	376.800	0.000	0.000	3.849	0.000	0.000	0.000	1.000	253.300	23.600	-109.000	-91.600	34.300	-120.800	4.300	0.000	0.000	0.000
3738948023.364	216.269	225.941	225.440	0.000	219.420	294.889	0.000	291.925	0.000	155.000	163.000	0.000	0.000	0.000	0.000	0.000	0.000	1.000	1.000	0.000	-0.142	1.305	8.861	14527.913	-376.800	94.098	0.000	0.100	0.100	743.664	376.800	0.000	0.000	2.821	0.000	0.000	0.000	1.000	231.600	23.600	-109.000	-91.600	34.300	-120.800	3.700	0.000	0.000	0.000
3738948033.364	216.169	225.946	225.449	0.000	219.373	294.897	0.000	291.925	0.000	155.000	163.000	0.000	0.000	0.000	0.000	0.000	0.000	1.000	1.000	0.000	0.161	3.876	3.719	14817.524	-376.800	93.218	0.000	0.100	0.100	738.973	376.800	0.000	0.000	3.335	0.000	0.000	0.000	1.000	236.700	22.300	-109.000	-91.600	35.400	-121.100	4.300	0.000	0.000	0.000
3738948043.365	216.014	225.901	225.432	0.000	219.280	294.887	0.000	291.910	0.000	155.000	163.000	0.000	0.000	0.000	0.000	0.000	0.000	1.000	1.000	0.000	-0.142	1.305	3.719	14817.524	-376.800	93.217	0.000	0.100	0.100	747.574	376.800	0.000	0.000	2.307	0.000	0.000	0.000	1.000	233.500	21.100	-109.300	-91.600	34.900	-120.800	3.300	0.000	0.000	0.000
3738948053.364	215.948	225.916	225.446	0.000	219.237	294.907	0.000	291.918	0.000	155.000	163.000	0.000	0.000	0.000	0.000	0.000	0.000	1.000	1.000	0.000	-0.142	1.305	3.719	14817.524	-376.800	93.725	0.000	0.100	0.100	746.792	376.800	0.000	0.000	2.307	0.000	0.000	0.000	1.000	239.300	24.200	-108.700	-92.000	34.300	-121.100	3.300	0.000	0.000	0.000
3738948063.364	215.816	225.890	225.433	0.000	219.160	294.910	0.000	291.912	0.000	155.000	163.000	0.000	0.000	0.000	0.000	0.000	0.000	1.000	1.000	0.000	0.161	-1.266	3.719	14527.913	-376.800	93.308	0.000	0.100	0.100	742.100	376.800	0.000	0.000	1.792	0.000	0.000	0.000	1.000	223.900	21.700	-109.000	-91.600	35.400	-120.800	2.300	0.000	0.000	0.000
3738948073.365	215.672	225.847	225.416	0.000	219.090	294.909	0.000	291.904	0.000	155.000	163.000	0.000	0.000	0.000	0.000	0.000	0.000	1.000	1.000	0.000	0.464	-1.266	3.719	14527.913	-376.800	93.079	0.000	0.100	0.100	742.882	376.800	0.000	0.000	2.307	0.000	0.000	0.000	1.000	253.900	23.000	-109.300	-92.000	34.300	-120.800	2.300	0.000	0.000	0.000
3738948083.365	215.581	225.835	225.398	0.000	219.004	294.913	0.000	291.877	0.000	155.000	163.000	0.000	0.000	0.000	0.000	0.000	0.000	0.000	0.000	0.000	-0.445	-1.266	6.290	14527.913	-376.800	92.569	0.000	0.100	0.100	750.701	376.800	0.000	0.000	10.534	0.000	0.000	0.000	1.000	261.600	23.000	-109.300	-92.000	34.900	-120.800	2.300	0.000	0.000	0.000
3738948093.365	215.516	225.807	225.390	0.000	218.974	294.905	0.000	291.883	0.000	155.000	163.000	0.000	0.000	0.000	0.000	0.000	0.000	0.000	0.000	0.000	-0.142	1.305	1.149	14817.524	-376.800	93.310	0.000	0.100	0.100	739.755	376.800	0.000	0.000	10.534	0.000	0.000	0.000	1.000	261.600	18.500	-106.600	-92.000	34.900	-123.100	2.300	0.000	0.000	0.000
3738948103.364	215.639	225.782	225.385	0.000	218.994	294.911	0.000	291.873	0.000	155.000	163.000	0.000	0.000	0.000	0.000	0.000	0.000	0.000	0.000	0.000	0.161	1.305	6.290	15414.181	-376.800	92.891	0.000	0.100	0.100	748.356	376.800	0.000	0.000	9.505	0.000	0.000	0.000	1.000	259.700	15.300	-98.900	-91.300	33.800	-127.700	2.300	0.000	0.000	0.000
3738948113.366	215.801	225.736	225.361	0.000	219.092	294.902	0.000	291.860	0.000	155.000	163.000	0.000	0.000	0.000	0.000	0.000	0.000	1.000	1.000	0.000	-0.142	1.305	1.149	15112.908	-376.800	93.725	0.000	0.100	0.100	742.100	376.800	0.000	0.000	10.020	0.000	0.000	0.000	1.000	243.100	16.000	-95.800	-90.600	32.700	-131.500	2.300	0.000	0.000	0.000
3738948123.364	215.953	225.728	225.362	0.000	219.214	294.914	0.000	291.862	0.000	155.000	163.000	0.000	0.000	0.000	0.000	0.000	0.000	1.000	1.000	0.000	-0.142	1.305	3.719	14527.913	-376.800	93.030	0.000	0.100	0.100	739.755	376.800	0.000	0.000	9.505	0.000	0.000	0.000	1.000	233.500	24.900	-111.700	-90.300	33.200	-131.200	1.300	0.000	0.000	0.000
3738948133.365	216.077	225.694	225.335	0.000	219.297	294.917	0.000	291.849	0.000	155.000	163.000	0.000	0.000	0.000	0.000	0.000	0.000	1.000	1.000	0.000	0.161	3.876	6.290	14527.913	-376.800	92.986	0.000	0.100	0.100	739.755	376.800	0.000	0.000	9.505	0.000	0.000	0.000	1.000	239.300	21.700	-116.600	-91.600	34.900	-128.300	0.000	0.000	0.000	0.000
3738948143.365	215.983	225.666	225.340	0.000	219.324	294.927	0.000	291.845	0.000	155.000	163.000	0.000	0.000	0.000	0.000	0.000	0.000	1.000	1.000	0.000	0.464	1.305	3.719	14817.524	-376.800	93.589	0.000	0.100	0.100	740.536	376.800	0.000	0.000	7.963	0.000	0.000	0.000	1.000	239.300	25.500	-113.700	-94.500	34.300	-125.300	0.000	0.000	0.000	0.000
3738948153.365	215.777	225.631	225.308	0.000	219.258	294.933	0.000	291.849	0.000	155.000	163.000	0.000	0.000	0.000	0.000	0.000	0.000	1.000	1.000	0.000	0.161	6.446	3.719	15112.908	-376.800	93.494	0.000	0.100	0.100	736.627	376.800	0.000	0.000	7.963	0.000	0.000	0.000	1.000	223.300	23.000	-111.700	-94.800	34.300	-123.300	-0.400	0.000	0.000	0.000
3738948163.365	215.565	225.615	225.309	0.000	219.160	294.931	0.000	291.830	0.000	155.000	163.000	0.000	0.000	0.000	0.000	0.000	0.000	1.000	1.000	0.000	0.161	3.876	3.719	14817.524	-376.800	93.541	0.000	0.100	0.100	742.100	376.800	0.000	0.000	7.963	0.000	0.000	0.000	1.000	259.000	23.600	-111.300	-94.500	34.300	-122.200	-1.400	0.000	0.000	0.000
3738948173.364	215.278	225.585	225.291	0.000	218.968	294.938	0.000	291.822	0.000	155.000	163.000	0.000	0.000	0.000	0.000	0.000	0.000	1.000	1.000	0.000	0.161	3.876	1.149	14817.524	-376.800	93.681	0.000	0.100	0.100	743.664	376.800	0.000	0.000	6.934	0.000	0.000	0.000	1.000	218.200	24.900	-110.200	-94.200	34.300	-122.200	-1.400	0.000	0.000	0.000
3738948183.366	215.055	225.566	225.288	0.000	218.788	294.937	0.000	291.813	0.000	155.000	163.000	0.000	0.000	0.000	0.000	0.000	0.000	1.000	1.000	0.000	-0.445	1.305	6.290	14527.913	-376.800	93.496	0.000	0.100	0.100	743.664	376.800	0.000	0.000	6.934	0.000	0.000	0.000	1.000	238.600	20.400	-110.400	-93.500	34.900	-122.000	-1.900	0.000	0.000	0.000
3738948193.365	214.836	225.537	225.279	0.000	218.594	294.942	0.000	291.800	0.000	155.000	163.000	0.000	0.000	0.000	0.000	0.000	0.000	1.000	1.000	0.000	-0.142	-1.266	8.861	15112.908	-376.800	93.494	0.000	0.100	0.100	753.047	376.800	0.000	0.000	6.420	0.000	0.000	0.000	1.000	219.500	21.700	-110.200	-92.900	34.900	-121.700	-1.900	0.000	0.000	0.000
3738948203.364	214.593	225.501	225.247	0.000	218.387	294.940	0.000	291.795	0.000	155.000	163.000	0.000	0.000	0.000	0.000	0.000	0.000	1.000	1.000	0.000	-0.142	3.876	3.719	14527.913	-376.800	93.217	0.000	0.100	0.100	742.882	376.800	0.000	0.000	6.420	0.000	0.000	0.000	1.000	221.400	23.000	-110.200	-92.900	34.300	-121.700	-1.900	0.000	0.000	0.000
3738948213.365	214.412	225.484	225.267	0.000	218.240	294.952	0.000	291.792	0.000	155.000	163.000	0.000	0.000	0.000	0.000	0.000	0.000	1.000	1.000	0.000	-0.142	1.305	1.149	14817.524	-376.800	93.356	0.000	0.100	0.100	737.409	376.800	0.000	0.000	5.906	0.000	0.000	0.000	1.000	226.500	24.200	-109.900	-92.600	34.300	-121.700	-1.900	0.000	0.000	0.000
3738948223.365	214.218	225.447	225.233	0.000	218.107	294.948	0.000	291.774	0.000	155.000	163.000	0.000	0.000	0.000	0.000	0.000	0.000	1.000	1.000	0.000	-0.142	1.305	3.719	15112.908	-376.800	93.449	0.000	0.100	0.100	747.574	376.800	0.000	0.000	4.363	0.000	0.000	0.000	1.000	248.800	23.000	-110.200	-92.300	34.300	-121.400	-2.400	0.000	0.000	0.000
3738948233.366	214.096	225.401	225.238	0.000	217.970	294.949	0.000	291.775	0.000	155.000	163.000	0.000	0.000	0.000	0.000	0.000	0.000	1.000	1.000	0.000	0.464	3.876	3.719	14817.524	-376.800	93.494	0.000	0.100	0.100	740.537	376.800	0.000	0.000	4.363	0.000	0.000	0.000	1.000	253.900	23.600	-109.300	-92.300	34.300	-121.400	-2.400	0.000	0.000	0.000
3738948243.364	213.933	225.377	225.208	0.000	217.879	294.931	0.000	291.765	0.000	155.000	163.000	0.000	0.000	0.000	0.000	0.000	0.000	1.000	1.000	0.000	0.464	3.876	3.719	14817.524	-376.800	93.262	0.000	0.100	0.100	740.537	376.800	0.000	0.000	3.849	0.000	0.000	0.000	1.000	249.500	21.100	-109.600	-92.300	34.900	-121.400	-2.400	0.000	0.000	0.000
3738948253.364	213.839	225.345	225.180	0.000	217.797	294.938	0.000	291.763	0.000	155.000	163.000	0.000	0.000	0.000	0.000	0.000	0.000	1.000	1.000	0.000	-0.142	1.305	6.290	14817.524	-376.800	92.290	0.000	0.100	0.100	750.702	376.800	0.000	0.000	4.878	0.000	0.000	0.000	1.000	252.000	23.000	-109.300	-92.300	34.900	-121.400	-2.400	0.000	0.000	0.000
3738948263.364	213.643	225.284	225.149	0.000	217.692	294.933	0.000	291.749	0.000	155.000	163.000	0.000	0.000	0.000	0.000	0.000	0.000	1.000	1.000	0.000	0.161	1.305	3.719	15414.181	-376.800	92.985	0.000	0.100	0.100	743.665	376.800	0.000	0.000	3.849	0.000	0.000	0.000	1.000	250.700	21.100	-110.200	-92.600	34.300	-121.100	-3.300	0.000	0.000	0.000
3738948273.365	213.573	225.272	225.148	0.000	217.618	294.939	0.000	291.750	0.000	155.000	163.000	0.000	0.000	0.000	0.000	0.000	0.000	1.000	1.000	0.000	0.464	-1.266	3.719	14817.524	-376.800	92.940	0.000	0.100	0.100	742.882	376.800	0.000	0.000	3.849	0.000	0.000	0.000	1.000	236.700	21.100	-110.200	-92.900	34.300	-121.100	-3.300	0.000	0.000	0.000
3738948283.365	213.455	225.230	225.144	0.000	217.570	294.936	0.000	291.752	0.000	155.000	163.000	0.000	0.000	0.000	0.000	0.000	0.000	1.000	1.000	0.000	0.464	1.305	6.290	15112.908	-376.800	93.540	0.000	0.100	0.100	741.318	376.800	0.000	0.000	2.821	0.000	0.000	0.000	1.000	239.300	23.000	-109.000	-92.900	34.900	-121.100	-2.900	0.000	0.000	0.000
3738948293.365	213.362	225.198	225.124	0.000	217.493	294.947	0.000	291.746	0.000	155.000	163.000	0.000	0.000	0.000	0.000	0.000	0.000	1.000	1.000	0.000	-0.142	1.305	3.719	15112.908	-376.800	93.310	0.000	0.100	0.100	747.573	376.800	0.000	0.000	2.821	0.000	0.000	0.000	1.000	276.300	23.600	-109.300	-92.900	34.300	-121.400	-3.300	0.000	0.000	0.000
3738948303.364	213.222	225.152	225.096	0.000	217.404	294.935	0.000	291.742	0.000	155.000	163.000	0.000	0.000	0.000	0.000	0.000	0.000	1.000	1.000	0.000	0.464	3.876	3.719	15112.908	-376.800	93.217	0.000	0.100	0.100	747.574	376.800	0.000	0.000	2.307	0.000	0.000	0.000	1.000	249.500	23.000	-109.300	-92.900	34.300	-121.100	-3.300	0.000	0.000	0.000
3738948313.365	213.139	225.117	225.064	0.000	217.315	294.915	0.000	291.741	0.000	155.000	163.000	0.000	0.000	0.000	0.000	0.000	0.000	1.000	1.000	0.000	0.161	3.876	8.861	15414.181	-376.800	93.124	0.000	0.100	0.100	746.010	376.800	0.000	0.000	2.307	0.000	0.000	0.000	1.000	256.500	24.200	-109.300	-92.900	34.300	-121.100	-4.300	0.000	0.000	0.000
3738948323.365	213.031	225.061	225.053	0.000	217.257	294.910	0.000	291.717	0.000	155.000	163.000	0.000	0.000	0.000	0.000	0.000	0.000	1.000	1.000	0.000	0.161	1.305	6.290	14817.524	-376.800	93.635	0.000	0.100	0.100	742.882	376.800	0.000	0.000	8.991	0.000	0.000	0.000	1.000	253.300	20.400	-109.600	-92.900	34.900	-121.100	-4.300	0.000	0.000	0.000
3738948333.366	212.934	225.053	225.051	0.000	217.199	294.908	0.000	291.718	0.000	155.000	163.000	0.000	0.000	0.000	0.000	0.000	0.000	1.000	1.000	0.000	0.161	1.305	6.290	15112.908	-376.800	93.588	0.000	0.100	0.100	750.701	376.800	0.000	0.000	11.048	0.000	0.000	0.000	1.000	273.700	21.100	-109.900	-93.300	34.300	-121.100	-4.300	0.000	0.000	0.000
3738948343.365	212.850	225.010	225.053	0.000	217.140	294.918	0.000	291.707	0.000	155.000	163.000	0.000	0.000	0.000	0.000	0.000	0.000	1.000	1.000	0.000	0.161	1.305	3.719	14817.524	-376.800	93.078	0.000	0.100	0.100	737.409	376.800	0.000	0.000	10.534	0.000	0.000	0.000	1.000	261.600	19.800	-109.300	-92.900	35.400	-121.100	-4.300	0.000	0.000	0.000
3738948353.364	212.783	224.961	225.015	0.000	217.061	294.896	0.000	291.713	0.000	155.000	163.000	0.000	0.000	0.000	0.000	0.000	0.000	1.000	1.000	0.000	-0.142	-1.266	6.290	14817.524	-376.800	93.032	0.000	0.100	0.100	746.792	376.800	0.000	0.000	10.534	0.000	0.000	0.000	1.000	249.500	20.400	-109.900	-93.300	34.900	-121.100	-4.700	0.000	0.000	0.000
3738948363.365	212.630	224.914	224.990	0.000	217.005	294.901	0.000	291.692	0.000	155.000	163.000	0.000	0.000	0.000	0.000	0.000	0.000	1.000	1.000	0.000	0.161	1.305	6.290	14817.524	-376.800	93.264	0.000	0.100	0.100	743.664	376.800	0.000	0.000	8.991	0.000	0.000	0.000	1.000	240.500	24.200	-109.600	-93.300	34.300	-121.100	-4.300	0.000	0.000	0.000
3738948373.364	212.539	224.886	224.988	0.000	216.927	294.919	0.000	291.691	0.000	155.000	163.000	0.000	0.000	0.000	0.000	0.000	0.000	1.000	1.000	0.000	0.161	6.446	3.719	14817.524	-376.800	93.448	0.000	0.100	0.100	747.573	376.800	0.000	0.000	8.991	0.000	0.000	0.000	1.000	275.000	20.400	-110.200	-93.300	34.900	-121.400	-4.300	0.000	0.000	0.000
3738948383.365	212.427	224.857	224.964	0.000	216.852	294.920	0.000	291.697	0.000	155.000	163.000	0.000	0.000	0.000	0.000	0.000	0.000	1.000	1.000	0.000	-0.142	-1.266	6.290	15112.908	-376.800	93.447	0.000	0.100	0.100	745.228	376.800	0.000	0.000	8.477	0.000	0.000	0.000	1.000	240.500	23.600	-109.300	-93.300	34.300	-121.100	-4.300	0.000	0.000	0.000
3738948393.364	212.385	224.805	224.923	0.000	216.792	294.918	0.000	291.682	0.000	155.000	163.000	0.000	0.000	0.000	0.000	0.000	0.000	1.000	1.000	0.000	-0.142	-1.266	1.149	15112.908	-376.800	92.938	0.000	0.100	0.100	737.409	376.800	0.000	0.000	8.477	0.000	0.000	0.000	1.000	273.700	21.100	-110.200	-93.300	34.300	-121.100	-4.700	0.000	0.000	0.000
3738948403.365	212.296	224.769	224.921	0.000	216.699	294.932	0.000	291.669	0.000	155.000	163.000	0.000	0.000	0.000	0.000	0.000	0.000	1.000	1.000	0.000	0.766	3.876	1.149	14817.524	-376.800	93.032	0.000	0.100	0.100	745.228	376.800	0.000	0.000	7.963	0.000	0.000	0.000	1.000	272.400	24.200	-109.300	-93.300	34.900	-121.400	-4.700	0.000	0.000	0.000
3738948413.364	212.193	224.722	224.907	0.000	216.634	294.938	0.000	291.667	0.000	155.000	163.000	0.000	0.000	0.000	0.000	0.000	0.000	1.000	1.000	0.000	-0.142	1.305	3.719	15112.908	-376.800	93.124	0.000	0.100	0.100	751.483	376.800	0.000	0.000	7.449	0.000	0.000	0.000	1.000	237.300	24.200	-109.600	-93.300	34.300	-121.100	-5.300	0.000	0.000	0.000
3738948423.365	212.090	224.679	224.872	0.000	216.528	294.915	0.000	291.668	0.000	155.000	163.000	0.000	0.000	0.000	0.000	0.000	0.000	1.000	1.000	0.000	-0.142	-1.266	6.290	14817.524	-376.800	92.708	0.000	0.100	0.100	742.101	376.800	0.000	0.000	6.420	0.000	0.000	0.000	1.000	269.200	20.400	-109.300	-93.300	34.900	-121.100	-5.300	0.000	0.000	0.000
3738948433.364	211.962	224.624	224.852	0.000	216.466	294.910	0.000	291.653	0.000	155.000	163.000	0.000	0.000	0.000	0.000	0.000	0.000	1.000	1.000	0.000	0.161	1.305	3.719	14817.524	-376.800	92.659	0.000	0.100	0.100	740.536	376.800	0.000	0.000	6.934	0.000	0.000	0.000	1.000	264.800	20.400	-109.600	-93.300	34.900	-121.100	-6.200	0.000	0.000	0.000
3738948443.366	211.857	224.590	224.831	0.000	216.398	294.905	0.000	291.650	0.000	155.000	163.000	0.000	0.000	0.000	0.000	0.000	0.000	1.000	1.000	0.000	-0.142	-1.266	1.149	14817.524	-376.800	93.494	0.000	0.100	0.100	751.483	376.800	0.000	0.000	6.420	0.000	0.000	0.000	1.000	253.900	21.700	-109.600	-93.300	35.400	-121.100	-6.200	0.000	0.000	0.000
3738948453.365	211.781	224.561	224.816	0.000	216.344	294.908	0.000	291.630	0.000	155.000	163.000	0.000	0.000	0.000	0.000	0.000	0.000	1.000	1.000	0.000	0.161	3.876	3.719	14817.524	-376.800	93.495	0.000	0.100	0.100	735.845	376.800	0.000	0.000	6.420	0.000	0.000	0.000	1.000	239.300	20.400	-109.300	-93.300	35.400	-121.100	-6.200	0.000	0.000	0.000
3738948463.364	211.682	224.523	224.796	0.000	216.253	294.930	0.000	291.624	0.000	155.000	163.000	0.000	0.000	0.000	0.000	0.000	0.000	1.000	1.000	0.000	0.161	3.876	3.719	14817.524	-376.800	92.522	0.000	0.100	0.100	746.010	376.800	0.000	0.000	5.392	0.000	0.000	0.000	1.000	221.400	19.800	-109.900	-93.500	34.900	-121.100	-6.200	0.000	0.000	0.000
3738948473.365	211.591	224.483	224.774	0.000	216.182	294.930	0.000	291.610	0.000	155.000	163.000	0.000	0.000	0.000	0.000	0.000	0.000	1.000	1.000	0.000	-0.142	1.305	6.290	15112.908	-376.800	93.774	0.000	0.100	0.100	750.701	376.800	0.000	0.000	5.392	0.000	0.000	0.000	1.000	257.800	20.400	-110.200	-93.500	34.900	-121.100	-6.600	0.000	0.000	0.000
3738948483.366	211.480	224.449	224.748	0.000	216.118	294.939	0.000	291.610	0.000	155.000	163.000	0.000	0.000	0.000	0.000	0.000	0.000	1.000	1.000	0.000	0.161	3.876	3.719	14817.524	-376.800	92.985	0.000	0.100	0.100	746.792	376.800	0.000	0.000	5.392	0.000	0.000	0.000	1.000	248.800	23.000	-109.000	-93.300	34.900	-121.100	-6.200	0.000	0.000	0.000
3738948493.364	211.400	224.395	224.718	0.000	216.027	294.925	0.000	291.599	0.000	155.000	163.000	0.000	0.000	0.000	0.000	0.000	0.000	1.000	1.000	0.000	0.161	3.876	1.149	15112.908	-376.800	93.401	0.000	0.100	0.100	742.882	376.800	0.000	0.000	4.363	0.000	0.000	0.000	1.000	221.400	23.600	-109.600	-93.500	34.300	-121.100	-6.200	0.000	0.000	0.000
3738948503.365	211.358	224.359	224.712	0.000	215.973	294.941	0.000	291.583	0.000	155.000	163.000	0.000	0.000	0.000	0.000	0.000	0.000	1.000	1.000	0.000	0.161	1.305	3.719	14817.524	-376.800	93.586	0.000	0.100	0.100	749.919	376.800	0.000	0.000	3.335	0.000	0.000	0.000	1.000	256.500	23.600	-109.600	-93.300	36.000	-121.100	-6.600	0.000	0.000	0.000
3738948513.364	211.220	224.318	224.671	0.000	215.900	294.944	0.000	291.576	0.000	155.000	163.000	0.000	0.000	0.000	0.000	0.000	0.000	1.000	1.000	0.000	0.161	1.305	6.290	14817.524	-376.800	93.078	0.000	0.100	0.100	739.755	376.800	0.000	0.000	3.849	0.000	0.000	0.000	1.000	249.500	21.700	-109.300	-93.300	36.000	-121.100	-6.600	0.000	0.000	0.000
3738948523.365	211.120	224.273	224.646	0.000	215.818	294.938	0.000	291.569	0.000	155.000	163.000	0.000	0.000	0.000	0.000	0.000	0.000	1.000	1.000	0.000	0.161	-1.266	3.719	14817.524	-376.800	92.754	0.000	0.100	0.100	746.792	376.800	0.000	0.000	2.821	0.000	0.000	0.000	1.000	231.600	19.800	-109.900	-93.500	35.400	-121.100	-6.200	0.000	0.000	0.000
3738948533.365	210.966	224.212	224.609	0.000	215.711	294.935	0.000	291.550	0.000	155.000	163.000	0.000	0.000	0.000	0.000	0.000	0.000	1.000	1.000	0.000	0.464	1.305	6.290	14817.524	-376.800	92.986	0.000	0.100	0.100	738.973	376.800	0.000	0.000	3.335	0.000	0.000	0.000	1.000	256.500	20.400	-109.600	-93.500	36.000	-121.100	-7.100	0.000	0.000	0.000
3738948543.365	210.822	224.151	224.578	0.000	215.657	294.938	0.000	291.545	0.000	155.000	163.000	0.000	0.000	0.000	0.000	0.000	0.000	1.000	1.000	0.000	0.161	1.305	6.290	15414.181	-376.800	93.958	0.000	0.100	0.100	746.791	376.800	0.000	0.000	2.307	0.000	0.000	0.000	1.000	254.600	20.400	-110.200	-93.500	34.900	-121.100	-7.100	0.000	0.000	0.000
3738948553.365	210.761	224.109	224.550	0.000	215.600	294.944	0.000	291.539	0.000	155.000	163.000	0.000	0.000	0.000	0.000	0.000	0.000	1.000	1.000	0.000	0.464	3.876	3.719	15112.908	-376.800	92.891	0.000	0.100	0.100	746.010	376.800	0.000	0.000	1.792	0.000	0.000	0.000	1.000	264.100	21.700	-109.300	-93.500	36.000	-121.100	-7.100	0.000	0.000	0.000
3738948563.365	210.677	224.081	224.529	0.000	215.515	294.957	0.000	291.545	0.000	155.000	163.000	0.000	0.000	0.000	0.000	0.000	0.000	1.000	1.000	0.000	0.464	1.305	3.719	15112.908	-376.800	93.634	0.000	0.100	0.100	735.845	376.800	0.000	0.000	5.392	0.000	0.000	0.000	1.000	264.800	20.400	-109.600	-93.500	36.000	-121.100	-7.600	0.000	0.000	0.000
3738948573.364	210.569	224.018	224.505	0.000	215.424	294.953	0.000	291.529	0.000	155.000	163.000	0.000	0.000	0.000	0.000	0.000	0.000	1.000	1.000	0.000	-0.142	-1.266	3.719	15112.908	-376.800	94.144	0.000	0.100	0.100	753.829	376.800	0.000	0.000	11.562	0.000	0.000	0.000	1.000	218.800	21.100	-109.300	-93.500	36.000	-121.100	-7.100	0.000	0.000	0.000
3738948583.364	210.491	223.993	224.492	0.000	215.365	294.955	0.000	291.524	0.000	155.000	163.000	0.000	0.000	0.000	0.000	0.000	0.000	1.000	1.000	0.000	0.464	1.305	3.719	14817.524	-376.800	93.216	0.000	0.100	0.100	746.791	376.800	0.000	0.000	10.020	0.000	0.000	0.000	1.000	259.000	19.100	-109.900	-93.500	36.000	-121.100	-8.000	0.000	0.000	0.000
3738948593.365	210.392	223.920	224.443	0.000	215.290	294.940	0.000	291.499	0.000	155.000	163.000	0.000	0.000	0.000	0.000	0.000	0.000	1.000	1.000	0.000	-0.142	1.305	1.149	15112.908	-376.800	93.171	0.000	0.100	0.100	745.228	376.800	0.000	0.000	9.505	0.000	0.000	0.000	1.000	275.000	24.200	-109.300	-93.500	34.900	-121.100	-7.600	0.000	0.000	0.000
3738948603.365	210.306	223.891	224.420	0.000	215.214	294.937	0.000	291.506	0.000	155.000	163.000	0.000	0.000	0.000	0.000	0.000	0.000	1.000	1.000	0.000	-0.142	3.876	3.719	14817.524	-376.800	93.819	0.000	0.100	0.100	744.446	376.800	0.000	0.000	9.505	0.000	0.000	0.000	1.000	257.800	20.400	-109.900	-93.500	35.400	-121.100	-8.000	0.000	0.000	0.000
3738948613.365	210.208	223.862	224.410	0.000	215.146	294.930	0.000	291.506	0.000	155.000	163.000	0.000	0.000	0.000	0.000	0.000	0.000	1.000	1.000	0.000	-0.142	1.305	6.290	15112.908	-376.800	92.984	0.000	0.100	0.100	741.318	376.800	0.000	0.000	8.991	0.000	0.000	0.000	1.000	269.200	23.600	-109.300	-93.500	35.400	-121.400	-7.100	0.000	0.000	0.000
3738948623.365	210.118	223.826	224.382	0.000	215.082	294.926	0.000	291.488	0.000	155.000	163.000	0.000	0.000	0.000	0.000	0.000	0.000	1.000	1.000	0.000	0.161	-1.266	3.719	14817.524	-376.800	93.680	0.000	0.100	0.100	743.664	376.800	0.000	0.000	8.991	0.000	0.000	0.000	1.000	255.200	19.800	-109.900	-93.500	36.000	-121.100	-8.500	0.000	0.000	0.000
3738948633.365	210.018	223.774	224.353	0.000	215.017	294.928	0.000	291.484	0.000	155.000	163.000	0.000	0.000	0.000	0.000	0.000	0.000	1.000	1.000	0.000	-0.142	1.305	3.719	15112.908	-376.800	93.635	0.000	0.100	0.100	748.356	376.800	0.000	0.000	7.963	0.000	0.000	0.000	1.000	228.400	21.100	-109.300	-93.500	36.500	-121.100	-8.000	0.000	0.000	0.000
3738948643.365	209.868	223.739	224.338	0.000	214.943	294.947	0.000	291.474	0.000	155.000	163.000	0.000	0.000	0.000	0.000	0.000	0.000	1.000	1.000	0.000	0.464	3.876	3.719	14817.524	-376.800	93.449	0.000	0.100	0.100	742.882	376.800	0.000	0.000	7.963	0.000	0.000	0.000	1.000	256.500	21.700	-109.600	-93.500	36.500	-121.100	-8.500	0.000	0.000	0.000
3738948653.364	209.775	223.683	224.321	0.000	214.883	294.948	0.000	291.463	0.000	155.000	163.000	0.000	0.000	0.000	0.000	0.000	0.000	1.000	1.000	0.000	0.464	6.446	3.719	14817.524	-376.800	93.586	0.000	0.100	0.100	752.265	376.800	0.000	0.000	7.449	0.000	0.000	0.000	1.000	254.600	20.400	-110.200	-93.500	36.000	-121.100	-9.000	0.000	0.000	0.000
3738948663.364	209.696	223.635	224.270	0.000	214.799	294.937	0.000	291.452	0.000	155.000	163.000	0.000	0.000	0.000	0.000	0.000	0.000	1.000	1.000	0.000	0.464	1.305	3.719	14817.524	-376.800	93.634	0.000	0.100	0.100	735.063	376.800	0.000	0.000	7.449	0.000	0.000	0.000	1.000	275.000	24.200	-109.300	-93.500	36.000	-121.100	-8.500	0.000	0.000	0.000
3738948673.364	209.574	223.588	224.240	0.000	214.724	294.940	0.000	291.452	0.000	155.000	163.000	0.000	0.000	0.000	0.000	0.000	0.000	1.000	1.000	0.000	-0.142	3.876	3.719	15112.908	-376.800	93.588	0.000	0.100	0.100	749.920	376.800	0.000	0.000	6.420	0.000	0.000	0.000	1.000	249.500	21.700	-109.600	-93.500	37.100	-121.100	-8.500	0.000	0.000	0.000
3738948683.365	209.433	223.538	224.205	0.000	214.635	294.928	0.000	291.430	0.000	155.000	163.000	0.000	0.000	0.000	0.000	0.000	0.000	1.000	1.000	0.000	-0.142	1.305	3.719	15414.181	-376.800	93.076	0.000	0.100	0.100	737.409	376.800	0.000	0.000	6.420	0.000	0.000	0.000	1.000	248.800	23.000	-109.000	-93.500	36.500	-121.100	-9.000	0.000	0.000	0.000
3738948693.364	209.276	223.483	224.162	0.000	214.555	294.932	0.000	291.429	0.000	155.000	163.000	0.000	0.000	0.000	0.000	0.000	0.000	1.000	1.000	0.000	0.766	1.305	3.719	15112.908	-376.800	92.708	0.000	0.100	0.100	740.537	376.800	0.000	0.000	6.420	0.000	0.000	0.000	1.000	248.800	20.400	-109.600	-93.500	36.500	-121.100	-9.900	0.000	0.000	0.000
3738948703.364	209.189	223.434	224.140	0.000	214.481	294.933	0.000	291.432	0.000	155.000	163.000	0.000	0.000	0.000	0.000	0.000	0.000	1.000	1.000	0.000	0.161	3.876	1.149	14527.913	-376.800	93.216	0.000	0.100	0.100	747.574	376.800	0.000	0.000	6.420	0.000	0.000	0.000	1.000	234.100	21.100	-109.600	-93.500	37.100	-121.100	-9.900	0.000	0.000	0.000
3738948713.366	209.062	223.395	224.104	0.000	214.417	294.960	0.000	291.427	0.000	155.000	163.000	0.000	0.000	0.000	0.000	0.000	0.000	1.000	1.000	0.000	-0.142	1.305	6.290	14817.524	-376.800	93.725	0.000	0.100	0.100	745.228	376.800	0.000	0.000	5.392	0.000	0.000	0.000	1.000	272.400	23.600	-109.000	-93.500	36.500	-121.100	-9.500	0.000	0.000	0.000
3738948723.364	208.940	223.347	224.081	0.000	214.326	294.964	0.000	291.405	0.000	155.000	163.000	0.000	0.000	0.000	0.000	0.000	0.000	1.000	1.000	0.000	0.464	1.305	3.719	14817.524	-376.800	93.264	0.000	0.100	0.100	747.574	376.800	0.000	0.000	5.392	0.000	0.000	0.000	1.000	221.400	23.000	-109.600	-93.500	36.500	-121.100	-9.900	0.000	0.000	0.000
3738948733.364	208.798	223.285	224.039	0.000	214.244	294.949	0.000	291.392	0.000	155.000	163.000	0.000	0.000	0.000	0.000	0.000	0.000	1.000	1.000	0.000	0.161	1.305	1.149	15112.908	-376.800	92.939	0.000	0.100	0.100	739.755	376.800	0.000	0.000	4.878	0.000	0.000	0.000	1.000	223.300	23.000	-109.000	-93.500	37.100	-121.100	-9.900	0.000	0.000	0.000
3738948743.365	208.713	223.245	224.017	0.000	214.170	294.958	0.000	291.391	0.000	155.000	163.000	0.000	0.000	0.000	0.000	0.000	0.000	1.000	1.000	0.000	0.161	3.876	8.861	14817.524	-376.800	93.123	0.000	0.100	0.100	745.228	376.800	0.000	0.000	3.849	0.000	0.000	0.000	1.000	269.900	23.000	-109.600	-93.500	36.500	-121.100	-10.300	0.000	0.000	0.000
3738948753.365	208.601	223.186	223.974	0.000	214.071	294.961	0.000	291.393	0.000	155.000	163.000	0.000	0.000	0.000	0.000	0.000	0.000	1.000	1.000	0.000	0.464	3.876	3.719	14817.524	-376.800	93.447	0.000	0.100	0.100	746.010	376.800	0.000	0.000	3.335	0.000	0.000	0.000	1.000	223.900	23.000	-109.600	-93.500	36.500	-121.100	-10.300	0.000	0.000	0.000
3738948763.364	208.474	223.136	223.936	0.000	213.968	294.974	0.000	291.390	0.000	155.000	163.000	0.000	0.000	0.000	0.000	0.000	0.000	1.000	1.000	0.000	-0.142	1.305	3.719	15112.908	-376.800	93.031	0.000	0.100	0.100	753.047	376.800	0.000	0.000	3.335	0.000	0.000	0.000	1.000	275.600	20.400	-109.600	-93.500	36.500	-121.100	-10.800	0.000	0.000	0.000
3738948773.364	208.402	223.084	223.916	0.000	213.919	294.987	0.000	291.397	0.000	155.000	163.000	0.000	0.000	0.000	0.000	0.000	0.000	1.000	1.000	0.000	-0.142	1.305	6.290	15112.908	-376.800	92.893	0.000	0.100	0.100	743.665	376.800	0.000	0.000	2.307	0.000	0.000	0.000	1.000	221.400	21.100	-109.600	-93.500	36.500	-121.100	-10.800	0.000	0.000	0.000
3738948783.365	208.256	223.054	223.887	0.000	213.873	294.988	0.000	291.391	0.000	155.000	163.000	0.000	0.000	0.000	0.000	0.000	0.000	1.000	1.000	0.000	-0.142	3.876	3.719	14817.524	-376.800	93.634	0.000	0.100	0.100	746.792	376.800	0.000	0.000	2.307	0.000	0.000	0.000	1.000	233.500	23.000	-109.600	-93.500	36.500	-121.100	-11.300	0.000	0.000	0.000
3738948793.365	208.090	223.012	223.849	0.000	213.772	294.977	0.000	291.362	0.000	155.000	163.000	0.000	0.000	0.000	0.000	0.000	0.000	1.000	1.000	0.000	0.464	1.305	6.290	15112.908	-376.800	93.123	0.000	0.100	0.100	745.228	376.800	0.000	0.000	1.792	0.000	0.000	0.000	1.000	259.700	23.600	-109.300	-93.500	36.500	-121.100	-10.800	0.000	0.000	0.000
3738948803.364	207.973	222.953	223.821	0.000	213.674	294.979	0.000	291.360	0.000	155.000	163.000	0.000	0.000	0.000	0.000	0.000	0.000	1.000	1.000	0.000	-0.142	3.876	3.719	15112.908	-376.800	93.495	0.000	0.100	0.100	745.228	376.800	0.000	0.000	1.278	0.000	0.000	0.000	1.000	267.300	23.600	-109.300	-93.500	36.500	-121.100	-10.800	0.000	0.000	0.000
3738948813.365	207.817	222.895	223.791	0.000	213.582	294.973	0.000	291.349	0.000	155.000	163.000	0.000	0.000	0.000	0.000	0.000	0.000	1.000	1.000	0.000	0.464	1.305	6.290	15112.908	-376.800	93.496	0.000	0.100	0.100	745.228	376.800	0.000	0.000	11.048	0.000	0.000	0.000	1.000	239.300	24.200	-109.000	-93.500	36.500	-121.100	-10.800	0.000	0.000	0.000
3738948823.365	207.710	222.851	223.747	0.000	213.510	294.978	0.000	291.343	0.000	155.000	163.000	0.000	0.000	0.000	0.000	0.000	0.000	1.000	1.000	0.000	0.161	1.305	1.149	15112.908	-376.800	93.403	0.000	0.100	0.100	747.574	376.800	0.000	0.000	11.048	0.000	0.000	0.000	1.000	248.800	24.200	-109.300	-93.500	36.500	-121.100	-11.300	0.000	0.000	0.000
3738948833.365	207.621	222.807	223.704	0.000	213.449	294.978	0.000	291.323	0.000	155.000	163.000	0.000	0.000	0.000	0.000	0.000	0.000	1.000	1.000	0.000	0.464	6.446	1.149	15112.908	-376.800	92.615	0.000	0.100	0.100	739.755	376.800	0.000	0.000	10.020	0.000	0.000	0.000	1.000	269.200	23.600	-109.300	-93.500	36.500	-121.100	-11.800	0.000	0.000	0.000
3738948843.365	207.515	222.747	223.684	0.000	213.369	294.981	0.000	291.309	0.000	155.000	163.000	0.000	0.000	0.000	0.000	0.000	0.000	1.000	1.000	0.000	-0.142	1.305	6.290	15112.908	-376.800	93.263	0.000	0.100	0.100	745.228	376.800	0.000	0.000	9.505	0.000	0.000	0.000	1.000	228.400	19.100	-109.000	-93.500	37.100	-121.100	-11.800	0.000	0.000	0.000
3738948853.365	207.415	222.717	223.651	0.000	213.282	294.985	0.000	291.306	0.000	155.000	163.000	0.000	0.000	0.000	0.000	0.000	0.000	1.000	1.000	0.000	-0.142	3.876	6.290	14817.524	-376.800	93.309	0.000	0.100	0.100	748.355	376.800	0.000	0.000	9.505	0.000	0.000	0.000	1.000	229.000	23.000	-108.700	-93.500	36.000	-120.800	-11.800	0.000	0.000	0.000
3738948863.365	207.302	222.670	223.614	0.000	213.213	294.973	0.000	291.289	0.000	155.000	163.000	0.000	0.000	0.000	0.000	0.000	0.000	1.000	1.000	0.000	0.161	3.876	3.719	15112.908	-376.800	93.448	0.000	0.100	0.100	746.010	376.800	0.000	0.000	9.505	0.000	0.000	0.000	1.000	233.500	21.700	-109.000	-93.500	36.500	-121.100	-11.800	0.000	0.000	0.000
3738948873.364	207.248	222.630	223.593	0.000	213.120	294.972	0.000	291.302	0.000	155.000	163.000	0.000	0.000	0.000	0.000	0.000	0.000	1.000	1.000	0.000	0.161	1.305	3.719	14817.524	-376.800	93.263	0.000	0.100	0.100	742.100	376.800	0.000	0.000	8.477	0.000	0.000	0.000	1.000	279.400	24.200	-109.000	-93.500	36.500	-121.100	-11.800	0.000	0.000	0.000
3738948883.365	207.155	222.574	223.553	0.000	213.030	294.968	0.000	291.294	0.000	155.000	163.000	0.000	0.000	0.000	0.000	0.000	0.000	1.000	1.000	0.000	-0.142	3.876	1.149	14817.524	-376.800	92.567	0.000	0.100	0.100	746.010	376.800	0.000	0.000	7.963	0.000	0.000	0.000	1.000	246.300	20.400	-109.600	-93.500	36.500	-120.800	-12.700	0.000	0.000	0.000
3738948893.365	206.976	222.513	223.509	0.000	212.934	294.961	0.000	291.278	0.000	155.000	163.000	0.000	0.000	0.000	0.000	0.000	0.000	1.000	1.000	0.000	0.464	3.876	3.719	14527.913	-376.800	93.818	0.000	0.100	0.100	739.754	376.800	0.000	0.000	7.449	0.000	0.000	0.000	1.000	273.100	19.800	-109.300	-93.500	36.500	-120.800	-12.700	0.000	0.000	0.000
3738948903.365	206.937	222.466	223.469	0.000	212.839	294.970	0.000	291.258	0.000	155.000	163.000	0.000	0.000	0.000	0.000	0.000	0.000	1.000	1.000	0.000	-0.142	1.305	6.290	14817.524	-376.800	93.449	0.000	0.100	0.100	753.829	376.800	0.000	0.000	7.963	0.000	0.000	0.000	1.000	246.300	24.200	-108.700	-93.500	36.500	-120.800	-12.200	0.000	0.000	0.000
3738948913.364	206.814	222.422	223.435	0.000	212.764	294.981	0.000	291.255	0.000	155.000	163.000	0.000	0.000	0.000	0.000	0.000	0.000	1.000	1.000	0.000	0.464	3.876	6.290	15414.181	-376.800	93.681	0.000	0.100	0.100	743.664	376.800	0.000	0.000	6.420	0.000	0.000	0.000	1.000	259.700	19.800	-109.000	-93.500	36.000	-120.800	-12.700	0.000	0.000	0.000
3738948923.366	206.718	222.366	223.400	0.000	212.680	294.968	0.000	291.245	0.000	155.000	163.000	0.000	0.000	0.000	0.000	0.000	0.000	1.000	1.000	0.000	0.161	-1.266	6.290	15112.908	-376.800	93.680	0.000	0.100	0.100	746.010	376.800	0.000	0.000	6.420	0.000	0.000	0.000	1.000	231.600	22.300	-109.300	-93.500	36.000	-120.800	-13.100	0.000	0.000	0.000
3738948933.364	206.611	222.312	223.354	0.000	212.625	294.950	0.000	291.242	0.000	155.000	163.000	0.000	0.000	0.000	0.000	0.000	0.000	1.000	1.000	0.000	0.464	3.876	1.149	14817.524	-376.800	92.845	0.000	0.100	0.100	746.010	376.800	0.000	0.000	5.906	0.000	0.000	0.000	1.000	234.100	23.600	-108.700	-93.500	36.500	-120.800	-12.700	0.000	0.000	0.000
3738948943.365	206.521	222.275	223.345	0.000	212.542	294.976	0.000	291.229	0.000	155.000	163.000	0.000	0.000	0.000	0.000	0.000	0.000	1.000	1.000	0.000	-0.142	1.305	6.290	14817.524	-376.800	93.170	0.000	0.100	0.100	738.972	376.800	0.000	0.000	5.906	0.000	0.000	0.000	1.000	259.000	23.600	-109.000	-93.500	36.000	-120.800	-13.500	0.000	0.000	0.000
3738948953.366	206.450	222.229	223.297	0.000	212.482	294.954	0.000	291.216	0.000	155.000	163.000	0.000	0.000	0.000	0.000	0.000	0.000	1.000	1.000	0.000	-0.142	1.305	6.290	15112.908	-376.800	92.661	0.000	0.100	0.100	747.574	376.800	0.000	0.000	6.420	0.000	0.000	0.000	1.000	259.000	23.600	-108.700	-93.500	36.000	-120.800	-12.700	0.000	0.000	0.000
3738948963.365	206.403	222.172	223.257	0.000	212.421	294.958	0.000	291.222	0.000	155.000	163.000	0.000	0.000	0.000	0.000	0.000	0.000	1.000	1.000	0.000	0.161	-1.266	3.719	15112.908	-376.800	93.542	0.000	0.100	0.100	746.010	376.800	0.000	0.000	4.878	0.000	0.000	0.000	1.000	269.900	24.200	-109.000	-93.500	36.000	-120.800	-13.100	0.000	0.000	0.000
3738948973.364	206.274	222.118	223.226	0.000	212.336	294.959	0.000	291.216	0.000	155.000	163.000	0.000	0.000	0.000	0.000	0.000	0.000	1.000	1.000	0.000	0.161	1.305	3.719	14817.524	-376.800	92.800	0.000	0.100	0.100	745.228	376.800	0.000	0.000	4.878	0.000	0.000	0.000	1.000	240.500	23.000	-108.700	-93.500	36.000	-120.800	-13.500	0.000	0.000	0.000
3738948983.364	206.174	222.055	223.180	0.000	212.221	294.961	0.000	291.196	0.000	155.000	163.000	0.000	0.000	0.000	0.000	0.000	0.000	1.000	1.000	0.000	0.161	1.305	3.719	15112.908	-376.800	93.123	0.000	0.100	0.100	738.973	376.800	0.000	0.000	4.363	0.000	0.000	0.000	1.000	249.500	20.400	-109.300	-93.500	36.500	-120.800	-13.500	0.000	0.000	0.000
3738948993.366	206.078	222.009	223.145	0.000	212.168	294.957	0.000	291.198	0.000	155.000	163.000	0.000	0.000	0.000	0.000	0.000	0.000	1.000	1.000	0.000	0.161	1.305	1.149	14817.524	-376.800	93.586	0.000	0.100	0.100	750.701	376.800	0.000	0.000	3.849	0.000	0.000	0.000	1.000	257.800	19.800	-109.000	-93.500	36.500	-120.800	-14.100	0.000	0.000	0.000
3738949003.364	205.964	221.961	223.100	0.000	212.099	294.957	0.000	291.199	0.000	155.000	163.000	0.000	0.000	0.000	0.000	0.000	0.000	1.000	1.000	0.000	0.161	1.305	8.861	14817.524	-376.800	93.448	0.000	0.100	0.100	753.047	376.800	0.000	0.000	2.821	0.000	0.000	0.000	1.000	269.900	24.200	-108.700	-93.500	36.000	-120.800	-13.500	0.000	0.000	0.000
3738949013.365	205.878	221.925	223.071	0.000	212.046	294.965	0.000	291.183	0.000	155.000	163.000	0.000	0.000	0.000	0.000	0.000	0.000	1.000	1.000	0.000	0.161	3.876	6.290	14527.913	-376.800	93.217	0.000	0.100	0.100	746.792	376.800	0.000	0.000	3.335	0.000	0.000	0.000	1.000	264.800	20.400	-109.000	-93.500	36.500	-120.800	-14.100	0.000	0.000	0.000
3738949023.364	205.795	221.859	223.011	0.000	211.946	294.962	0.000	291.179	0.000	155.000	163.000	0.000	0.000	0.000	0.000	0.000	0.000	1.000	1.000	0.000	0.161	6.446	3.719	14817.524	-376.800	93.217	0.000	0.100	0.100	741.319	376.800	0.000	0.000	2.821	0.000	0.000	0.000	1.000	223.300	23.600	-108.700	-93.500	36.000	-120.800	-13.500	0.000	0.000	0.000
3738949033.364	205.726	221.795	222.974	0.000	211.884	294.955	0.000	291.159	0.000	155.000	163.000	0.000	0.000	0.000	0.000	0.000	0.000	1.000	1.000	0.000	-0.142	1.305	6.290	14817.524	-376.800	92.662	0.000	0.100	0.100	745.228	376.800	0.000	0.000	2.307	0.000	0.000	0.000	1.000	262.200	23.600	-109.000	-93.500	35.400	-120.800	-14.100	0.000	0.000	0.000
3738949043.364	205.612	221.729	222.943	0.000	211.811	294.969	0.000	291.167	0.000	155.000	163.000	0.000	0.000	0.000	0.000	0.000	0.000	1.000	1.000	0.000	-0.142	-1.266	3.719	14527.913	-376.800	93.125	0.000	0.100	0.100	742.883	376.800	0.000	0.000	2.307	0.000	0.000	0.000	1.000	259.000	20.400	-109.000	-93.500	36.500	-120.800	-14.100	0.000	0.000	0.000
3738949053.364	205.570	221.689	222.901	0.000	211.752	294.979	0.000	291.149	0.000	155.000	163.000	0.000	0.000	0.000	0.000	0.000	0.000	1.000	1.000	0.000	0.161	1.305	1.149	14817.524	-376.800	93.124	0.000	0.100	0.100	735.845	376.800	0.000	0.000	8.477	0.000	0.000	0.000	1.000	223.900	19.100	-109.300	-93.800	36.000	-120.800	-14.500	0.000	0.000	0.000
3738949063.365	205.482	221.640	222.865	0.000	211.686	294.982	0.000	291.136	0.000	155.000	163.000	0.000	0.000	0.000	0.000	0.000	0.000	1.000	1.000	0.000	-0.142	3.876	3.719	14817.524	-376.800	93.262	0.000	0.100	0.100	741.319	376.800	0.000	0.000	11.048	0.000	0.000	0.000	1.000	220.100	23.600	-109.300	-93.800	35.400	-120.800	-14.500	0.000	0.000	0.000
3738949073.365	205.360	221.585	222.836	0.000	211.612	294.984	0.000	291.137	0.000	155.000	163.000	0.000	0.000	0.000	0.000	0.000	0.000	1.000	1.000	0.000	0.464	3.876	3.719	14817.524	-376.800	92.660	0.000	0.100	0.100	746.792	376.800	0.000	0.000	10.534	0.000	0.000	0.000	1.000	224.600	20.400	-109.300	-93.500	36.500	-120.800	-14.500	0.000	0.000	0.000
3738949083.365	205.278	221.530	222.787	0.000	211.533	294.988	0.000	291.124	0.000	155.000	163.000	0.000	0.000	0.000	0.000	0.000	0.000	1.000	1.000	0.000	0.464	1.305	3.719	14817.524	-376.800	93.262	0.000	0.100	0.100	742.101	376.800	0.000	0.000	10.020	0.000	0.000	0.000	1.000	269.200	23.600	-109.000	-93.800	35.400	-121.100	-14.100	0.000	0.000	0.000
3738949093.364	205.217	221.482	222.748	0.000	211.476	294.990	0.000	291.122	0.000	155.000	163.000	0.000	0.000	0.000	0.000	0.000	0.000	1.000	1.000	0.000	0.161	3.876	3.719	14527.913	-376.800	92.752	0.000	0.100	0.100	749.919	376.800	0.000	0.000	9.505	0.000	0.000	0.000	1.000	220.100	20.400	-109.600	-93.800	36.000	-120.800	-14.500	0.000	0.000	0.000
3738949103.364	205.204	221.432	222.722	0.000	211.391	294.997	0.000	291.135	0.000	155.000	163.000	0.000	0.000	0.000	0.000	0.000	0.000	1.000	1.000	0.000	0.464	1.305	3.719	14527.913	-376.800	93.262	0.000	0.100	0.100	740.536	376.800	0.000	0.000	8.991	0.000	0.000	0.000	1.000	258.400	19.800	-109.600	-93.800	35.400	-120.800	-14.500	0.000	0.000	0.000
3738949113.365	205.101	221.386	222.671	0.000	211.329	294.990	0.000	291.135	0.000	155.000	163.000	0.000	0.000	0.000	0.000	0.000	0.000	1.000	1.000	0.000	-0.142	3.876	3.719	15112.908	-376.800	93.865	0.000	0.100	0.100	751.483	376.800	0.000	0.000	8.991	0.000	0.000	0.000	1.000	262.200	23.600	-109.300	-93.800	35.400	-121.100	-14.500	0.000	0.000	0.000
3738949123.364	204.983	221.321	222.618	0.000	211.250	294.988	0.000	291.121	0.000	155.000	163.000	0.000	0.000	0.000	0.000	0.000	0.000	1.000	1.000	0.000	-0.142	3.876	1.149	14817.524	-376.800	93.541	0.000	0.100	0.100	745.228	376.800	0.000	0.000	8.477	0.000	0.000	0.000	1.000	268.600	23.600	-109.000	-93.800	36.000	-121.100	-14.500	0.000	0.000	0.000
3738949133.365	204.872	221.259	222.587	0.000	211.172	294.962	0.000	291.095	0.000	155.000	163.000	0.000	0.000	0.000	0.000	0.000	0.000	1.000	1.000	0.000	0.161	3.876	8.861	14817.524	-376.800	93.774	0.000	0.100	0.100	737.409	376.800	0.000	0.000	7.963	0.000	0.000	0.000	1.000	258.400	19.800	-109.600	-94.200	34.000	-121.100	-14.500	0.000	0.000	0.000
3738949143.365	204.784	221.214	222.548	0.000	211.123	294.987	0.000	291.107	0.000	155.000	163.000	0.000	0.000	0.000	0.000	0.000	0.000	1.000	1.000	0.000	0.464	1.305	6.290	14817.524	-376.800	93.913	0.000	0.100	0.100	742.100	376.800	0.000	0.000	7.449	0.000	0.000	0.000	1.000	274.300	20.400	-109.600	-94.200	35.400	-121.100	-15.400	0.000	0.000	0.000
3738949153.366	204.743	221.164	222.512	0.000	211.067	294.976	0.000	291.107	0.000	155.000	163.000	0.000	0.000	0.000	0.000	0.000	0.000	1.000	1.000	0.000	0.161	3.876	3.719	14817.524	-376.800	93.449	0.000	0.100	0.100	749.919	376.800	0.000	0.000	6.420	0.000	0.000	0.000	1.000	232.900	19.800	-109.600	-94.200	36.000	-120.800	-15.400	0.000	0.000	0.000
3738949163.364	204.665	221.117	222.470	0.000	210.988	294.984	0.000	291.094	0.000	155.000	163.000	0.000	0.000	0.000	0.000	0.000	0.000	1.000	1.000	0.000	0.161	3.876	8.861	14527.913	-376.800	93.820	0.000	0.100	0.100	738.191	376.800	0.000	0.000	6.420	0.000	0.000	0.000	1.000	264.100	19.800	-109.300	-93.800	36.000	-121.100	-15.000	0.000	0.000	0.000
3738949173.366	204.562	221.053	222.427	0.000	210.938	294.996	0.000	291.093	0.000	155.000	163.000	0.000	0.000	0.000	0.000	0.000	0.000	1.000	1.000	0.000	-0.142	-1.266	1.149	14527.913	-376.800	93.216	0.000	0.100	0.100	741.318	376.800	0.000	0.000	5.906	0.000	0.000	0.000	1.000	228.400	23.000	-109.300	-94.200	34.900	-121.100	-15.000	0.000	0.000	0.000
3738949183.365	204.506	221.007	222.366	0.000	210.829	294.993	0.000	291.067	0.000	155.000	163.000	0.000	0.000	0.000	0.000	0.000	0.000	1.000	1.000	0.000	0.464	1.305	3.719	14527.913	-376.800	93.586	0.000	0.100	0.100	747.574	376.800	0.000	0.000	5.906	0.000	0.000	0.000	1.000	272.400	20.400	-109.600	-94.200	35.400	-121.100	-15.400	0.000	0.000	0.000
3738949193.365	204.395	220.926	222.332	0.000	210.749	294.989	0.000	291.052	0.000	155.000	163.000	0.000	0.000	0.000	0.000	0.000	0.000	1.000	1.000	0.000	-0.142	1.305	3.719	14527.913	-376.800	93.633	0.000	0.100	0.100	746.009	376.800	0.000	0.000	4.878	0.000	0.000	0.000	1.000	238.600	19.800	-109.300	-94.200	36.500	-121.100	-15.400	0.000	0.000	0.000
3738949203.365	204.322	220.873	222.280	0.000	210.657	294.986	0.000	291.055	0.000	155.000	163.000	0.000	0.000	0.000	0.000	0.000	0.000	1.000	1.000	0.000	0.161	1.305	3.719	14527.913	-376.800	93.030	0.000	0.100	0.100	746.010	376.800	0.000	0.000	5.392	0.000	0.000	0.000	1.000	241.800	23.000	-109.000	-94.200	34.900	-121.100	-15.400	0.000	0.000	0.000
3738949213.366	204.198	220.818	222.221	0.000	210.590	294.977	0.000	291.040	0.000	155.000	163.000	0.000	0.000	0.000	0.000	0.000	0.000	1.000	1.000	0.000	0.161	1.305	1.149	14243.963	-376.800	94.050	0.000	0.100	0.100	745.228	376.800	0.000	0.000	5.392	0.000	0.000	0.000	1.000	260.300	22.300	-109.600	-94.200	35.400	-121.100	-15.400	0.000	0.000	0.000
3738949223.365	204.114	220.756	222.194	0.000	210.504	294.973	0.000	291.039	0.000	155.000	163.000	0.000	0.000	0.000	0.000	0.000	0.000	1.000	1.000	0.000	-0.142	3.876	3.719	14527.913	-376.800	93.217	0.000	0.100	0.100	743.664	376.800	0.000	0.000	4.878	0.000	0.000	0.000	1.000	258.400	23.000	-109.000	-94.200	35.400	-121.100	-15.000	0.000	0.000	0.000
3738949233.366	204.019	220.703	222.137	0.000	210.400	294.975	0.000	291.036	0.000	155.000	163.000	0.000	0.000	0.000	0.000	0.000	0.000	1.000	1.000	0.000	-0.445	1.305	6.290	14817.524	-376.800	93.820	0.000	0.100	0.100	749.137	376.800	0.000	0.000	3.849	0.000	0.000	0.000	1.000	269.200	19.100	-109.300	-94.200	36.000	-121.100	-15.400	0.000	0.000	0.000
3738949243.364	203.928	220.640	222.101	0.000	210.332	294.983	0.000	291.027	0.000	155.000	163.000	0.000	0.000	0.000	0.000	0.000	0.000	1.000	1.000	0.000	0.464	3.876	3.719	14527.913	-376.800	93.357	0.000	0.100	0.100	753.829	376.800	0.000	0.000	2.821	0.000	0.000	0.000	1.000	259.700	19.100	-109.900	-94.500	34.900	-121.100	-15.400	0.000	0.000	0.000
3738949253.364	203.862	220.601	222.068	0.000	210.262	295.003	0.000	291.037	0.000	155.000	163.000	0.000	0.000	0.000	0.000	0.000	0.000	1.000	1.000	0.000	0.464	3.876	3.719	14817.524	-376.800	93.217	0.000	0.100	0.100	746.792	376.800	0.000	0.000	2.821	0.000	0.000	0.000	1.000	231.600	19.800	-109.600	-94.200	36.000	-121.100	-15.800	0.000	0.000	0.000
3738949263.365	203.793	220.564	222.053	0.000	210.225	294.990	0.000	291.030	0.000	155.000	163.000	0.000	0.000	0.000	0.000	0.000	0.000	1.000	1.000	0.000	0.161	1.305	3.719	14817.524	-376.800	92.892	0.000	0.100	0.100	749.138	376.800	0.000	0.000	3.335	0.000	0.000	0.000	1.000	248.800	19.800	-109.900	-94.500	36.000	-121.100	-16.300	0.000	0.000	0.000
3738949273.364	203.687	220.498	221.987	0.000	210.140	294.976	0.000	291.032	0.000	155.000	163.000	0.000	0.000	0.000	0.000	0.000	0.000	1.000	1.000	0.000	0.464	3.876	3.719	14527.913	-376.800	92.938	0.000	0.100	0.100	736.627	376.800	0.000	0.000	2.307	0.000	0.000	0.000	1.000	261.600	19.100	-109.900	-94.500	34.900	-121.100	-15.800	0.000	0.000	0.000
3738949283.365	203.588	220.432	221.942	0.000	210.045	294.974	0.000	291.030	0.000	155.000	163.000	0.000	0.000	0.000	0.000	0.000	0.000	1.000	1.000	0.000	0.161	3.876	1.149	14527.913	-376.800	93.587	0.000	0.100	0.100	749.919	376.800	0.000	0.000	1.792	0.000	0.000	0.000	1.000	216.900	19.800	-109.600	-94.500	36.000	-121.100	-16.300	0.000	0.000	0.000
3738949293.364	203.493	220.375	221.899	0.000	209.948	294.974	0.000	291.013	0.000	155.000	163.000	0.000	0.000	0.000	0.000	0.000	0.000	1.000	1.000	0.000	-0.142	3.876	1.149	14817.524	-376.800	93.448	0.000	0.100	0.100	750.701	376.800	0.000	0.000	4.363	0.000	0.000	0.000	1.000	262.200	23.000	-109.300	-94.500	35.400	-121.100	-16.300	0.000	0.000	0.000
3738949303.364	203.357	220.305	221.841	0.000	209.857	294.972	0.000	291.009	0.000	155.000	163.000	0.000	0.000	0.000	0.000	0.000	0.000	1.000	1.000	0.000	0.161	3.876	3.719	14817.524	-376.800	92.938	0.000	0.100	0.100	739.755	376.800	0.000	0.000	11.048	0.000	0.000	0.000	1.000	274.300	19.800	-109.900	-94.500	36.000	-121.100	-16.300	0.000	0.000	0.000
3738949313.364	203.274	220.258	221.790	0.000	209.781	294.986	0.000	291.002	0.000	155.000	163.000	0.000	0.000	0.000	0.000	0.000	0.000	1.000	1.000	0.000	0.464	1.305	6.290	14817.524	-376.800	93.170	0.000	0.100	0.100	745.227	376.800	0.000	0.000	10.020	0.000	0.000	0.000	1.000	248.800	22.300	-109.300	-94.500	36.000	-121.100	-15.800	0.000	0.000	0.000
3738949323.364	203.184	220.210	221.753	0.000	209.698	294.984	0.000	291.006	0.000	155.000	163.000	0.000	0.000	0.000	0.000	0.000	0.000	1.000	1.000	0.000	-0.142	-1.266	6.290	14527.913	-376.800	92.706	0.000	0.100	0.100	746.792	376.800	0.000	0.000	10.020	0.000	0.000	0.000	1.000	239.900	19.800	-109.900	-94.500	34.900	-121.100	-16.300	0.000	0.000	0.000
3738949333.364	203.142	220.139	221.711	0.000	209.615	294.984	0.000	290.977	0.000	155.000	163.000	0.000	0.000	0.000	0.000	0.000	0.000	1.000	1.000	0.000	-0.142	1.305	6.290	14527.913	-376.800	94.096	0.000	0.100	0.100	755.392	376.800	0.000	0.000	9.505	0.000	0.000	0.000	1.000	269.200	19.100	-109.600	-94.500	36.000	-121.100	-16.300	0.000	0.000	0.000
3738949343.365	203.014	220.085	221.652	0.000	209.501	294.962	0.000	290.958	0.000	155.000	163.000	0.000	0.000	0.000	0.000	0.000	0.000	1.000	1.000	0.000	-0.142	1.305	1.149	14243.963	-376.800	93.030	0.000	0.100	0.100	737.409	376.800	0.000	0.000	8.991	0.000	0.000	0.000	1.000	274.300	23.600	-109.300	-94.500	34.900	-121.400	-15.800	0.000	0.000	0.000
3738949353.366	202.967	220.031	221.620	0.000	209.465	294.982	0.000	290.964	0.000	155.000	163.000	0.000	0.000	0.000	0.000	0.000	0.000	1.000	1.000	0.000	0.464	3.876	1.149	14527.913	-376.800	92.567	0.000	0.100	0.100	742.101	376.800	0.000	0.000	8.991	0.000	0.000	0.000	1.000	221.400	22.300	-109.600	-94.500	34.900	-121.100	-16.700	0.000	0.000	0.000
3738949363.365	202.883	219.968	221.566	0.000	209.355	294.975	0.000	290.956	0.000	155.000	163.000	0.000	0.000	0.000	0.000	0.000	0.000	1.000	1.000	0.000	0.161	6.446	3.719	14243.963	-376.800	93.356	0.000	0.100	0.100	742.101	376.800	0.000	0.000	8.991	0.000	0.000	0.000	1.000	266.700	19.100	-110.200	-94.800	34.900	-121.100	-17.200	0.000	0.000	0.000
3738949373.365	202.828	219.949	221.547	0.000	209.300	294.989	0.000	290.956	0.000	155.000	163.000	0.000	0.000	0.000	0.000	0.000	0.000	1.000	1.000	0.000	-0.142	-1.266	6.290	14243.963	-376.800	93.032	0.000	0.100	0.100	742.883	376.800	0.000	0.000	7.963	0.000	0.000	0.000	1.000	248.800	19.800	-109.600	-94.500	36.000	-121.400	-16.300	0.000	0.000	0.000
3738949383.364	202.709	219.887	221.497	0.000	209.197	294.974	0.000	290.938	0.000	155.000	163.000	0.000	0.000	0.000	0.000	0.000	0.000	1.000	1.000	0.000	-0.142	1.305	1.149	14527.913	-376.800	93.264	0.000	0.100	0.100	747.574	376.800	0.000	0.000	7.449	0.000	0.000	0.000	1.000	219.500	22.300	-109.900	-94.800	34.900	-121.400	-16.700	0.000	0.000	0.000
3738949393.364	202.655	219.845	221.456	0.000	209.134	294.988	0.000	290.947	0.000	155.000	163.000	0.000	0.000	0.000	0.000	0.000	0.000	1.000	1.000	0.000	0.161	1.305	3.719	14527.913	-376.800	94.004	0.000	0.100	0.100	748.355	376.800	0.000	0.000	6.934	0.000	0.000	0.000	1.000	248.800	23.600	-109.300	-94.800	34.900	-121.400	-16.300	0.000	0.000	0.000
3738949403.365	202.558	219.770	221.404	0.000	209.012	294.990	0.000	290.940	0.000	155.000	163.000	0.000	0.000	0.000	0.000	0.000	0.000	1.000	1.000	0.000	0.464	1.305	3.719	14527.913	-376.800	93.076	0.000	0.100	0.100	735.063	376.800	0.000	0.000	6.934	0.000	0.000	0.000	1.000	269.200	23.600	-109.600	-94.800	34.900	-121.400	-16.300	0.000	0.000	0.000
3738949413.364	202.470	219.733	221.359	0.000	208.952	294.979	0.000	290.930	0.000	155.000	163.000	0.000	0.000	0.000	0.000	0.000	0.000	1.000	1.000	0.000	-0.445	3.876	1.149	14527.913	-376.800	92.753	0.000	0.100	0.100	739.755	376.800	0.000	0.000	5.906	0.000	0.000	0.000	1.000	257.100	20.400	-110.200	-94.800	34.900	-121.100	-17.200	0.000	0.000	0.000
3738949423.364	202.417	219.679	221.324	0.000	208.861	294.978	0.000	290.911	0.000	155.000	163.000	0.000	0.000	0.000	0.000	0.000	0.000	1.000	1.000	0.000	-0.142	1.305	6.290	14817.524	-376.800	93.310	0.000	0.100	0.100	738.191	376.800	0.000	0.000	5.906	0.000	0.000	0.000	1.000	216.300	19.800	-110.200	-94.500	34.900	-121.400	-17.200	0.000	0.000	0.000
3738949433.365	202.319	219.626	221.277	0.000	208.799	294.982	0.000	290.907	0.000	155.000	163.000	0.000	0.000	0.000	0.000	0.000	0.000	1.000	1.000	0.000	0.161	3.876	6.290	14527.913	-376.800	93.170	0.000	0.100	0.100	749.137	376.800	0.000	0.000	5.392	0.000	0.000	0.000	1.000	218.800	19.100	-110.200	-94.800	34.900	-121.400	-17.200	0.000	0.000	0.000
3738949443.365	202.185	219.567	221.225	0.000	208.681	294.972	0.000	290.889	0.000	155.000	163.000	0.000	0.000	0.000	0.000	0.000	0.000	1.000	1.000	0.000	0.161	3.876	1.149	14817.524	-376.800	93.077	0.000	0.100	0.100	742.883	376.800	0.000	0.000	5.392	0.000	0.000	0.000	1.000	273.700	19.100	-110.200	-94.800	36.000	-121.100	-17.200	0.000	0.000	0.000
3738949453.365	202.112	219.496	221.173	0.000	208.609	294.972	0.000	290.867	0.000	155.000	163.000	0.000	0.000	0.000	0.000	0.000	0.000	1.000	1.000	0.000	-0.142	-1.266	3.719	14243.963	-376.800	93.264	0.000	0.100	0.100	744.447	376.800	0.000	0.000	4.878	0.000	0.000	0.000	1.000	268.000	23.600	-109.600	-94.800	34.900	-121.700	-17.200	0.000	0.000	0.000
3738949463.365	202.024	219.451	221.118	0.000	208.525	294.974	0.000	290.862	0.000	155.000	163.000	0.000	0.000	0.000	0.000	0.000	0.000	1.000	1.000	0.000	0.161	3.876	1.149	14527.913	-376.800	94.098	0.000	0.100	0.100	754.611	376.800	0.000	0.000	4.878	0.000	0.000	0.000	1.000	269.900	23.000	-109.300	-94.800	34.900	-121.400	-17.200	0.000	0.000	0.000
3738949473.364	201.954	219.373	221.076	0.000	208.470	294.982	0.000	290.864	0.000	155.000	163.000	0.000	0.000	0.000	0.000	0.000	0.000	1.000	1.000	0.000	0.161	1.305	1.149	14527.913	-376.800	92.381	0.000	0.100	0.100	749.920	376.800	0.000	0.000	3.849	0.000	0.000	0.000	1.000	266.700	19.100	-110.200	-94.800	34.900	-121.400	-17.700	0.000	0.000	0.000
3738949483.364	201.868	219.326	221.025	0.000	208.376	294.991	0.000	290.876	0.000	155.000	163.000	0.000	0.000	0.000	0.000	0.000	0.000	1.000	1.000	0.000	0.161	1.305	3.719	14527.913	-376.800	92.428	0.000	0.100	0.100	746.792	376.800	0.000	0.000	3.849	0.000	0.000	0.000	1.000	255.800	20.400	-109.300	-94.800	35.400	-121.700	-17.200	0.000	0.000	0.000
3738949493.365	201.754	219.269	220.976	0.000	208.292	294.994	0.000	290.880	0.000	155.000	163.000	0.000	0.000	0.000	0.000	0.000	0.000	1.000	1.000	0.000	-0.142	1.305	3.719	14527.913	-376.800	93.403	0.000	0.100	0.100	747.574	376.800	0.000	0.000	3.335	0.000	0.000	0.000	1.000	220.100	23.000	-109.900	-94.800	34.900	-121.700	-17.200	0.000	0.000	0.000
3738949503.365	201.667	219.211	220.934	0.000	208.196	295.008	0.000	290.858	0.000	155.000	163.000	0.000	0.000	0.000	0.000	0.000	0.000	1.000	1.000	0.000	0.161	1.305	1.149	14817.524	-376.800	93.170	0.000	0.100	0.100	749.920	376.800	0.000	0.000	3.335	0.000	0.000	0.000	1.000	272.400	18.500	-110.200	-94.800	34.900	-121.400	-18.200	0.000	0.000	0.000
3738949513.364	201.564	219.156	220.891	0.000	208.107	294.997	0.000	290.858	0.000	155.000	163.000	0.000	0.000	0.000	0.000	0.000	0.000	1.000	1.000	0.000	0.161	1.305	-1.422	14817.524	-376.800	92.752	0.000	0.100	0.100	743.664	376.800	0.000	0.000	2.821	0.000	0.000	0.000	1.000	248.800	19.100	-110.200	-94.800	35.400	-121.400	-18.200	0.000	0.000	0.000
3738949523.364	201.482	219.101	220.852	0.000	208.018	295.010	0.000	290.864	0.000	155.000	163.000	0.000	0.000	0.000	0.000	0.000	0.000	1.000	1.000	0.000	0.161	1.305	8.861	14817.524	-376.800	93.077	0.000	0.100	0.100	749.137	376.800	0.000	0.000	2.821	0.000	0.000	0.000	1.000	218.200	23.000	-109.300	-94.800	34.900	-121.700	-17.200	0.000	0.000	0.000
3738949533.366	201.397	219.035	220.789	0.000	207.921	295.001	0.000	290.843	0.000	155.000	163.000	0.000	0.000	0.000	0.000	0.000	0.000	1.000	1.000	0.000	0.161	1.305	3.719	14527.913	-376.800	93.774	0.000	0.100	0.100	751.483	376.800	0.000	0.000	1.792	0.000	0.000	0.000	1.000	218.200	19.800	-110.200	-94.800	36.000	-121.400	-18.200	0.000	0.000	0.000
3738949543.364	201.308	218.966	220.738	0.000	207.858	295.001	0.000	290.833	0.000	155.000	163.000	0.000	0.000	0.000	0.000	0.000	0.000	1.000	1.000	0.000	0.161	3.876	3.719	14527.913	-376.800	94.145	0.000	0.100	0.100	749.137	376.800	0.000	0.000	9.505	0.000	0.000	0.000	1.000	239.300	23.000	-109.300	-94.800	34.900	-121.700	-17.700	0.000	0.000	0.000
3738949553.365	201.204	218.917	220.676	0.000	207.752	295.013	0.000	290.826	0.000	155.000	163.000	0.000	0.000	0.000	0.000	0.000	0.000	1.000	1.000	0.000	0.464	6.446	6.290	14817.524	-376.800	92.846	0.000	0.100	0.100	745.228	376.800	0.000	0.000	11.048	0.000	0.000	0.000	1.000	234.100	19.800	-109.600	-94.800	36.000	-121.700	-18.200	0.000	0.000	0.000
3738949563.364	201.115	218.862	220.651	0.000	207.687	295.009	0.000	290.812	0.000	155.000	163.000	0.000	0.000	0.000	0.000	0.000	0.000	1.000	1.000	0.000	0.464	1.305	3.719	14527.913	-376.800	93.726	0.000	0.100	0.100	750.701	376.800	0.000	0.000	10.020	0.000	0.000	0.000	1.000	273.100	19.100	-109.600	-94.800	34.900	-121.700	-17.700	0.000	0.000	0.000
3738949573.365	201.031	218.808	220.595	0.000	207.601	295.014	0.000	290.818	0.000	155.000	163.000	0.000	0.000	0.000	0.000	0.000	0.000	1.000	1.000	0.000	0.464	3.876	3.719	14527.913	-376.800	93.169	0.000	0.100	0.100	746.792	376.800	0.000	0.000	10.020	0.000	0.000	0.000	1.000	228.400	23.000	-109.600	-95.200	35.400	-121.400	-18.600	0.000	0.000	0.000
3738949583.365	200.913	218.731	220.523	0.000	207.495	294.996	0.000	290.794	0.000	155.000	163.000	0.000	0.000	0.000	0.000	0.000	0.000	1.000	1.000	0.000	-0.142	1.305	3.719	14527.913	-376.800	92.937	0.000	0.100	0.100	739.755	376.800	0.000	0.000	10.020	0.000	0.000	0.000	1.000	257.100	22.300	-110.200	-95.500	34.900	-121.700	-18.600	0.000	0.000	0.000
3738949593.365	200.778	218.683	220.479	0.000	207.411	295.000	0.000	290.783	0.000	155.000	163.000	0.000	0.000	0.000	0.000	0.000	0.000	1.000	1.000	0.000	0.161	1.305	3.719	14243.963	-376.800	93.448	0.000	0.100	0.100	746.792	376.800	0.000	0.000	8.991	0.000	0.000	0.000	1.000	261.600	19.100	-110.200	-95.200	35.400	-121.400	-19.000	0.000	0.000	0.000
3738949603.365	200.705	218.623	220.448	0.000	207.318	294.992	0.000	290.785	0.000	155.000	163.000	0.000	0.000	0.000	0.000	0.000	0.000	1.000	1.000	0.000	0.464	1.305	3.719	14527.913	-376.800	93.356	0.000	0.100	0.100	742.883	376.800	0.000	0.000	8.477	0.000	0.000	0.000	1.000	215.600	20.400	-109.900	-94.800	36.000	-121.700	-19.000	0.000	0.000	0.000
3738949613.365	200.613	218.557	220.386	0.000	207.236	294.993	0.000	290.779	0.000	155.000	163.000	0.000	0.000	0.000	0.000	0.000	0.000	1.000	1.000	0.000	-0.142	3.876	6.290	14527.913	-376.800	93.774	0.000	0.100	0.100	741.319	376.800	0.000	0.000	7.963	0.000	0.000	0.000	1.000	272.400	21.700	-109.600	-95.200	35.400	-121.700	-18.600	0.000	0.000	0.000
3738949623.364	200.541	218.497	220.337	0.000	207.167	295.003	0.000	290.767	0.000	155.000	163.000	0.000	0.000	0.000	0.000	0.000	0.000	1.000	1.000	0.000	0.161	1.305	6.290	14527.913	-376.800	93.032	0.000	0.100	0.100	741.319	376.800	0.000	0.000	6.934	0.000	0.000	0.000	1.000	248.800	23.600	-110.400	-95.500	34.900	-121.700	-19.000	0.000	0.000	0.000
3738949633.365	200.453	218.443	220.289	0.000	207.075	295.016	0.000	290.773	0.000	155.000	163.000	0.000	0.000	0.000	0.000	0.000	0.000	1.000	1.000	0.000	0.161	-1.266	3.719	14817.524	-376.800	93.171	0.000	0.100	0.100	736.627	376.800	0.000	0.000	7.963	0.000	0.000	0.000	1.000	218.200	19.800	-110.400	-95.500	34.900	-121.700	-19.000	0.000	0.000	0.000
3738949643.365	200.355	218.382	220.236	0.000	207.011	295.027	0.000	290.771	0.000	155.000	163.000	0.000	0.000	0.000	0.000	0.000	0.000	1.000	1.000	0.000	0.464	1.305	3.719	14527.913	-376.800	92.754	0.000	0.100	0.100	745.229	376.800	0.000	0.000	6.420	0.000	0.000	0.000	1.000	229.000	20.400	-109.600	-95.200	34.900	-121.700	-18.600	0.000	0.000	0.000
3738949653.364	200.272	218.325	220.181	0.000	206.935	295.015	0.000	290.763	0.000	155.000	163.000	0.000	0.000	0.000	0.000	0.000	0.000	1.000	1.000	0.000	0.161	3.876	3.719	14527.913	-376.800	93.079	0.000	0.100	0.100	739.755	376.800	0.000	0.000	6.934	0.000	0.000	0.000	1.000	274.300	23.600	-109.600	-95.500	34.900	-121.700	-19.000	0.000	0.000	0.000
3738949663.364	200.142	218.249	220.136	0.000	206.863	295.014	0.000	290.768	0.000	155.000	163.000	0.000	0.000	0.000	0.000	0.000	0.000	1.000	1.000	0.000	0.464	1.305	1.149	14527.913	-376.800	94.005	0.000	0.100	0.100	749.137	376.800	0.000	0.000	5.906	0.000	0.000	0.000	1.000	255.200	19.800	-110.400	-95.500	34.900	-121.700	-19.500	0.000	0.000	0.000
3738949673.364	200.021	218.203	220.095	0.000	206.779	295.031	0.000	290.760	0.000	155.000	163.000	0.000	0.000	0.000	0.000	0.000	0.000	1.000	1.000	0.000	-0.142	3.876	3.719	14527.913	-376.800	93.402	0.000	0.100	0.100	744.446	376.800	0.000	0.000	5.906	0.000	0.000	0.000	1.000	275.600	19.800	-110.200	-95.500	34.300	-121.700	-19.000	0.000	0.000	0.000
3738949683.365	199.925	218.144	220.026	0.000	206.694	295.027	0.000	290.754	0.000	155.000	163.000	0.000	0.000	0.000	0.000	0.000	0.000	1.000	1.000	0.000	0.161	1.305	3.719	14527.913	-376.800	93.727	0.000	0.100	0.100	737.409	376.800	0.000	0.000	5.392	0.000	0.000	0.000	1.000	248.800	19.100	-110.200	-95.500	34.900	-121.700	-19.500	0.000	0.000	0.000
3738949693.365	199.850	218.076	219.984	0.000	206.599	295.016	0.000	290.765	0.000	155.000	163.000	0.000	0.000	0.000	0.000	0.000	0.000	1.000	1.000	0.000	-0.142	3.876	3.719	14527.913	-376.800	93.216	0.000	0.100	0.100	742.882	376.800	0.000	0.000	4.363	0.000	0.000	0.000	1.000	248.800	23.000	-110.200	-95.500	34.300	-121.700	-19.000	0.000	0.000	0.000
3738949703.366	199.771	218.017	219.935	0.000	206.507	295.028	0.000	290.747	0.000	155.000	163.000	0.000	0.000	0.000	0.000	0.000	0.000	1.000	1.000	0.000	0.161	3.876	6.290	14817.524	-376.800	93.401	0.000	0.100	0.100	749.138	376.800	0.000	0.000	4.363	0.000	0.000	0.000	1.000	271.200	21.700	-109.600	-95.500	34.900	-121.700	-19.000	0.000	0.000	0.000
3738949713.365	199.690	217.975	219.883	0.000	206.451	295.016	0.000	290.736	0.000	155.000	163.000	0.000	0.000	0.000	0.000	0.000	0.000	1.000	1.000	0.000	-0.142	3.876	6.290	14243.963	-376.800	92.151	0.000	0.100	0.100	745.228	376.800	0.000	0.000	4.363	0.000	0.000	0.000	1.000	258.400	21.700	-110.200	-95.500	34.900	-121.700	-19.900	0.000	0.000	0.000
3738949723.365	199.570	217.895	219.825	0.000	206.356	295.001	0.000	290.726	0.000	155.000	163.000	0.000	0.000	0.000	0.000	0.000	0.000	1.000	1.000	0.000	0.161	3.876	6.290	14527.913	-376.800	93.171	0.000	0.100	0.100	742.101	376.800	0.000	0.000	3.849	0.000	0.000	0.000	1.000	252.000	22.300	-110.200	-95.500	34.900	-121.700	-19.900	0.000	0.000	0.000
3738949733.364	199.486	217.843	219.769	0.000	206.280	295.021	0.000	290.726	0.000	155.000	163.000	0.000	0.000	0.000	0.000	0.000	0.000	1.000	1.000	0.000	0.464	3.876	6.290	14527.913	-376.800	93.217	0.000	0.100	0.100	744.446	376.800	0.000	0.000	3.849	0.000	0.000	0.000	1.000	255.200	20.400	-110.400	-95.500	34.900	-121.700	-19.900	0.000	0.000	0.000
3738949743.365	199.394	217.766	219.715	0.000	206.189	295.002	0.000	290.720	0.000	155.000	163.000	0.000	0.000	0.000	0.000	0.000	0.000	1.000	1.000	0.000	0.464	6.446	3.719	14243.963	-376.800	93.262	0.000	0.100	0.100	756.956	376.800	0.000	0.000	2.821	0.000	0.000	0.000	1.000	256.500	23.000	-109.600	-95.500	34.900	-121.700	-19.500	0.000	0.000	0.000
3738949753.365	199.302	217.718	219.665	0.000	206.122	295.017	0.000	290.722	0.000	155.000	163.000	0.000	0.000	0.000	0.000	0.000	0.000	1.000	1.000	0.000	-0.142	3.876	3.719	14817.524	-376.800	93.123	0.000	0.100	0.100	742.101	376.800	0.000	0.000	2.821	0.000	0.000	0.000	1.000	262.200	23.000	-109.600	-95.500	34.900	-121.700	-19.500	0.000	0.000	0.000
3738949763.365	199.174	217.656	219.624	0.000	206.041	295.003	0.000	290.708	0.000	155.000	163.000	0.000	0.000	0.000	0.000	0.000	0.000	1.000	1.000	0.000	0.464	3.876	3.719	14243.963	-376.800	92.754	0.000	0.100	0.100	749.919	376.800	0.000	0.000	2.821	0.000	0.000	0.000	1.000	269.900	19.100	-109.600	-95.500	35.400	-121.700	-19.900	0.000	0.000	0.000
3738949773.364	199.115	217.586	219.562	0.000	205.963	295.011	0.000	290.709	0.000	155.000	163.000	0.000	0.000	0.000	0.000	0.000	0.000	1.000	1.000	0.000	0.161	1.305	3.719	14527.913	-376.800	93.263	0.000	0.100	0.100	744.446	376.800	0.000	0.000	1.792	0.000	0.000	0.000	1.000	216.300	19.800	-110.200	-95.500	35.400	-121.700	-20.400	0.000	0.000	0.000
3738949783.365	199.006	217.543	219.509	0.000	205.873	295.012	0.000	290.716	0.000	155.000	163.000	0.000	0.000	0.000	0.000	0.000	0.000	1.000	1.000	0.000	0.161	1.305	6.290	14817.524	-376.800	94.004	0.000	0.100	0.100	749.138	376.800	0.000	0.000	5.392	0.000	0.000	0.000	1.000	249.500	19.800	-110.200	-95.500	36.000	-121.700	-20.400	0.000	0.000	0.000
3738949793.364	198.904	217.475	219.452	0.000	205.814	295.014	0.000	290.720	0.000	155.000	163.000	0.000	0.000	0.000	0.000	0.000	0.000	1.000	1.000	0.000	-0.142	3.876	3.719	14527.913	-376.800	93.401	0.000	0.100	0.100	745.227	376.800	0.000	0.000	10.534	0.000	0.000	0.000	1.000	255.800	19.800	-109.600	-95.500	34.900	-121.700	-19.900	0.000	0.000	0.000
3738949803.365	198.803	217.397	219.402	0.000	205.712	295.011	0.000	290.710	0.000	155.000	163.000	0.000	0.000	0.000	0.000	0.000	0.000	1.000	1.000	0.000	-0.142	-1.266	3.719	14527.913	-376.800	93.310	0.000	0.100	0.100	739.755	376.800	0.000	0.000	10.534	0.000	0.000	0.000	1.000	264.100	19.100	-110.400	-95.500	34.900	-121.700	-19.900	0.000	0.000	0.000
3738949813.365	198.707	217.354	219.362	0.000	205.660	295.009	0.000	290.695	0.000	155.000	163.000	0.000	0.000	0.000	0.000	0.000	0.000	1.000	1.000	0.000	0.161	1.305	3.719	14243.963	-376.800	93.819	0.000	0.100	0.100	746.010	376.800	0.000	0.000	10.534	0.000	0.000	0.000	1.000	257.800	23.000	-109.600	-95.800	34.900	-121.700	-19.900	0.000	0.000	0.000
3738949823.365	198.671	217.311	219.327	0.000	205.609	295.022	0.000	290.702	0.000	155.000	163.000	0.000	0.000	0.000	0.000	0.000	0.000	1.000	1.000	0.000	-0.142	3.876	1.149	14243.963	-376.800	93.262	0.000	0.100	0.100	744.446	376.800	0.000	0.000	9.505	0.000	0.000	0.000	1.000	272.400	21.700	-109.600	-95.500	34.900	-121.700	-20.400	0.000	0.000	0.000
3738949833.365	198.591	217.242	219.268	0.000	205.535	295.016	0.000	290.691	0.000	155.000	163.000	0.000	0.000	0.000	0.000	0.000	0.000	1.000	1.000	0.000	0.766	3.876	3.719	14527.913	-376.800	93.032	0.000	0.100	0.100	744.446	376.800	0.000	0.000	8.991	0.000	0.000	0.000	1.000	225.900	21.100	-109.600	-95.500	35.400	-121.700	-20.400	0.000	0.000	0.000
3738949843.365	198.509	217.195	219.232	0.000	205.461	294.993	0.000	290.699	0.000	155.000	163.000	0.000	0.000	0.000	0.000	0.000	0.000	1.000	1.000	0.000	-0.142	1.305	6.290	14527.913	-376.800	92.661	0.000	0.100	0.100	735.063	376.800	0.000	0.000	8.991	0.000	0.000	0.000	1.000	239.300	22.300	-110.400	-95.800	34.900	-121.700	-20.800	0.000	0.000	0.000
3738949853.365	198.385	217.132	219.153	0.000	205.344	294.984	0.000	290.677	0.000	155.000	163.000	0.000	0.000	0.000	0.000	0.000	0.000	1.000	1.000	0.000	-0.142	3.876	6.290	14527.913	-376.800	93.447	0.000	0.100	0.100	742.100	376.800	0.000	0.000	7.963	0.000	0.000	0.000	1.000	215.000	22.300	-109.600	-95.800	34.900	-121.700	-20.800	0.000	0.000	0.000
3738949863.365	198.263	217.085	219.110	0.000	205.275	294.986	0.000	290.665	0.000	155.000	163.000	0.000	0.000	0.000	0.000	0.000	0.000	1.000	1.000	0.000	0.161	1.305	6.290	14527.913	-376.800	93.912	0.000	0.100	0.100	745.228	376.800	0.000	0.000	6.934	0.000	0.000	0.000	1.000	248.800	19.100	-109.900	-95.800	35.400	-121.700	-20.800	0.000	0.000	0.000
3738949873.365	198.222	217.031	219.069	0.000	205.218	294.988	0.000	290.654	0.000	155.000	163.000	0.000	0.000	0.000	0.000	0.000	0.000	1.000	1.000	0.000	0.161	1.305	3.719	14243.963	-376.800	93.264	0.000	0.100	0.100	747.573	376.800	0.000	0.000	7.449	0.000	0.000	0.000	1.000	261.600	19.800	-110.200	-95.800	36.000	-121.700	-21.200	0.000	0.000	0.000
3738949883.365	198.087	216.965	219.006	0.000	205.115	294.985	0.000	290.654	0.000	155.000	163.000	0.000	0.000	0.000	0.000	0.000	0.000	1.000	1.000	0.000	0.161	1.305	6.290	14243.963	-376.800	93.355	0.000	0.100	0.100	742.100	376.800	0.000	0.000	6.934	0.000	0.000	0.000	1.000	259.700	19.800	-110.400	-95.800	34.900	-121.700	-21.200	0.000	0.000	0.000
3738949893.365	198.019	216.912	218.971	0.000	205.045	294.989	0.000	290.656	0.000	155.000	163.000	0.000	0.000	0.000	0.000	0.000	0.000	1.000	1.000	0.000	0.161	1.305	6.290	14243.963	-376.800	93.587	0.000	0.100	0.100	744.446	376.800	0.000	0.000	6.934	0.000	0.000	0.000	1.000	229.000	19.800	-110.400	-95.800	34.300	-121.700	-21.200	0.000	0.000	0.000
3738949903.365	197.955	216.862	218.919	0.000	204.970	295.000	0.000	290.630	0.000	155.000	163.000	0.000	0.000	0.000	0.000	0.000	0.000	1.000	1.000	0.000	0.161	1.305	3.719	14527.913	-376.800	92.986	0.000	0.100	0.100	742.100	376.800	0.000	0.000	5.906	0.000	0.000	0.000	1.000	218.800	19.100	-109.900	-95.800	35.400	-121.700	-20.800	0.000	0.000	0.000
3738949913.364	197.880	216.799	218.855	0.000	204.872	294.991	0.000	290.628	0.000	155.000	163.000	0.000	0.000	0.000	0.000	0.000	0.000	1.000	1.000	0.000	-0.142	1.305	3.719	14243.963	-376.800	93.125	0.000	0.100	0.100	737.409	376.800	0.000	0.000	6.420	0.000	0.000	0.000	1.000	264.100	19.800	-110.200	-95.800	35.400	-121.700	-21.200	0.000	0.000	0.000
3738949923.365	197.747	216.735	218.817	0.000	204.812	295.003	0.000	290.633	0.000	155.000	163.000	0.000	0.000	0.000	0.000	0.000	0.000	1.000	1.000	0.000	0.161	3.876	3.719	14527.913	-376.800	93.171	0.000	0.100	0.100	746.792	376.800	0.000	0.000	5.906	0.000	0.000	0.000	1.000	257.800	19.100	-110.400	-95.800	34.900	-121.700	-21.700	0.000	0.000	0.000
3738949933.364	197.648	216.685	218.747	0.000	204.730	294.992	0.000	290.601	0.000	155.000	163.000	0.000	0.000	0.000	0.000	0.000	0.000	1.000	1.000	0.000	0.161	3.876	3.719	14527.913	-376.800	93.448	0.000	0.100	0.100	745.228	376.800	0.000	0.000	4.878	0.000	0.000	0.000	1.000	248.200	20.400	-110.200	-95.800	35.400	-121.700	-21.200	0.000	0.000	0.000
3738949943.364	197.568	216.640	218.718	0.000	204.651	295.011	0.000	290.619	0.000	155.000	163.000	0.000	0.000	0.000	0.000	0.000	0.000	1.000	1.000	0.000	0.464	1.305	6.290	14817.524	-376.800	93.448	0.000	0.100	0.100	747.574	376.800	0.000	0.000	4.878	0.000	0.000	0.000	1.000	248.800	19.800	-110.400	-95.800	34.900	-121.700	-21.700	0.000	0.000	0.000
3738949953.364	197.480	216.570	218.658	0.000	204.551	295.003	0.000	290.598	0.000	155.000	163.000	0.000	0.000	0.000	0.000	0.000	0.000	1.000	1.000	0.000	0.464	1.305	3.719	14243.963	-376.800	92.940	0.000	0.100	0.100	746.792	376.800	0.000	0.000	4.878	0.000	0.000	0.000	1.000	257.800	23.000	-109.600	-95.800	34.900	-121.700	-21.200	0.000	0.000	0.000
3738949963.365	197.412	216.488	218.591	0.000	204.503	295.003	0.000	290.594	0.000	155.000	163.000	0.000	0.000	0.000	0.000	0.000	0.000	1.000	1.000	0.000	-0.142	1.305	3.719	14527.913	-376.800	93.634	0.000	0.100	0.100	745.228	376.800	0.000	0.000	3.335	0.000	0.000	0.000	1.000	253.900	19.100	-110.400	-95.800	34.900	-121.700	-21.700	0.000	0.000	0.000
3738949973.364	197.323	216.429	218.531	0.000	204.422	294.999	0.000	290.596	0.000	155.000	163.000	0.000	0.000	0.000	0.000	0.000	0.000	1.000	1.000	0.000	-0.142	1.305	3.719	14527.913	-376.800	92.705	0.000	0.100	0.100	745.228	376.800	0.000	0.000	3.849	0.000	0.000	0.000	1.000	249.500	19.100	-110.400	-95.800	35.400	-121.700	-21.700	0.000	0.000	0.000
3738949983.364	197.222	216.381	218.479	0.000	204.327	295.011	0.000	290.586	0.000	155.000	163.000	0.000	0.000	0.000	0.000	0.000	0.000	1.000	1.000	0.000	0.464	3.876	3.719	14527.913	-376.800	94.004	0.000	0.100	0.100	751.483	376.800	0.000	0.000	3.335	0.000	0.000	0.000	1.000	248.800	18.500	-110.400	-95.800	34.900	-121.700	-22.100	0.000	0.000	0.000
3738949993.365	197.076	216.289	218.409	0.000	204.251	295.002	0.000	290.574	0.000	155.000	163.000	0.000	0.000	0.000	0.000	0.000	0.000	1.000	1.000	0.000	0.161	1.305	3.719	14527.913	-376.800	93.310	0.000	0.100	0.100	746.792	376.800	0.000	0.000	2.821	0.000	0.000	0.000	1.000	248.800	23.000	-110.200	-96.100	34.300	-122.000	-21.700	0.000	0.000	0.000
3738950003.364	196.958	216.252	218.366	0.000	204.148	295.018	0.000	290.576	0.000	155.000	163.000	0.000	0.000	0.000	0.000	0.000	0.000	1.000	1.000	0.000	0.766	1.305	3.719	14527.913	-376.800	92.799	0.000	0.100	0.100	743.664	376.800	0.000	0.000	2.821	0.000	0.000	0.000	1.000	233.500	19.100	-110.400	-95.800	34.900	-121.700	-22.100	0.000	0.000	0.000
3738950013.364	196.868	216.159	218.303	0.000	204.082	295.032	0.000	290.570	0.000	155.000	163.000	0.000	0.000	0.000	0.000	0.000	0.000	1.000	1.000	0.000	0.464	6.446	3.719	14243.963	-376.800	93.170	0.000	0.100	0.100	749.138	376.800	0.000	0.000	2.821	0.000	0.000	0.000	1.000	234.100	19.100	-110.200	-95.800	35.400	-122.000	-21.700	0.000	0.000	0.000
3738950023.364	196.846	216.133	218.267	0.000	204.013	295.054	0.000	290.584	0.000	155.000	163.000	0.000	0.000	0.000	0.000	0.000	0.000	1.000	1.000	0.000	0.161	1.305	3.719	14817.524	-376.800	93.310	0.000	0.100	0.100	746.010	376.800	0.000	0.000	1.278	0.000	0.000	0.000	1.000	243.700	19.800	-110.200	-95.800	35.400	-122.000	-21.700	0.000	0.000	0.000
3738950033.364	196.728	216.046	218.199	0.000	203.925	295.041	0.000	290.564	0.000	155.000	163.000	0.000	0.000	0.000	0.000	0.000	0.000	1.000	1.000	0.000	-0.142	1.305	3.719	14243.963	-376.800	93.588	0.000	0.100	0.100	753.829	376.800	0.000	0.000	11.562	0.000	0.000	0.000	1.000	218.800	22.300	-110.400	-96.100	34.300	-122.000	-21.700	0.000	0.000	0.000
3738950043.365	196.616	215.986	218.146	0.000	203.848	295.047	0.000	290.557	0.000	155.000	163.000	0.000	0.000	0.000	0.000	0.000	0.000	1.000	1.000	0.000	0.161	3.876	3.719	14243.963	-376.800	93.864	0.000	0.100	0.100	752.265	376.800	0.000	0.000	10.534	0.000	0.000	0.000	1.000	216.900	19.100	-110.400	-96.100	35.400	-122.000	-22.600	0.000	0.000	0.000
3738950053.364	196.527	215.943	218.097	0.000	203.776	295.048	0.000	290.561	0.000	155.000	163.000	0.000	0.000	0.000	0.000	0.000	0.000	1.000	1.000	0.000	0.161	3.876	3.719	14527.913	-376.800	93.401	0.000	0.100	0.100	750.701	376.800	0.000	0.000	10.020	0.000	0.000	0.000	1.000	269.200	19.800	-110.400	-96.100	34.900	-122.000	-22.100	0.000	0.000	0.000
3738950063.364	196.469	215.855	218.051	0.000	203.681	295.045	0.000	290.553	0.000	155.000	163.000	0.000	0.000	0.000	0.000	0.000	0.000	1.000	1.000	0.000	0.161	3.876	6.290	14243.963	-376.800	92.846	0.000	0.100	0.100	741.319	376.800	0.000	0.000	9.505	0.000	0.000	0.000	1.000	263.500	23.000	-110.200	-96.100	34.300	-122.000	-22.600	0.000	0.000	0.000
3738950073.365	196.422	215.813	217.993	0.000	203.609	295.054	0.000	290.531	0.000	155.000	163.000	0.000	0.000	0.000	0.000	0.000	0.000	1.000	1.000	0.000	0.161	3.876	6.290	14527.913	-376.800	93.496	0.000	0.100	0.100	753.047	376.800	0.000	0.000	9.505	0.000	0.000	0.000	1.000	248.800	19.100	-110.800	-96.100	34.900	-121.700	-22.600	0.000	0.000	0.000
3738950083.365	196.311	215.747	217.939	0.000	203.533	295.043	0.000	290.535	0.000	155.000	163.000	0.000	0.000	0.000	0.000	0.000	0.000	1.000	1.000	0.000	0.161	1.305	3.719	14243.963	-376.800	93.403	0.000	0.100	0.100	747.574	376.800	0.000	0.000	9.505	0.000	0.000	0.000	1.000	252.000	19.100	-110.800	-96.100	34.900	-121.700	-22.600	0.000	0.000	0.000
3738950093.365	196.199	215.688	217.889	0.000	203.464	295.036	0.000	290.531	0.000	155.000	163.000	0.000	0.000	0.000	0.000	0.000	0.000	1.000	1.000	0.000	-0.142	1.305	6.290	14527.913	-376.800	94.189	0.000	0.100	0.100	745.227	376.800	0.000	0.000	8.477	0.000	0.000	0.000	1.000	218.800	19.100	-110.800	-96.100	34.300	-122.000	-22.600	0.000	0.000	0.000
3738950103.364	196.149	215.641	217.826	0.000	203.360	295.024	0.000	290.513	0.000	155.000	163.000	0.000	0.000	0.000	0.000	0.000	0.000	1.000	1.000	0.000	0.161	-1.266	3.719	14243.963	-376.800	92.382	0.000	0.100	0.100	745.228	376.800	0.000	0.000	8.477	0.000	0.000	0.000	1.000	256.500	19.800	-110.400	-96.100	34.300	-122.000	-22.600	0.000	0.000	0.000
3738950113.365	196.018	215.562	217.763	0.000	203.280	295.019	0.000	290.511	0.000	155.000	163.000	0.000	0.000	0.000	0.000	0.000	0.000	1.000	1.000	0.000	-0.142	6.446	1.149	14527.913	-376.800	93.357	0.000	0.100	0.100	743.664	376.800	0.000	0.000	6.934	0.000	0.000	0.000	1.000	270.500	21.700	-110.200	-96.100	34.300	-122.000	-22.600	0.000	0.000	0.000
3738950123.366	195.917	215.502	217.711	0.000	203.187	295.032	0.000	290.525	0.000	155.000	163.000	0.000	0.000	0.000	0.000	0.000	0.000	1.000	1.000	0.000	0.464	1.305	3.719	14527.913	-376.800	93.494	0.000	0.100	0.100	744.446	376.800	0.000	0.000	7.963	0.000	0.000	0.000	1.000	264.800	18.500	-110.800	-96.100	34.900	-121.700	-23.000	0.000	0.000	0.000
3738950133.364	195.835	215.429	217.640	0.000	203.099	295.022	0.000	290.527	0.000	155.000	163.000	0.000	0.000	0.000	0.000	0.000	0.000	1.000	1.000	0.000	-0.142	1.305	6.290	14527.913	-376.800	93.864	0.000	0.100	0.100	744.446	376.800	0.000	0.000	7.449	0.000	0.000	0.000	1.000	272.400	23.000	-110.200	-96.100	34.300	-122.000	-23.000	0.000	0.000	0.000
3738950143.364	195.740	215.378	217.592	0.000	202.997	295.035	0.000	290.525	0.000	155.000	163.000	0.000	0.000	0.000	0.000	0.000	0.000	1.000	1.000	0.000	0.161	3.876	1.149	14527.913	-376.800	92.893	0.000	0.100	0.100	742.100	376.800	0.000	0.000	6.420	0.000	0.000	0.000	1.000	231.600	19.100	-110.200	-96.100	35.400	-122.000	-23.000	0.000	0.000	0.000
3738950153.364	195.633	215.308	217.517	0.000	202.912	295.032	0.000	290.499	0.000	155.000	163.000	0.000	0.000	0.000	0.000	0.000	0.000	1.000	1.000	0.000	-0.142	-1.266	-1.422	14817.524	-376.800	92.800	0.000	0.100	0.100	748.356	376.800	0.000	0.000	6.420	0.000	0.000	0.000	1.000	253.900	19.100	-110.200	-96.100	34.900	-122.000	-22.600	0.000	0.000	0.000
3738950163.366	195.515	215.247	217.469	0.000	202.866	295.023	0.000	290.510	0.000	155.000	163.000	0.000	0.000	0.000	0.000	0.000	0.000	1.000	1.000	0.000	-0.142	1.305	6.290	14527.913	-376.800	93.494	0.000	0.100	0.100	738.190	376.800	0.000	0.000	5.906	0.000	0.000	0.000	1.000	270.500	19.800	-110.400	-96.100	35.400	-122.000	-23.000	0.000	0.000	0.000
3738950173.364	195.441	215.180	217.399	0.000	202.794	295.025	0.000	290.495	0.000	155.000	163.000	0.000	0.000	0.000	0.000	0.000	0.000	1.000	1.000	0.000	-0.142	3.876	3.719	14527.913	-376.800	93.865	0.000	0.100	0.100	743.664	376.800	0.000	0.000	5.392	0.000	0.000	0.000	1.000	229.700	19.100	-110.400	-96.100	35.400	-122.000	-23.400	0.000	0.000	0.000
3738950183.364	195.372	215.129	217.364	0.000	202.701	295.034	0.000	290.480	0.000	155.000	163.000	0.000	0.000	0.000	0.000	0.000	0.000	1.000	1.000	0.000	-0.142	3.876	6.290	14527.913	-376.800	93.542	0.000	0.100	0.100	750.701	376.800	0.000	0.000	4.878	0.000	0.000	0.000	1.000	221.400	23.000	-110.400	-96.500	34.300	-122.000	-22.600	0.000	0.000	0.000
3738950193.365	195.344	215.073	217.300	0.000	202.609	295.035	0.000	290.464	0.000	155.000	163.000	0.000	0.000	0.000	0.000	0.000	0.000	1.000	1.000	0.000	0.464	1.305	3.719	14527.913	-376.800	92.938	0.000	0.100	0.100	739.755	376.800	0.000	0.000	4.363	0.000	0.000	0.000	1.000	259.700	19.800	-110.400	-96.500	34.300	-122.000	-23.400	0.000	0.000	0.000
3738950203.365	195.219	215.002	217.239	0.000	202.531	295.039	0.000	290.454	0.000	155.000	163.000	0.000	0.000	0.000	0.000	0.000	0.000	1.000	1.000	0.000	0.161	3.876	6.290	14817.524	-376.800	93.263	0.000	0.100	0.100	740.536	376.800	0.000	0.000	4.878	0.000	0.000	0.000	1.000	264.100	18.500	-110.400	-96.100	34.900	-122.000	-23.400	0.000	0.000	0.000
3738950213.364	195.124	214.940	217.189	0.000	202.439	295.034	0.000	290.473	0.000	155.000	163.000	0.000	0.000	0.000	0.000	0.000	0.000	1.000	1.000	0.000	0.161	3.876	6.290	14817.524	-376.800	92.569	0.000	0.100	0.100	744.446	376.800	0.000	0.000	3.335	0.000	0.000	0.000	1.000	238.600	21.700	-109.900	-96.100	34.900	-122.000	-23.400	0.000	0.000	0.000
3738950223.366	195.043	214.884	217.151	0.000	202.371	295.040	0.000	290.474	0.000	155.000	163.000	0.000	0.000	0.000	0.000	0.000	0.000	1.000	1.000	0.000	-0.445	1.305	6.290	14527.913	-376.800	93.123	0.000	0.100	0.100	742.101	376.800	0.000	0.000	3.335	0.000	0.000	0.000	1.000	269.900	20.400	-110.200	-96.100	34.900	-122.000	-23.400	0.000	0.000	0.000
3738950233.364	194.984	214.836	217.090	0.000	202.301	295.055	0.000	290.461	0.000	155.000	163.000	0.000	0.000	0.000	0.000	0.000	0.000	1.000	1.000	0.000	-0.142	1.305	3.719	14817.524	-376.800	92.752	0.000	0.100	0.100	739.755	376.800	0.000	0.000	2.307	0.000	0.000	0.000	1.000	249.500	18.500	-110.400	-96.500	34.900	-122.000	-23.400	0.000	0.000	0.000
3738950243.365	194.874	214.780	217.051	0.000	202.227	295.049	0.000	290.460	0.000	155.000	163.000	0.000	0.000	0.000	0.000	0.000	0.000	1.000	1.000	0.000	-0.142	1.305	6.290	14527.913	-376.800	92.661	0.000	0.100	0.100	746.010	376.800	0.000	0.000	1.792	0.000	0.000	0.000	1.000	264.800	21.100	-110.400	-96.700	34.300	-122.000	-23.400	0.000	0.000	0.000
3738950253.364	194.832	214.725	216.999	0.000	202.143	295.051	0.000	290.455	0.000	155.000	163.000	0.000	0.000	0.000	0.000	0.000	0.000	1.000	1.000	0.000	0.161	-1.266	3.719	14817.524	-376.800	93.263	0.000	0.100	0.100	747.574	376.800	0.000	0.000	2.821	0.000	0.000	0.000	1.000	254.600	19.800	-110.800	-96.500	34.900	-122.000	-24.300	0.000	0.000	0.000
3738950263.364	194.751	214.652	216.948	0.000	202.088	295.036	0.000	290.453	0.000	155.000	163.000	0.000	0.000	0.000	0.000	0.000	0.000	1.000	1.000	0.000	0.161	3.876	3.719	14527.913	-376.800	93.401	0.000	0.100	0.100	752.265	376.800	0.000	0.000	1.792	0.000	0.000	0.000	1.000	249.500	22.300	-110.200	-96.700	34.300	-122.000	-23.900	0.000	0.000	0.000
3738950273.365	194.680	214.597	216.892	0.000	202.009	295.034	0.000	290.433	0.000	155.000	163.000	0.000	0.000	0.000	0.000	0.000	0.000	1.000	1.000	0.000	0.161	1.305	6.290	14527.913	-376.800	93.540	0.000	0.100	0.100	745.228	376.800	0.000	0.000	7.963	0.000	0.000	0.000	1.000	216.300	20.400	-110.200	-96.500	34.900	-122.000	-24.300	0.000	0.000	0.000
3738950283.364	194.564	214.546	216.830	0.000	201.913	295.032	0.000	290.415	0.000	155.000	163.000	0.000	0.000	0.000	0.000	0.000	0.000	1.000	1.000	0.000	-0.142	1.305	6.290	14817.524	-376.800	93.634	0.000	0.100	0.100	745.228	376.800	0.000	0.000	11.048	0.000	0.000	0.000	1.000	253.300	19.100	-110.400	-96.500	35.400	-122.000	-23.900	0.000	0.000	0.000
3738950293.365	194.476	214.489	216.776	0.000	201.825	295.033	0.000	290.410	0.000	155.000	163.000	0.000	0.000	0.000	0.000	0.000	0.000	1.000	1.000	0.000	0.161	1.305	1.149	14527.913	-376.800	92.986	0.000	0.100	0.100	744.446	376.800	0.000	0.000	10.534	0.000	0.000	0.000	1.000	249.500	19.100	-110.400	-96.500	35.400	-122.000	-24.300	0.000	0.000	0.000
3738950303.364	194.397	214.419	216.716	0.000	201.747	295.044	0.000	290.422	0.000	155.000	163.000	0.000	0.000	0.000	0.000	0.000	0.000	1.000	1.000	0.000	-0.142	-1.266	6.290	14527.913	-376.800	94.097	0.000	0.100	0.100	754.611	376.800	0.000	0.000	10.020	0.000	0.000	0.000	1.000	262.200	23.000	-110.200	-96.700	34.300	-122.000	-23.900	0.000	0.000	0.000
3738950313.364	194.309	214.378	216.672	0.000	201.680	295.044	0.000	290.429	0.000	155.000	163.000	0.000	0.000	0.000	0.000	0.000	0.000	1.000	1.000	0.000	-0.142	-1.266	3.719	14527.913	-376.800	93.447	0.000	0.100	0.100	748.356	376.800	0.000	0.000	9.505	0.000	0.000	0.000	1.000	235.400	19.800	-110.400	-96.500	35.400	-122.000	-24.300	0.000	0.000	0.000
3738950323.365	194.275	214.314	216.609	0.000	201.613	295.047	0.000	290.414	0.000	155.000	163.000	0.000	0.000	0.000	0.000	0.000	0.000	1.000	1.000	0.000	-0.142	3.876	6.290	14527.913	-376.800	93.124	0.000	0.100	0.100	745.228	376.800	0.000	0.000	8.991	0.000	0.000	0.000	1.000	253.300	20.400	-110.400	-96.500	35.400	-122.000	-24.300	0.000	0.000	0.000
3738950333.365	194.198	214.254	216.552	0.000	201.514	295.046	0.000	290.403	0.000	155.000	163.000	0.000	0.000	0.000	0.000	0.000	0.000	1.000	1.000	0.000	-0.142	1.305	6.290	14817.524	-376.800	93.681	0.000	0.100	0.100	750.701	376.800	0.000	0.000	7.963	0.000	0.000	0.000	1.000	218.200	23.000	-110.200	-96.700	34.300	-122.000	-24.300	0.000	0.000	0.000
3738950343.365	194.112	214.199	216.501	0.000	201.438	295.059	0.000	290.407	0.000	155.000	163.000	0.000	0.000	0.000	0.000	0.000	0.000	1.000	1.000	0.000	0.161	-1.266	3.719	14817.524	-376.800	93.588	0.000	0.100	0.100	739.755	376.800	0.000	0.000	8.477	0.000	0.000	0.000	1.000	249.500	17.900	-110.800	-96.700	34.300	-122.000	-24.700	0.000	0.000	0.000
3738950353.366	194.012	214.119	216.422	0.000	201.334	295.048	0.000	290.385	0.000	155.000	163.000	0.000	0.000	0.000	0.000	0.000	0.000	1.000	1.000	0.000	-0.142	1.305	3.719	14817.524	-376.800	93.216	0.000	0.100	0.100	744.446	376.800	0.000	0.000	7.963	0.000	0.000	0.000	1.000	216.900	23.000	-110.200	-96.700	34.300	-122.000	-24.300	0.000	0.000	0.000
3738950363.364	193.935	214.061	216.360	0.000	201.283	295.034	0.000	290.384	0.000	155.000	163.000	0.000	0.000	0.000	0.000	0.000	0.000	1.000	1.000	0.000	0.161	-1.266	3.719	14527.913	-376.800	93.772	0.000	0.100	0.100	741.318	376.800	0.000	0.000	7.449	0.000	0.000	0.000	1.000	259.000	23.000	-110.200	-96.700	34.900	-122.000	-24.300	0.000	0.000	0.000
3738950373.364	193.857	214.010	216.329	0.000	201.215	295.031	0.000	290.384	0.000	155.000	163.000	0.000	0.000	0.000	0.000	0.000	0.000	1.000	1.000	0.000	0.161	-1.266	3.719	14527.913	-376.800	93.448	0.000	0.100	0.100	745.228	376.800	0.000	0.000	6.934	0.000	0.000	0.000	1.000	261.600	19.100	-110.800	-96.700	34.900	-122.000	-24.700	0.000	0.000	0.000
3738950383.364	193.787	213.944	216.264	0.000	201.098	295.026	0.000	290.390	0.000	155.000	163.000	0.000	0.000	0.000	0.000	0.000	0.000	1.000	1.000	0.000	0.161	6.446	1.149	14527.913	-376.800	94.051	0.000	0.100	0.100	750.701	376.800	0.000	0.000	6.420	0.000	0.000	0.000	1.000	255.200	23.000	-110.200	-96.700	34.300	-122.000	-24.300	0.000	0.000	0.000
3738950393.365	193.712	213.894	216.201	0.000	201.033	295.015	0.000	290.383	0.000	155.000	163.000	0.000	0.000	0.000	0.000	0.000	0.000	1.000	1.000	0.000	0.161	-1.266	3.719	14817.524	-376.800	93.264	0.000	0.100	0.100	748.356	376.800	0.000	0.000	6.420	0.000	0.000	0.000	1.000	249.500	18.500	-110.200	-96.700	35.400	-122.000	-24.300	0.000	0.000	0.000
3738950403.364	193.607	213.829	216.155	0.000	200.938	295.016	0.000	290.396	0.000	155.000	163.000	0.000	0.000	0.000	0.000	0.000	0.000	1.000	1.000	0.000	0.766	3.876	3.719	14817.524	-376.800	93.403	0.000	0.100	0.100	751.483	376.800	0.000	0.000	5.906	0.000	0.000	0.000	1.000	269.200	22.300	-110.400	-96.700	34.300	-122.000	-24.700	0.000	0.000	0.000
3738950413.365	193.500	213.752	216.078	0.000	200.838	295.016	0.000	290.369	0.000	155.000	163.000	0.000	0.000	0.000	0.000	0.000	0.000	1.000	1.000	0.000	0.161	1.305	3.719	14527.913	-376.800	92.660	0.000	0.100	0.100	745.228	376.800	0.000	0.000	4.878	0.000	0.000	0.000	1.000	268.600	19.800	-110.400	-96.700	35.400	-122.000	-24.300	0.000	0.000	0.000
3738950423.365	193.430	213.696	216.034	0.000	200.773	295.030	0.000	290.376	0.000	155.000	163.000	0.000	0.000	0.000	0.000	0.000	0.000	1.000	1.000	0.000	0.161	3.876	3.719	14527.913	-376.800	93.262	0.000	0.100	0.100	744.446	376.800	0.000	0.000	4.363	0.000	0.000	0.000	1.000	258.400	23.000	-110.200	-96.700	34.900	-122.000	-24.300	0.000	0.000	0.000
3738950433.364	193.344	213.622	215.973	0.000	200.686	295.029	0.000	290.360	0.000	155.000	163.000	0.000	0.000	0.000	0.000	0.000	0.000	1.000	1.000	0.000	-0.142	3.876	6.290	14817.524	-376.800	93.726	0.000	0.100	0.100	746.792	376.800	0.000	0.000	4.878	0.000	0.000	0.000	1.000	256.500	19.800	-110.400	-96.700	36.000	-122.000	-25.200	0.000	0.000	0.000
3738950443.365	193.270	213.573	215.919	0.000	200.603	295.021	0.000	290.357	0.000	155.000	163.000	0.000	0.000	0.000	0.000	0.000	0.000	1.000	1.000	0.000	0.161	-1.266	3.719	15112.908	-376.800	93.402	0.000	0.100	0.100	747.574	376.800	0.000	0.000	4.363	0.000	0.000	0.000	1.000	273.700	18.500	-110.800	-96.700	35.400	-122.000	-25.200	0.000	0.000	0.000
3738950453.365	193.149	213.503	215.853	0.000	200.502	295.020	0.000	290.354	0.000	155.000	163.000	0.000	0.000	0.000	0.000	0.000	0.000	1.000	1.000	0.000	0.161	1.305	6.290	14527.913	-376.800	92.986	0.000	0.100	0.100	744.446	376.800	0.000	0.000	3.849	0.000	0.000	0.000	1.000	234.100	23.000	-110.800	-97.000	34.300	-122.000	-25.200	0.000	0.000	0.000
3738950463.366	193.091	213.450	215.807	0.000	200.445	295.031	0.000	290.352	0.000	155.000	163.000	0.000	0.000	0.000	0.000	0.000	0.000	1.000	1.000	0.000	-0.142	1.305	6.290	14243.963	-376.800	93.171	0.000	0.100	0.100	749.919	376.800	0.000	0.000	3.849	0.000	0.000	0.000	1.000	236.100	22.300	-110.200	-96.700	34.900	-122.000	-24.700	0.000	0.000	0.000
3738950473.364	192.991	213.383	215.747	0.000	200.361	295.014	0.000	290.342	0.000	155.000	163.000	0.000	0.000	0.000	0.000	0.000	0.000	1.000	1.000	0.000	-0.142	-1.266	6.290	14817.524	-376.800	93.402	0.000	0.100	0.100	750.701	376.800	0.000	0.000	3.849	0.000	0.000	0.000	1.000	216.300	19.100	-110.800	-97.000	34.900	-122.000	-25.200	0.000	0.000	0.000
3738950483.365	192.882	213.325	215.683	0.000	200.268	295.009	0.000	290.328	0.000	155.000	163.000	0.000	0.000	0.000	0.000	0.000	0.000	1.000	1.000	0.000	0.464	9.017	6.290	14243.963	-376.800	93.494	0.000	0.100	0.100	742.100	376.800	0.000	0.000	2.307	0.000	0.000	0.000	1.000	214.400	22.300	-110.200	-97.000	34.900	-122.000	-24.700	0.000	0.000	0.000
3738950493.366	192.811	213.250	215.613	0.000	200.176	295.014	0.000	290.327	0.000	155.000	163.000	0.000	0.000	0.000	0.000	0.000	0.000	1.000	1.000	0.000	0.161	1.305	3.719	15112.908	-376.800	93.679	0.000	0.100	0.100	744.446	376.800	0.000	0.000	1.792	0.000	0.000	0.000	1.000	236.100	19.100	-110.800	-96.700	36.000	-122.000	-25.200	0.000	0.000	0.000
3738950503.364	192.730	213.208	215.593	0.000	200.137	295.029	0.000	290.329	0.000	155.000	163.000	0.000	0.000	0.000	0.000	0.000	0.000	1.000	1.000	0.000	0.161	3.876	1.149	14527.913	-376.800	93.030	0.000	0.100	0.100	739.754	376.800	0.000	0.000	2.307	0.000	0.000	0.000	1.000	259.700	19.800	-110.400	-96.700	36.000	-122.000	-25.200	0.000	0.000	0.000
3738950513.366	192.657	213.140	215.512	0.000	200.039	295.017	0.000	290.317	0.000	155.000	163.000	0.000	0.000	0.000	0.000	0.000	0.000	1.000	1.000	0.000	0.464	3.876	6.290	14527.913	-376.800	93.123	0.000	0.100	0.100	748.356	376.800	0.000	0.000	3.335	0.000	0.000	0.000	1.000	239.300	20.400	-110.800	-97.000	36.000	-122.000	-25.600	0.000	0.000	0.000
3738950523.364	192.577	213.075	215.456	0.000	199.937	295.033	0.000	290.307	0.000	155.000	163.000	0.000	0.000	0.000	0.000	0.000	0.000	1.000	1.000	0.000	-0.142	1.305	6.290	14527.913	-376.800	93.030	0.000	0.100	0.100	752.265	376.800	0.000	0.000	11.048	0.000	0.000	0.000	1.000	269.200	18.500	-110.800	-97.000	35.400	-122.000	-25.200	0.000	0.000	0.000
3738950533.364	192.450	212.995	215.392	0.000	199.842	295.028	0.000	290.297	0.000	155.000	163.000	0.000	0.000	0.000	0.000	0.000	0.000	1.000	1.000	0.000	0.464	3.876	1.149	14527.913	-376.800	93.541	0.000	0.100	0.100	746.010	376.800	0.000	0.000	11.048	0.000	0.000	0.000	1.000	272.400	22.300	-110.400	-97.000	34.900	-122.000	-25.200	0.000	0.000	0.000
3738950543.365	192.379	212.944	215.341	0.000	199.774	295.031	0.000	290.291	0.000	155.000	163.000	0.000	0.000	0.000	0.000	0.000	0.000	1.000	1.000	0.000	-0.142	-1.266	6.290	14527.913	-376.800	93.913	0.000	0.100	0.100	742.882	376.800	0.000	0.000	9.505	0.000	0.000	0.000	1.000	254.600	20.400	-110.400	-97.000	36.000	-122.000	-25.200	0.000	0.000	0.000
3738950553.364	192.294	212.881	215.290	0.000	199.692	295.024	0.000	290.280	0.000	155.000	163.000	0.000	0.000	0.000	0.000	0.000	0.000	1.000	1.000	0.000	0.161	3.876	1.149	14527.913	-376.800	93.449	0.000	0.100	0.100	743.665	376.800	0.000	0.000	10.020	0.000	0.000	0.000	1.000	274.300	22.300	-110.400	-97.000	34.300	-122.000	-25.200	0.000	0.000	0.000
3738950563.366	192.204	212.811	215.223	0.000	199.604	295.026	0.000	290.274	0.000	155.000	163.000	0.000	0.000	0.000	0.000	0.000	0.000	1.000	1.000	0.000	-0.142	1.305	3.719	14527.913	-376.800	93.031	0.000	0.100	0.100	750.701	376.800	0.000	0.000	8.991	0.000	0.000	0.000	1.000	269.200	19.100	-110.800	-97.000	36.000	-122.000	-25.600	0.000	0.000	0.000
3738950573.364	192.159	212.763	215.171	0.000	199.523	295.015	0.000	290.275	0.000	155.000	163.000	0.000	0.000	0.000	0.000	0.000	0.000	1.000	1.000	0.000	-0.142	3.876	-1.422	14527.913	-376.800	93.077	0.000	0.100	0.100	750.701	376.800	0.000	0.000	8.991	0.000	0.000	0.000	1.000	238.600	20.400	-110.400	-97.000	36.000	-122.000	-25.600	0.000	0.000	0.000
3738950583.364	192.112	212.720	215.116	0.000	199.489	295.026	0.000	290.278	0.000	155.000	163.000	0.000	0.000	0.000	0.000	0.000	0.000	1.000	1.000	0.000	0.161	3.876	3.719	14527.913	-376.800	92.938	0.000	0.100	0.100	743.664	376.800	0.000	0.000	8.477	0.000	0.000	0.000	1.000	229.000	22.300	-110.200	-97.000	34.900	-122.000	-25.200	0.000	0.000	0.000
3738950593.365	191.988	212.634	215.068	0.000	199.400	295.023	0.000	290.261	0.000	155.000	163.000	0.000	0.000	0.000	0.000	0.000	0.000	1.000	1.000	0.000	0.161	3.876	6.290	14527.913	-376.800	93.448	0.000	0.100	0.100	749.137	376.800	0.000	0.000	7.963	0.000	0.000	0.000	1.000	271.200	23.000	-110.800	-97.000	34.300	-122.000	-26.100	0.000	0.000	0.000
3738950603.365	191.873	212.580	214.995	0.000	199.284	295.011	0.000	290.262	0.000	155.000	163.000	0.000	0.000	0.000	0.000	0.000	0.000	1.000	1.000	0.000	-0.142	1.305	3.719	14817.524	-376.800	93.726	0.000	0.100	0.100	745.227	376.800	0.000	0.000	7.449	0.000	0.000	0.000	1.000	266.700	19.800	-111.100	-97.000	34.900	-122.000	-26.100	0.000	0.000	0.000
3738950613.365	191.794	212.514	214.939	0.000	199.186	295.019	0.000	290.261	0.000	155.000	163.000	0.000	0.000	0.000	0.000	0.000	0.000	1.000	1.000	0.000	0.464	-1.266	6.290	14817.524	-376.800	93.215	0.000	0.100	0.100	740.536	376.800	0.000	0.000	6.934	0.000	0.000	0.000	1.000	259.700	23.000	-110.400	-97.000	34.300	-122.000	-26.100	0.000	0.000	0.000
3738950623.364	191.745	212.457	214.887	0.000	199.111	295.025	0.000	290.263	0.000	155.000	163.000	0.000	0.000	0.000	0.000	0.000	0.000	1.000	1.000	0.000	-0.142	1.305	3.719	14817.524	-376.800	92.799	0.000	0.100	0.100	742.883	376.800	0.000	0.000	6.934	0.000	0.000	0.000	1.000	259.700	18.500	-110.800	-97.000	34.300	-122.000	-26.100	0.000	0.000	0.000
3738950633.366	191.675	212.385	214.828	0.000	199.028	295.026	0.000	290.258	0.000	155.000	163.000	0.000	0.000	0.000	0.000	0.000	0.000	1.000	1.000	0.000	0.161	1.305	6.290	15112.908	-376.800	93.125	0.000	0.100	0.100	731.936	376.800	0.000	0.000	6.420	0.000	0.000	0.000	1.000	259.700	22.300	-110.400	-97.000	33.800	-122.200	-25.600	0.000	0.000	0.000
3738950643.365	191.572	212.332	214.778	0.000	198.938	295.016	0.000	290.247	0.000	155.000	163.000	0.000	0.000	0.000	0.000	0.000	0.000	1.000	1.000	0.000	-0.142	1.305	3.719	15112.908	-376.800	93.774	0.000	0.100	0.100	739.754	376.800	0.000	0.000	5.392	0.000	0.000	0.000	1.000	236.700	19.800	-110.400	-97.000	34.900	-122.000	-26.100	0.000	0.000	0.000
3738950653.364	191.481	212.277	214.719	0.000	198.849	295.022	0.000	290.241	0.000	155.000	163.000	0.000	0.000	0.000	0.000	0.000	0.000	1.000	1.000	0.000	0.161	3.876	3.719	14527.913	-376.800	93.774	0.000	0.100	0.100	746.792	376.800	0.000	0.000	5.906	0.000	0.000	0.000	1.000	271.200	19.100	-110.200	-97.000	34.300	-122.000	-25.600	0.000	0.000	0.000
3738950663.364	191.405	212.231	214.666	0.000	198.795	295.024	0.000	290.234	0.000	155.000	163.000	0.000	0.000	0.000	0.000	0.000	0.000	1.000	1.000	0.000	-0.142	3.876	6.290	14817.524	-376.800	93.958	0.000	0.100	0.100	741.318	376.800	0.000	0.000	5.392	0.000	0.000	0.000	1.000	249.500	18.500	-110.800	-97.000	34.300	-122.000	-26.100	0.000	0.000	0.000
3738950673.364	191.346	212.166	214.607	0.000	198.722	295.030	0.000	290.242	0.000	155.000	163.000	0.000	0.000	0.000	0.000	0.000	0.000	1.000	1.000	0.000	0.161	-1.266	3.719	14817.524	-376.800	93.957	0.000	0.100	0.100	742.882	376.800	0.000	0.000	4.878	0.000	0.000	0.000	1.000	255.200	19.800	-110.400	-97.000	34.300	-122.000	-26.100	0.000	0.000	0.000
3738950683.364	191.280	212.115	214.565	0.000	198.652	295.015	0.000	290.233	0.000	155.000	163.000	0.000	0.000	0.000	0.000	0.000	0.000	1.000	1.000	0.000	-0.142	1.305	6.290	14817.524	-376.800	93.355	0.000	0.100	0.100	754.611	376.800	0.000	0.000	4.878	0.000	0.000	0.000	1.000	234.100	18.500	-110.800	-97.000	34.300	-122.000	-26.100	0.000	0.000	0.000
3738950693.365	191.209	212.044	214.496	0.000	198.589	295.011	0.000	290.234	0.000	155.000	163.000	0.000	0.000	0.000	0.000	0.000	0.000	1.000	1.000	0.000	0.161	1.305	6.290	14817.524	-376.800	92.892	0.000	0.100	0.100	751.483	376.800	0.000	0.000	3.849	0.000	0.000	0.000	1.000	253.900	20.400	-110.400	-97.000	34.300	-122.000	-26.100	0.000	0.000	0.000
3738950703.366	191.125	211.993	214.442	0.000	198.489	295.022	0.000	290.234	0.000	155.000	163.000	0.000	0.000	0.000	0.000	0.000	0.000	1.000	1.000	0.000	-0.142	-1.266	6.290	14817.524	-376.800	93.078	0.000	0.100	0.100	746.792	376.800	0.000	0.000	3.335	0.000	0.000	0.000	1.000	212.500	21.100	-110.200	-97.000	33.800	-122.000	-25.600	0.000	0.000	0.000
3738950713.365	191.050	211.928	214.360	0.000	198.420	295.009	0.000	290.218	0.000	155.000	163.000	0.000	0.000	0.000	0.000	0.000	0.000	1.000	1.000	0.000	-0.142	1.305	3.719	15112.908	-376.800	93.077	0.000	0.100	0.100	749.138	376.800	0.000	0.000	3.335	0.000	0.000	0.000	1.000	249.500	22.300	-110.400	-97.300	32.700	-122.200	-26.100	0.000	0.000	0.000
3738950723.364	191.013	211.856	214.309	0.000	198.363	295.021	0.000	290.208	0.000	155.000	163.000	0.000	0.000	0.000	0.000	0.000	0.000	1.000	1.000	0.000	-0.142	3.876	6.290	14817.524	-376.800	92.706	0.000	0.100	0.100	748.355	376.800	0.000	0.000	2.821	0.000	0.000	0.000	1.000	259.000	22.300	-111.100	-97.300	32.700	-122.000	-26.100	0.000	0.000	0.000
3738950733.365	190.899	211.766	214.238	0.000	198.275	295.019	0.000	290.187	0.000	155.000	163.000	0.000	0.000	0.000	0.000	0.000	0.000	1.000	1.000	0.000	-0.142	-1.266	6.290	14817.524	-376.800	92.984	0.000	0.100	0.100	746.010	376.800	0.000	0.000	2.307	0.000	0.000	0.000	1.000	237.300	17.900	-110.800	-97.300	33.200	-122.000	-26.100	0.000	0.000	0.000
3738950743.365	190.853	211.715	214.184	0.000	198.230	295.029	0.000	290.184	0.000	155.000	163.000	0.000	0.000	0.000	0.000	0.000	0.000	1.000	1.000	0.000	0.464	3.876	3.719	15112.908	-376.800	93.495	0.000	0.100	0.100	753.047	376.800	0.000	0.000	2.307	0.000	0.000	0.000	1.000	269.900	18.500	-110.800	-97.300	32.700	-122.200	-26.100	0.000	0.000	0.000
3738950753.364	190.800	211.668	214.158	0.000	198.163	295.036	0.000	290.188	0.000	155.000	163.000	0.000	0.000	0.000	0.000	0.000	0.000	1.000	1.000	0.000	0.464	3.876	3.719	14817.524	-376.800	94.052	0.000	0.100	0.100	747.573	376.800	0.000	0.000	2.307	0.000	0.000	0.000	1.000	250.700	18.500	-111.300	-97.300	32.700	-122.200	-26.100	0.000	0.000	0.000
3738950763.366	190.730	211.607	214.102	0.000	198.099	295.038	0.000	290.171	0.000	155.000	163.000	0.000	0.000	0.000	0.000	0.000	0.000	1.000	1.000	0.000	0.464	3.876	6.290	14527.913	-376.800	92.707	0.000	0.100	0.100	745.228	376.800	0.000	0.000	9.505	0.000	0.000	0.000	1.000	253.900	21.700	-110.400	-97.300	32.700	-122.200	-26.100	0.000	0.000	0.000
3738950773.365	190.680	211.555	214.034	0.000	198.039	295.033	0.000	290.163	0.000	155.000	163.000	0.000	0.000	0.000	0.000	0.000	0.000	1.000	1.000	0.000	0.161	1.305	6.290	14527.913	-376.800	93.262	0.000	0.100	0.100	737.409	376.800	0.000	0.000	11.048	0.000	0.000	0.000	1.000	214.400	22.300	-110.400	-0.000	-0.000	-122.200	-26.100	0.000	0.000	0.000
3738950783.364	190.613	211.480	213.968	0.000	197.990	295.045	0.000	290.166	0.000	155.000	163.000	0.000	0.000	0.000	0.000	0.000	0.000	1.000	1.000	0.000	-0.142	1.305	3.719	14243.963	-376.800	93.586	0.000	0.100	0.100	744.446	376.800	0.000	0.000	10.020	0.000	0.000	0.000	1.000	235.400	21.100	-110.800	-97.700	32.100	-122.200	-26.100	0.000	0.000	0.000
3738950793.365	190.532	211.431	213.911	0.000	197.923	295.058	0.000	290.161	0.000	155.000	163.000	0.000	0.000	0.000	0.000	0.000	0.000	1.000	1.000	0.000	0.464	3.876	3.719	14817.524	-376.800	93.772	0.000	0.100	0.100	746.009	376.800	0.000	0.000	10.020	0.000	0.000	0.000	1.000	211.800	20.400	-110.400	-97.300	32.700	-122.200	-26.100	0.000	0.000	0.000
3738950803.365	190.469	211.360	213.855	0.000	197.844	295.051	0.000	290.156	0.000	155.000	163.000	0.000	0.000	0.000	0.000	0.000	0.000	1.000	1.000	0.000	-0.142	1.305	6.290	15112.908	-376.800	93.216	0.000	0.100	0.100	746.010	376.800	0.000	0.000	9.505	0.000	0.000	0.000	1.000	238.600	20.400	-111.300	-97.700	32.100	-122.200	-26.500	0.000	0.000	0.000
3738950813.366	190.442	211.305	213.795	0.000	197.785	295.037	0.000	290.161	0.000	155.000	163.000	0.000	0.000	0.000	0.000	0.000	0.000	1.000	1.000	0.000	-0.142	-1.266	3.719	14527.913	-376.800	93.031	0.000	0.100	0.100	751.483	376.800	0.000	0.000	9.505	0.000	0.000	0.000	1.000	252.600	21.100	-110.400	-97.700	32.700	-122.200	-26.500	0.000	0.000	0.000
3738950823.365	190.348	211.252	213.723	0.000	197.744	295.039	0.000	290.152	0.000	155.000	163.000	0.000	0.000	0.000	0.000	0.000	0.000	1.000	1.000	0.000	0.464	1.305	3.719	14527.913	-376.800	93.773	0.000	0.100	0.100	751.483	376.800	0.000	0.000	8.991	0.000	0.000	0.000	1.000	229.000	19.800	-110.800	-97.300	32.700	-122.200	-26.100	0.000	0.000	0.000
3738950833.365	190.276	211.178	213.663	0.000	197.679	295.027	0.000	290.134	0.000	155.000	163.000	0.000	0.000	0.000	0.000	0.000	0.000	1.000	1.000	0.000	-0.142	-1.266	3.719	14527.913	-376.800	93.774	0.000	0.100	0.100	739.755	376.800	0.000	0.000	8.477	0.000	0.000	0.000	1.000	213.700	17.200	-111.300	-98.000	32.100	-122.200	-26.500	0.000	0.000	0.000
3738950843.364	190.207	211.114	213.616	0.000	197.630	295.022	0.000	290.117	0.000	155.000	163.000	0.000	0.000	0.000	0.000	0.000	0.000	1.000	1.000	0.000	-0.142	1.305	1.149	14527.913	-376.800	93.681	0.000	0.100	0.100	737.409	376.800	0.000	0.000	7.963	0.000	0.000	0.000	1.000	233.500	19.800	-110.800	-97.700	32.700	-122.200	-26.100	0.000	0.000	0.000
3738950853.366	190.152	211.044	213.532	0.000	197.551	295.019	0.000	290.126	0.000	155.000	163.000	0.000	0.000	0.000	0.000	0.000	0.000	1.000	1.000	0.000	-0.142	-1.266	6.290	14817.524	-376.800	93.262	0.000	0.100	0.100	740.536	376.800	0.000	0.000	6.934	0.000	0.000	0.000	1.000	211.800	21.700	-110.800	-98.000	32.100	-122.500	-26.100	0.000	0.000	0.000
3738950863.365	190.082	210.980	213.476	0.000	197.497	295.022	0.000	290.128	0.000	155.000	163.000	0.000	0.000	0.000	0.000	0.000	0.000	1.000	1.000	0.000	-0.445	1.305	6.290	14527.913	-376.800	93.633	0.000	0.100	0.100	735.063	376.800	0.000	0.000	6.934	0.000	0.000	0.000	1.000	218.200	17.900	-111.300	-98.000	32.700	-122.200	-26.500	0.000	0.000	0.000
3738950873.364	190.033	210.928	213.423	0.000	197.452	295.021	0.000	290.139	0.000	155.000	163.000	0.000	0.000	0.000	0.000	0.000	0.000	1.000	1.000	0.000	-0.142	1.305	1.149	14527.913	-376.800	93.402	0.000	0.100	0.100	739.754	376.800	0.000	0.000	6.934	0.000	0.000	0.000	1.000	252.600	19.100	-110.800	-98.000	32.700	-122.500	-26.100	0.000	0.000	0.000
3738950883.365	189.927	210.861	213.346	0.000	197.360	295.013	0.000	290.123	0.000	155.000	163.000	0.000	0.000	0.000	0.000	0.000	0.000	1.000	1.000	0.000	-0.142	1.305	3.719	14817.524	-376.800	93.542	0.000	0.100	0.100	747.574	376.800	0.000	0.000	5.392	0.000	0.000	0.000	1.000	257.800	20.400	-111.300	-98.300	31.700	-122.500	-27.000	0.000	0.000	0.000
3738950893.364	189.847	210.788	213.291	0.000	197.298	295.013	0.000	290.133	0.000	155.000	163.000	0.000	0.000	0.000	0.000	0.000	0.000	1.000	1.000	0.000	-0.142	-1.266	1.149	14527.913	-376.800	93.125	0.000	0.100	0.100	746.010	376.800	0.000	0.000	5.906	0.000	0.000	0.000	1.000	251.400	18.500	-111.700	-98.300	32.100	-122.500	-27.000	0.000	0.000	0.000
3738950903.364	189.829	210.719	213.222	0.000	197.227	295.011	0.000	290.128	0.000	155.000	163.000	0.000	0.000	0.000	0.000	0.000	0.000	1.000	1.000	0.000	0.464	3.876	6.290	14527.913	-376.800	93.402	0.000	0.100	0.100	742.100	376.800	0.000	0.000	5.906	0.000	0.000	0.000	1.000	253.900	19.100	-110.800	-98.000	32.700	-122.500	-26.100	0.000	0.000	0.000
3738950913.366	189.731	210.647	213.154	0.000	197.167	295.013	0.000	290.123	0.000	155.000	163.000	0.000	0.000	0.000	0.000	0.000	0.000	1.000	1.000	0.000	0.464	3.876	3.719	14527.913	-376.800	93.401	0.000	0.100	0.100	747.574	376.800	0.000	0.000	4.878	0.000	0.000	0.000	1.000	249.500	18.500	-111.700	-98.300	32.100	-122.500	-27.000	0.000	0.000	0.000
3738950923.364	189.639	210.578	213.100	0.000	197.092	295.017	0.000	290.141	0.000	155.000	163.000	0.000	0.000	0.000	0.000	0.000	0.000	1.000	1.000	0.000	-0.142	3.876	8.861	14817.524	-376.800	93.586	0.000	0.100	0.100	741.318	376.800	0.000	0.000	4.878	0.000	0.000	0.000	1.000	254.600	19.100	-111.300	-98.300	32.700	-122.500	-27.000	0.000	0.000	0.000
3738950933.365	189.561	210.520	213.034	0.000	197.019	295.015	0.000	290.134	0.000	155.000	163.000	0.000	0.000	0.000	0.000	0.000	0.000	1.000	1.000	0.000	-0.142	-1.266	6.290	14817.524	-376.800	92.613	0.000	0.100	0.100	741.318	376.800	0.000	0.000	4.363	0.000	0.000	0.000	1.000	259.000	20.400	-111.100	-98.300	32.100	-122.800	-26.500	0.000	0.000	0.000
3738950943.366	189.472	210.447	212.966	0.000	196.941	295.002	0.000	290.122	0.000	155.000	163.000	0.000	0.000	0.000	0.000	0.000	0.000	1.000	1.000	0.000	0.464	1.305	6.290	14817.524	-376.800	93.030	0.000	0.100	0.100	746.792	376.800	0.000	0.000	3.849	0.000	0.000	0.000	1.000	208.600	18.500	-111.700	-98.300	32.700	-122.800	-27.000	0.000	0.000	0.000
3738950953.365	189.415	210.377	212.908	0.000	196.848	294.994	0.000	290.107	0.000	155.000	163.000	0.000	0.000	0.000	0.000	0.000	0.000	1.000	1.000	0.000	0.161	3.876	1.149	14527.913	-376.800	92.891	0.000	0.100	0.100	742.100	376.800	0.000	0.000	3.849	0.000	0.000	0.000	1.000	213.700	18.500	-111.700	-98.300	32.700	-122.800	-27.000	0.000	0.000	0.000
3738950963.364	189.365	210.321	212.852	0.000	196.780	295.004	0.000	290.095	0.000	155.000	163.000	0.000	0.000	0.000	0.000	0.000	0.000	1.000	1.000	0.000	0.161	1.305	3.719	14817.524	-376.800	92.845	0.000	0.100	0.100	756.956	376.800	0.000	0.000	1.792	0.000	0.000	0.000	1.000	231.600	18.500	-111.700	-98.300	32.700	-122.800	-27.000	0.000	0.000	0.000
3738950973.364	189.299	210.284	212.813	0.000	196.739	295.001	0.000	290.084	0.000	155.000	163.000	0.000	0.000	0.000	0.000	0.000	0.000	1.000	1.000	0.000	-0.142	6.446	6.290	14527.913	-376.800	93.865	0.000	0.100	0.100	749.137	376.800	0.000	0.000	2.821	0.000	0.000	0.000	1.000	223.300	21.100	-111.700	-98.700	31.700	-122.800	-27.700	0.000	0.000	0.000
3738950983.366	189.241	210.221	212.761	0.000	196.675	295.013	0.000	290.091	0.000	155.000	163.000	0.000	0.000	0.000	0.000	0.000	0.000	1.000	1.000	0.000	0.161	6.446	3.719	14817.524	-376.800	92.613	0.000	0.100	0.100	747.574	376.800	0.000	0.000	2.307	0.000	0.000	0.000	1.000	257.100	21.700	-111.300	-98.700	32.100	-122.800	-26.500	0.000	0.000	0.000
3738950993.364	189.157	210.147	212.686	0.000	196.591	294.996	0.000	290.082	0.000	155.000	163.000	0.000	0.000	0.000	0.000	0.000	0.000	1.000	1.000	0.000	-0.142	3.876	6.290	14817.524	-376.800	93.217	0.000	0.100	0.100	753.829	376.800	0.000	0.000	1.792	0.000	0.000	0.000	1.000	234.100	17.200	-112.000	-98.700	31.700	-122.800	-27.000	0.000	0.000	0.000
3738951003.365	189.076	210.077	212.629	0.000	196.513	295.004	0.000	290.087	0.000	155.000	163.000	0.000	0.000	0.000	0.000	0.000	0.000	1.000	1.000	0.000	-0.142	3.876	3.719	14527.913	-376.800	92.522	0.000	0.100	0.100	741.319	376.800	0.000	0.000	4.363	0.000	0.000	0.000	1.000	248.800	19.100	-112.200	-98.700	31.700	-122.800	-27.700	0.000	0.000	0.000
3738951013.364	189.009	210.036	212.569	0.000	196.454	294.997	0.000	290.063	0.000	155.000	163.000	0.000	0.000	0.000	0.000	0.000	0.000	1.000	1.000	0.000	0.161	3.876	3.719	14817.524	-376.800	93.727	0.000	0.100	0.100	743.664	376.800	0.000	0.000	11.048	0.000	0.000	0.000	1.000	259.700	18.500	-112.200	-98.700	32.100	-122.800	-27.700	0.000	0.000	0.000
3738951023.365	188.921	209.963	212.514	0.000	196.390	295.018	0.000	290.068	0.000	155.000	163.000	0.000	0.000	0.000	0.000	0.000	0.000	1.000	1.000	0.000	0.161	1.305	3.719	14527.913	-376.800	92.661	0.000	0.100	0.100	748.356	376.800	0.000	0.000	10.534	0.000	0.000	0.000	1.000	223.900	18.500	-111.700	-98.900	32.100	-123.100	-27.000	0.000	0.000	0.000
3738951033.365	188.867	209.919	212.457	0.000	196.323	295.018	0.000	290.056	0.000	155.000	163.000	0.000	0.000	0.000	0.000	0.000	0.000	1.000	1.000	0.000	-0.142	1.305	3.719	15112.908	-376.800	93.912	0.000	0.100	0.100	746.792	376.800	0.000	0.000	10.020	0.000	0.000	0.000	1.000	248.800	17.900	-112.200	-98.900	32.100	-123.100	-27.700	0.000	0.000	0.000
3738951043.365	188.778	209.852	212.406	0.000	196.246	295.029	0.000	290.074	0.000	155.000	163.000	0.000	0.000	0.000	0.000	0.000	0.000	1.000	1.000	0.000	0.766	3.876	6.290	14817.524	-376.800	93.912	0.000	0.100	0.100	750.701	376.800	0.000	0.000	10.020	0.000	0.000	0.000	1.000	261.600	19.800	-111.700	-98.700	32.700	-123.100	-27.700	0.000	0.000	0.000
3738951053.364	188.698	209.813	212.354	0.000	196.139	295.023	0.000	290.077	0.000	155.000	163.000	0.000	0.000	0.000	0.000	0.000	0.000	1.000	1.000	0.000	0.161	1.305	3.719	14527.913	-376.800	93.587	0.000	0.100	0.100	742.882	376.800	0.000	0.000	9.505	0.000	0.000	0.000	1.000	248.800	19.800	-112.000	-98.900	32.700	-123.100	-27.700	0.000	0.000	0.000
3738951063.365	188.622	209.742	212.281	0.000	196.045	295.029	0.000	290.072	0.000	155.000	163.000	0.000	0.000	0.000	0.000	0.000	0.000	1.000	1.000	0.000	0.161	1.305	6.290	14527.913	-376.800	93.865	0.000	0.100	0.100	745.228	376.800	0.000	0.000	8.477	0.000	0.000	0.000	1.000	261.600	21.700	-111.700	-98.900	32.100	-123.100	-27.000	0.000	0.000	0.000
3738951073.364	188.497	209.669	212.210	0.000	195.958	295.015	0.000	290.060	0.000	155.000	163.000	0.000	0.000	0.000	0.000	0.000	0.000	1.000	1.000	0.000	0.161	3.876	3.719	14817.524	-376.800	93.169	0.000	0.100	0.100	749.137	376.800	0.000	0.000	8.991	0.000	0.000	0.000	1.000	266.000	22.300	-111.700	-98.900	32.100	-123.100	-27.000	0.000	0.000	0.000
3738951083.365	188.444	209.631	212.179	0.000	195.893	295.018	0.000	290.053	0.000	155.000	163.000	0.000	0.000	0.000	0.000	0.000	0.000	1.000	1.000	0.000	0.161	3.876	6.290	14817.524	-376.800	93.819	0.000	0.100	0.100	746.792	376.800	0.000	0.000	8.477	0.000	0.000	0.000	1.000	239.300	18.500	-112.500	-99.200	32.100	-123.100	-27.700	0.000	0.000	0.000
3738951093.364	188.374	209.564	212.124	0.000	195.830	295.022	0.000	290.049	0.000	155.000	163.000	0.000	0.000	0.000	0.000	0.000	0.000	1.000	1.000	0.000	-0.445	3.876	3.719	14527.913	-376.800	93.402	0.000	0.100	0.100	748.355	376.800	0.000	0.000	8.477	0.000	0.000	0.000	1.000	234.100	18.500	-112.500	-99.200	32.100	-123.100	-27.700	0.000	0.000	0.000
3738951103.365	188.275	209.483	212.040	0.000	195.720	295.000	0.000	290.033	0.000	155.000	163.000	0.000	0.000	0.000	0.000	0.000	0.000	1.000	1.000	0.000	-0.142	3.876	3.719	14817.524	-376.800	92.845	0.000	0.100	0.100	742.883	376.800	0.000	0.000	6.420	0.000	0.000	0.000	1.000	251.400	21.100	-112.000	-99.200	32.100	-123.100	-27.700	0.000	0.000	0.000
3738951113.364	188.220	209.439	211.990	0.000	195.649	295.006	0.000	290.045	0.000	155.000	163.000	0.000	0.000	0.000	0.000	0.000	0.000	1.000	1.000	0.000	-0.142	1.305	3.719	14817.524	-376.800	93.633	0.000	0.100	0.100	743.664	376.800	0.000	0.000	6.934	0.000	0.000	0.000	1.000	257.800	18.500	-112.500	-99.200	32.100	-123.100	-27.700	0.000	0.000	0.000
3738951123.364	188.080	209.369	211.926	0.000	195.542	294.981	0.000	290.031	0.000	155.000	163.000	0.000	0.000	0.000	0.000	0.000	0.000	1.000	1.000	0.000	-0.142	3.876	6.290	14527.913	-376.800	94.005	0.000	0.100	0.100	746.792	376.800	0.000	0.000	6.934	0.000	0.000	0.000	1.000	260.900	17.900	-112.500	-99.200	32.700	-123.100	-27.700	0.000	0.000	0.000
3738951133.365	187.997	209.303	211.859	0.000	195.474	294.985	0.000	290.009	0.000	155.000	163.000	0.000	0.000	0.000	0.000	0.000	0.000	1.000	1.000	0.000	-0.142	1.305	6.290	14817.524	-376.800	92.754	0.000	0.100	0.100	742.100	376.800	0.000	0.000	5.906	0.000	0.000	0.000	1.000	252.000	19.100	-112.000	-99.200	32.700	-123.100	-27.700	0.000	0.000	0.000
3738951143.366	187.846	209.231	211.781	0.000	195.373	294.978	0.000	290.005	0.000	155.000	163.000	0.000	0.000	0.000	0.000	0.000	0.000	1.000	1.000	0.000	0.464	3.876	3.719	14817.524	-376.800	92.986	0.000	0.100	0.100	749.919	376.800	0.000	0.000	5.392	0.000	0.000	0.000	1.000	211.800	18.500	-112.500	-99.200	32.100	-123.100	-28.200	0.000	0.000	0.000
3738951153.364	187.768	209.170	211.737	0.000	195.275	294.990	0.000	290.018	0.000	155.000	163.000	0.000	0.000	0.000	0.000	0.000	0.000	1.000	1.000	0.000	-0.142	1.305	6.290	15112.908	-376.800	93.728	0.000	0.100	0.100	750.701	376.800	0.000	0.000	4.363	0.000	0.000	0.000	1.000	247.500	17.900	-112.000	-99.200	32.700	-123.100	-27.700	0.000	0.000	0.000
3738951163.365	187.674	209.098	211.670	0.000	195.186	294.996	0.000	290.013	0.000	155.000	163.000	0.000	0.000	0.000	0.000	0.000	0.000	1.000	1.000	0.000	0.464	-1.266	6.290	14527.913	-376.800	92.754	0.000	0.100	0.100	739.755	376.800	0.000	0.000	4.363	0.000	0.000	0.000	1.000	259.000	19.800	-112.000	-99.200	32.700	-123.100	-28.200	0.000	0.000	0.000
3738951173.364	187.596	209.036	211.600	0.000	195.110	295.003	0.000	290.010	0.000	155.000	163.000	0.000	0.000	0.000	0.000	0.000	0.000	1.000	1.000	0.000	0.161	9.017	3.719	14817.524	-376.800	93.264	0.000	0.100	0.100	746.792	376.800	0.000	0.000	4.878	0.000	0.000	0.000	1.000	246.900	17.900	-112.500	-99.200	32.700	-123.300	-27.700	0.000	0.000	0.000
3738951183.365	187.483	208.972	211.555	0.000	195.027	295.003	0.000	290.007	0.000	155.000	163.000	0.000	0.000	0.000	0.000	0.000	0.000	1.000	1.000	0.000	-0.142	3.876	3.719	14817.524	-376.800	92.567	0.000	0.100	0.100	745.228	376.800	0.000	0.000	4.363	0.000	0.000	0.000	1.000	261.600	21.100	-111.700	-99.200	32.700	-123.300	-27.700	0.000	0.000	0.000
3738951193.364	187.410	208.912	211.482	0.000	194.941	295.007	0.000	289.998	0.000	155.000	163.000	0.000	0.000	0.000	0.000	0.000	0.000	1.000	1.000	0.000	-0.142	3.876	6.290	14527.913	-376.800	93.355	0.000	0.100	0.100	748.355	376.800	0.000	0.000	3.849	0.000	0.000	0.000	1.000	259.000	21.100	-111.700	-99.200	32.700	-123.300	-27.700	0.000	0.000	0.000
3738951203.365	187.294	208.861	211.433	0.000	194.854	295.010	0.000	289.985	0.000	155.000	163.000	0.000	0.000	0.000	0.000	0.000	0.000	1.000	1.000	0.000	0.161	-1.266	6.290	14527.913	-376.800	92.752	0.000	0.100	0.100	756.956	376.800	0.000	0.000	3.335	0.000	0.000	0.000	1.000	264.100	22.300	-112.000	-99.200	32.100	-123.300	-27.700	0.000	0.000	0.000
3738951213.365	187.217	208.789	211.366	0.000	194.759	295.009	0.000	289.987	0.000	155.000	163.000	0.000	0.000	0.000	0.000	0.000	0.000	1.000	1.000	0.000	0.161	3.876	3.719	14527.913	-376.800	93.077	0.000	0.100	0.100	746.010	376.800	0.000	0.000	2.821	0.000	0.000	0.000	1.000	227.100	19.100	-112.000	-99.200	33.200	-123.100	-28.200	0.000	0.000	0.000
3738951223.366	187.129	208.721	211.315	0.000	194.682	295.024	0.000	289.992	0.000	155.000	163.000	0.000	0.000	0.000	0.000	0.000	0.000	1.000	1.000	0.000	-0.142	3.876	6.290	14817.524	-376.800	93.170	0.000	0.100	0.100	749.919	376.800	0.000	0.000	3.335	0.000	0.000	0.000	1.000	228.400	21.100	-112.200	-99.600	32.100	-123.100	-28.200	0.000	0.000	0.000
3738951233.364	187.064	208.679	211.244	0.000	194.583	295.013	0.000	289.989	0.000	155.000	163.000	0.000	0.000	0.000	0.000	0.000	0.000	1.000	1.000	0.000	0.464	3.876	3.719	14527.913	-376.800	92.939	0.000	0.100	0.100	748.356	376.800	0.000	0.000	1.792	0.000	0.000	0.000	1.000	243.100	20.400	-111.700	-99.600	32.700	-123.300	-27.700	0.000	0.000	0.000
3738951243.365	186.977	208.597	211.173	0.000	194.491	295.013	0.000	289.976	0.000	155.000	163.000	0.000	0.000	0.000	0.000	0.000	0.000	1.000	1.000	0.000	0.161	3.876	3.719	14527.913	-376.800	93.774	0.000	0.100	0.100	750.701	376.800	0.000	0.000	1.792	0.000	0.000	0.000	1.000	261.600	19.800	-112.500	-99.600	32.700	-123.100	-28.200	0.000	0.000	0.000
3738951253.364	186.891	208.546	211.139	0.000	194.404	295.030	0.000	289.996	0.000	155.000	163.000	0.000	0.000	0.000	0.000	0.000	0.000	1.000	1.000	0.000	-0.142	1.305	6.290	14817.524	-376.800	92.986	0.000	0.100	0.100	735.064	376.800	0.000	0.000	11.562	0.000	0.000	0.000	1.000	239.300	17.900	-112.500	-99.200	33.200	-123.100	-28.600	0.000	0.000	0.000
3738951263.364	186.816	208.491	211.072	0.000	194.324	295.037	0.000	289.984	0.000	155.000	163.000	0.000	0.000	0.000	0.000	0.000	0.000	1.000	1.000	0.000	0.161	1.305	3.719	14527.913	-376.800	94.098	0.000	0.100	0.100	745.228	376.800	0.000	0.000	11.048	0.000	0.000	0.000	1.000	256.500	18.500	-112.500	-99.600	32.700	-123.100	-28.600	0.000	0.000	0.000
3738951273.366	186.725	208.438	211.017	0.000	194.248	295.039	0.000	289.986	0.000	155.000	163.000	0.000	0.000	0.000	0.000	0.000	0.000	1.000	1.000	0.000	-0.142	1.305	6.290	14817.524	-376.800	92.615	0.000	0.100	0.100	740.537	376.800	0.000	0.000	10.020	0.000	0.000	0.000	1.000	225.200	18.500	-112.000	-99.200	33.800	-123.300	-28.200	0.000	0.000	0.000
3738951283.365	186.658	208.376	210.952	0.000	194.169	295.032	0.000	289.984	0.000	155.000	163.000	0.000	0.000	0.000	0.000	0.000	0.000	1.000	1.000	0.000	0.161	1.305	-1.422	14527.913	-376.800	92.986	0.000	0.100	0.100	745.228	376.800	0.000	0.000	10.020	0.000	0.000	0.000	1.000	243.700	18.500	-112.500	-99.600	33.200	-123.100	-28.600	0.000	0.000	0.000
3738951293.364	186.557	208.309	210.875	0.000	194.099	295.036	0.000	289.969	0.000	155.000	163.000	0.000	0.000	0.000	0.000	0.000	0.000	1.000	1.000	0.000	-0.142	3.876	3.719	14817.524	-376.800	92.938	0.000	0.100	0.100	745.228	376.800	0.000	0.000	10.020	0.000	0.000	0.000	1.000	223.300	17.900	-112.500	-99.600	33.200	-123.100	-28.600	0.000	0.000	0.000
3738951303.364	186.423	208.264	210.817	0.000	194.001	295.022	0.000	289.971	0.000	155.000	163.000	0.000	0.000	0.000	0.000	0.000	0.000	1.000	1.000	0.000	-0.142	3.876	6.290	14817.524	-376.800	93.123	0.000	0.100	0.100	736.627	376.800	0.000	0.000	8.991	0.000	0.000	0.000	1.000	221.400	22.300	-111.700	-99.600	33.800	-123.100	-28.200	0.000	0.000	0.000
3738951313.365	186.389	208.188	210.755	0.000	193.910	295.032	0.000	289.960	0.000	155.000	163.000	0.000	0.000	0.000	0.000	0.000	0.000	1.000	1.000	0.000	0.161	1.305	6.290	14527.913	-376.800	93.262	0.000	0.100	0.100	746.792	376.800	0.000	0.000	8.477	0.000	0.000	0.000	1.000	249.500	20.400	-111.700	-99.200	34.300	-123.100	-28.600	0.000	0.000	0.000
3738951323.366	186.265	208.111	210.682	0.000	193.822	295.029	0.000	289.946	0.000	155.000	163.000	0.000	0.000	0.000	0.000	0.000	0.000	1.000	1.000	0.000	-0.142	6.446	1.149	14817.524	-376.800	93.169	0.000	0.100	0.100	734.281	376.800	0.000	0.000	7.963	0.000	0.000	0.000	1.000	213.100	19.100	-112.500	-99.600	33.800	-123.100	-28.600	0.000	0.000	0.000
3738951333.365	186.199	208.044	210.634	0.000	193.736	295.040	0.000	289.943	0.000	155.000	163.000	0.000	0.000	0.000	0.000	0.000	0.000	1.000	1.000	0.000	0.161	1.305	1.149	14527.913	-376.800	93.494	0.000	0.100	0.100	738.191	376.800	0.000	0.000	7.963	0.000	0.000	0.000	1.000	249.500	21.100	-112.000	-99.600	33.800	-123.100	-28.600	0.000	0.000	0.000
3738951343.364	186.109	207.983	210.564	0.000	193.628	295.034	0.000	289.929	0.000	155.000	163.000	0.000	0.000	0.000	0.000	0.000	0.000	1.000	1.000	0.000	-0.142	3.876	1.149	14817.524	-376.800	92.891	0.000	0.100	0.100	741.318	376.800	0.000	0.000	7.449	0.000	0.000	0.000	1.000	266.700	22.300	-112.000	-99.600	33.800	-123.100	-28.600	0.000	0.000	0.000
3738951353.364	186.057	207.943	210.529	0.000	193.594	295.039	0.000	289.940	0.000	155.000	163.000	0.000	0.000	0.000	0.000	0.000	0.000	1.000	1.000	0.000	-0.142	1.305	6.290	14817.524	-376.800	93.633	0.000	0.100	0.100	748.355	376.800	0.000	0.000	6.420	0.000	0.000	0.000	1.000	250.700	22.300	-111.700	-99.600	33.800	-123.100	-28.600	0.000	0.000	0.000
3738951363.364	185.978	207.883	210.482	0.000	193.510	295.051	0.000	289.925	0.000	155.000	163.000	0.000	0.000	0.000	0.000	0.000	0.000	1.000	1.000	0.000	0.464	3.876	3.719	14817.524	-376.800	93.263	0.000	0.100	0.100	755.393	376.800	0.000	0.000	6.934	0.000	0.000	0.000	1.000	221.400	19.100	-112.000	-99.200	34.900	-123.100	-28.600	0.000	0.000	0.000
3738951373.364	185.890	207.819	210.413	0.000	193.430	295.050	0.000	289.929	0.000	155.000	163.000	0.000	0.000	0.000	0.000	0.000	0.000	1.000	1.000	0.000	-0.142	3.876	8.861	15112.908	-376.800	93.495	0.000	0.100	0.100	738.973	376.800	0.000	0.000	6.934	0.000	0.000	0.000	1.000	208.600	20.400	-112.500	-99.600	34.300	-123.100	-29.000	0.000	0.000	0.000
3738951383.365	185.819	207.765	210.360	0.000	193.353	295.045	0.000	289.931	0.000	155.000	163.000	0.000	0.000	0.000	0.000	0.000	0.000	1.000	1.000	0.000	-0.142	1.305	3.719	14527.913	-376.800	92.846	0.000	0.100	0.100	739.755	376.800	0.000	0.000	5.906	0.000	0.000	0.000	1.000	223.900	21.100	-111.700	-99.600	33.800	-123.100	-28.600	0.000	0.000	0.000
3738951393.365	185.750	207.715	210.306	0.000	193.282	295.066	0.000	289.924	0.000	155.000	163.000	0.000	0.000	0.000	0.000	0.000	0.000	1.000	1.000	0.000	-0.142	3.876	6.290	14817.524	-376.800	93.496	0.000	0.100	0.100	740.537	376.800	0.000	0.000	5.392	0.000	0.000	0.000	1.000	228.400	19.100	-112.500	-99.600	34.300	-123.100	-29.500	0.000	0.000	0.000
3738951403.365	185.677	207.662	210.248	0.000	193.196	295.056	0.000	289.923	0.000	155.000	163.000	0.000	0.000	0.000	0.000	0.000	0.000	1.000	1.000	0.000	0.161	3.876	3.719	14527.913	-376.800	93.078	0.000	0.100	0.100	747.574	376.800	0.000	0.000	4.878	0.000	0.000	0.000	1.000	249.500	22.300	-111.700	-99.600	34.300	-123.100	-28.600	0.000	0.000	0.000
3738951413.365	185.611	207.604	210.190	0.000	193.098	295.057	0.000	289.936	0.000	155.000	163.000	0.000	0.000	0.000	0.000	0.000	0.000	1.000	1.000	0.000	0.161	1.305	6.290	14817.524	-376.800	92.706	0.000	0.100	0.100	748.356	376.800	0.000	0.000	4.878	0.000	0.000	0.000	1.000	250.700	21.100	-111.300	-99.600	34.300	-123.100	-28.600	0.000	0.000	0.000
3738951423.364	185.482	207.541	210.120	0.000	193.015	295.050	0.000	289.929	0.000	155.000	163.000	0.000	0.000	0.000	0.000	0.000	0.000	1.000	1.000	0.000	-0.142	1.305	6.290	14817.524	-376.800	92.891	0.000	0.100	0.100	743.664	376.800	0.000	0.000	3.849	0.000	0.000	0.000	1.000	223.300	19.800	-111.700	-99.200	34.900	-123.100	-29.000	0.000	0.000	0.000
3738951433.364	185.429	207.474	210.068	0.000	192.954	295.062	0.000	289.923	0.000	155.000	163.000	0.000	0.000	0.000	0.000	0.000	0.000	1.000	1.000	0.000	0.464	1.305	3.719	15112.908	-376.800	92.706	0.000	0.100	0.100	752.265	376.800	0.000	0.000	3.849	0.000	0.000	0.000	1.000	228.400	21.700	-111.300	-99.600	34.300	-123.100	-28.600	0.000	0.000	0.000
3738951443.365	185.382	207.413	210.020	0.000	192.869	295.035	0.000	289.908	0.000	155.000	163.000	0.000	0.000	0.000	0.000	0.000	0.000	1.000	1.000	0.000	0.161	1.305	6.290	15112.908	-376.800	93.310	0.000	0.100	0.100	750.701	376.800	0.000	0.000	3.335	0.000	0.000	0.000	1.000	229.000	18.500	-112.000	-99.200	34.900	-122.800	-29.500	0.000	0.000	0.000
3738951453.365	185.325	207.345	209.939	0.000	192.803	295.030	0.000	289.923	0.000	155.000	163.000	0.000	0.000	0.000	0.000	0.000	0.000	1.000	1.000	0.000	0.464	1.305	3.719	14817.524	-376.800	94.191	0.000	0.100	0.100	753.047	376.800	0.000	0.000	2.821	0.000	0.000	0.000	1.000	262.200	19.100	-112.000	-99.200	34.900	-122.800	-29.500	0.000	0.000	0.000
3738951463.366	185.207	207.274	209.878	0.000	192.725	295.024	0.000	289.911	0.000	155.000	163.000	0.000	0.000	0.000	0.000	0.000	0.000	1.000	1.000	0.000	0.464	3.876	3.719	14817.524	-376.800	93.867	0.000	0.100	0.100	744.446	376.800	0.000	0.000	2.307	0.000	0.000	0.000	1.000	253.900	19.800	-111.700	-99.200	35.400	-122.800	-29.000	0.000	0.000	0.000
3738951473.365	185.119	207.224	209.814	0.000	192.641	295.036	0.000	289.911	0.000	155.000	163.000	0.000	0.000	0.000	0.000	0.000	0.000	1.000	1.000	0.000	0.161	3.876	6.290	15414.181	-376.800	93.449	0.000	0.100	0.100	742.883	376.800	0.000	0.000	2.307	0.000	0.000	0.000	1.000	251.400	21.100	-111.300	-99.200	34.900	-122.800	-28.600	0.000	0.000	0.000
3738951483.364	185.067	207.175	209.772	0.000	192.573	295.050	0.000	289.921	0.000	155.000	163.000	0.000	0.000	0.000	0.000	0.000	0.000	1.000	1.000	0.000	0.161	1.305	3.719	15414.181	-376.800	93.911	0.000	0.100	0.100	749.137	376.800	0.000	0.000	1.792	0.000	0.000	0.000	1.000	209.900	19.800	-111.700	-99.200	35.400	-122.800	-29.000	0.000	0.000	0.000
3738951493.366	185.001	207.100	209.724	0.000	192.511	295.046	0.000	289.918	0.000	155.000	163.000	0.000	0.000	0.000	0.000	0.000	0.000	1.000	1.000	0.000	0.464	1.305	3.719	14817.524	-376.800	93.170	0.000	0.100	0.100	751.483	376.800	0.000	0.000	7.449	0.000	0.000	0.000	1.000	230.300	19.800	-111.700	-99.200	35.400	-122.800	-29.500	0.000	0.000	0.000
3738951503.365	184.936	207.056	209.671	0.000	192.428	295.057	0.000	289.896	0.000	155.000	163.000	0.000	0.000	0.000	0.000	0.000	0.000	1.000	1.000	0.000	0.161	1.305	3.719	14527.913	-376.800	93.125	0.000	0.100	0.100	753.829	376.800	0.000	0.000	10.534	0.000	0.000	0.000	1.000	248.800	18.500	-112.000	-99.600	34.900	-122.800	-29.500	0.000	0.000	0.000
3738951513.364	184.855	206.988	209.606	0.000	192.358	295.032	0.000	289.873	0.000	155.000	163.000	0.000	0.000	0.000	0.000	0.000	0.000	1.000	1.000	0.000	0.464	1.305	1.149	14817.524	-376.800	93.774	0.000	0.100	0.100	742.100	376.800	0.000	0.000	10.534	0.000	0.000	0.000	1.000	213.700	18.500	-112.000	-99.600	34.900	-122.800	-29.500	0.000	0.000	0.000
3738951523.365	184.801	206.929	209.545	0.000	192.294	295.018	0.000	289.879	0.000	155.000	163.000	0.000	0.000	0.000	0.000	0.000	0.000	1.000	1.000	0.000	-0.142	3.876	6.290	14817.524	-376.800	93.171	0.000	0.100	0.100	745.228	376.800	0.000	0.000	9.505	0.000	0.000	0.000	1.000	229.000	18.500	-111.700	-99.600	35.400	-122.800	-29.500	0.000	0.000	0.000
3738951533.364	184.765	206.871	209.496	0.000	192.236	295.020	0.000	289.872	0.000	155.000	163.000	0.000	0.000	0.000	0.000	0.000	0.000	1.000	1.000	0.000	-0.142	1.305	3.719	14527.913	-376.800	92.984	0.000	0.100	0.100	738.191	376.800	0.000	0.000	8.991	0.000	0.000	0.000	1.000	236.100	22.300	-111.300	-99.600	34.300	-122.800	-29.000	0.000	0.000	0.000
3738951543.366	184.713	206.809	209.429	0.000	192.156	295.014	0.000	289.849	0.000	155.000	163.000	0.000	0.000	0.000	0.000	0.000	0.000	1.000	1.000	0.000	-0.142	1.305	3.719	14817.524	-376.800	93.726	0.000	0.100	0.100	752.265	376.800	0.000	0.000	8.991	0.000	0.000	0.000	1.000	259.700	19.800	-111.300	-99.200	35.400	-122.800	-29.500	0.000	0.000	0.000
3738951553.365	184.655	206.764	209.377	0.000	192.101	295.028	0.000	289.856	0.000	155.000	163.000	0.000	0.000	0.000	0.000	0.000	0.000	1.000	1.000	0.000	-0.142	6.446	3.719	14527.913	-376.800	93.635	0.000	0.100	0.100	746.792	376.800	0.000	0.000	8.991	0.000	0.000	0.000	1.000	233.500	17.900	-111.700	-99.600	34.900	-122.800	-29.500	0.000	0.000	0.000
3738951563.365	184.551	206.696	209.303	0.000	192.012	295.009	0.000	289.840	0.000	155.000	163.000	0.000	0.000	0.000	0.000	0.000	0.000	1.000	1.000	0.000	-0.142	3.876	3.719	14817.524	-376.800	93.310	0.000	0.100	0.100	745.228	376.800	0.000	0.000	8.991	0.000	0.000	0.000	1.000	229.000	17.900	-111.700	-99.600	34.900	-122.500	-29.500	0.000	0.000	0.000
3738951573.365	184.501	206.621	209.238	0.000	191.943	294.988	0.000	289.829	0.000	155.000	163.000	0.000	0.000	0.000	0.000	0.000	0.000	1.000	1.000	0.000	0.161	3.876	3.719	14817.524	-376.800	93.216	0.000	0.100	0.100	746.009	376.800	0.000	0.000	7.963	0.000	0.000	0.000	1.000	248.800	21.100	-111.300	-99.600	34.300	-122.800	-29.500	0.000	0.000	0.000
3738951583.364	184.456	206.585	209.206	0.000	191.874	295.010	0.000	289.830	0.000	155.000	163.000	0.000	0.000	0.000	0.000	0.000	0.000	1.000	1.000	0.000	-0.142	1.305	3.719	15414.181	-376.800	93.819	0.000	0.100	0.100	739.754	376.800	0.000	0.000	6.934	0.000	0.000	0.000	1.000	250.700	19.100	-111.300	-99.600	35.400	-122.500	-29.500	0.000	0.000	0.000
3738951593.364	184.404	206.524	209.126	0.000	191.838	294.998	0.000	289.820	0.000	155.000	163.000	0.000	0.000	0.000	0.000	0.000	0.000	1.000	1.000	0.000	-0.142	-1.266	1.149	14817.524	-376.800	94.237	0.000	0.100	0.100	746.792	376.800	0.000	0.000	6.420	0.000	0.000	0.000	1.000	264.800	21.100	-111.700	-99.600	34.300	-122.800	-29.500	0.000	0.000	0.000
3738951603.365	184.335	206.448	209.077	0.000	191.749	295.010	0.000	289.806	0.000	155.000	163.000	0.000	0.000	0.000	0.000	0.000	0.000	1.000	1.000	0.000	-0.142	1.305	8.861	15112.908	-376.800	93.356	0.000	0.100	0.100	746.010	376.800	0.000	0.000	6.420	0.000	0.000	0.000	1.000	243.700	22.300	-111.100	-99.600	34.300	-122.500	-29.500	0.000	0.000	0.000
3738951613.365	184.259	206.410	209.040	0.000	191.706	295.009	0.000	289.827	0.000	155.000	163.000	0.000	0.000	0.000	0.000	0.000	0.000	1.000	1.000	0.000	-0.142	1.305	6.290	14817.524	-376.800	93.308	0.000	0.100	0.100	750.701	376.800	0.000	0.000	6.420	0.000	0.000	0.000	1.000	237.300	19.100	-111.700	-99.600	34.300	-122.500	-29.500	0.000	0.000	0.000
3738951623.365	184.176	206.326	208.962	0.000	191.626	294.971	0.000	289.797	0.000	155.000	163.000	0.000	0.000	0.000	0.000	0.000	0.000	1.000	1.000	0.000	-0.142	1.305	6.290	15112.908	-376.800	93.772	0.000	0.100	0.100	743.664	376.800	0.000	0.000	5.906	0.000	0.000	0.000	1.000	239.300	17.900	-111.700	-99.600	34.300	-122.500	-29.500	0.000	0.000	0.000
3738951633.365	184.090	206.273	208.902	0.000	191.565	294.986	0.000	289.803	0.000	155.000	163.000	0.000	0.000	0.000	0.000	0.000	0.000	1.000	1.000	0.000	0.161	-1.266	3.719	14817.524	-376.800	93.078	0.000	0.100	0.100	746.792	376.800	0.000	0.000	5.906	0.000	0.000	0.000	1.000	230.300	19.100	-111.300	-99.600	35.400	-122.500	-29.500	0.000	0.000	0.000
3738951643.366	184.063	206.202	208.841	0.000	191.487	294.983	0.000	289.798	0.000	155.000	163.000	0.000	0.000	0.000	0.000	0.000	0.000	1.000	1.000	0.000	0.464	1.305	3.719	15414.181	-376.800	93.079	0.000	0.100	0.100	742.882	376.800	0.000	0.000	5.392	0.000	0.000	0.000	1.000	215.000	21.100	-111.300	-99.900	34.300	-122.500	-29.500	0.000	0.000	0.000
3738951653.364	184.007	206.149	208.778	0.000	191.444	294.987	0.000	289.795	0.000	155.000	163.000	0.000	0.000	0.000	0.000	0.000	0.000	1.000	1.000	0.000	-0.445	1.305	3.719	15112.908	-376.800	92.660	0.000	0.100	0.100	747.574	376.800	0.000	0.000	4.363	0.000	0.000	0.000	1.000	213.700	18.500	-111.700	-99.600	34.300	-122.500	-29.900	0.000	0.000	0.000
3738951663.365	183.962	206.078	208.728	0.000	191.396	294.990	0.000	289.804	0.000	155.000	163.000	0.000	0.000	0.000	0.000	0.000	0.000	1.000	1.000	0.000	-0.142	1.305	1.149	15112.908	-376.800	93.355	0.000	0.100	0.100	749.919	376.800	0.000	0.000	4.363	0.000	0.000	0.000	1.000	249.500	17.900	-111.300	-99.600	34.900	-122.500	-29.900	0.000	0.000	0.000
3738951673.365	183.919	206.050	208.689	0.000	191.357	294.989	0.000	289.803	0.000	155.000	163.000	0.000	0.000	0.000	0.000	0.000	0.000	1.000	1.000	0.000	0.161	-1.266	3.719	15112.908	-376.800	93.309	0.000	0.100	0.100	748.355	376.800	0.000	0.000	3.849	0.000	0.000	0.000	1.000	253.900	20.400	-111.700	-99.900	34.900	-122.500	-29.900	0.000	0.000	0.000
3738951683.364	183.910	206.004	208.644	0.000	191.296	294.997	0.000	289.792	0.000	155.000	163.000	0.000	0.000	0.000	0.000	0.000	0.000	1.000	1.000	0.000	-0.142	1.305	8.861	15112.908	-376.800	93.263	0.000	0.100	0.100	753.829	376.800	0.000	0.000	3.849	0.000	0.000	0.000	1.000	250.700	19.100	-111.300	-99.900	34.900	-122.500	-29.500	0.000	0.000	0.000
3738951693.366	183.838	205.928	208.582	0.000	191.230	295.002	0.000	289.783	0.000	155.000	163.000	0.000	0.000	0.000	0.000	0.000	0.000	1.000	1.000	0.000	-0.142	9.017	3.719	15112.908	-376.800	93.727	0.000	0.100	0.100	749.138	376.800	0.000	0.000	3.335	0.000	0.000	0.000	1.000	254.600	22.300	-110.800	-99.900	34.300	-122.500	-29.500	0.000	0.000	0.000
3738951703.364	183.774	205.877	208.504	0.000	191.168	295.007	0.000	289.780	0.000	155.000	163.000	0.000	0.000	0.000	0.000	0.000	0.000	1.000	1.000	0.000	0.161	-1.266	6.290	15112.908	-376.800	92.985	0.000	0.100	0.100	746.792	376.800	0.000	0.000	2.821	0.000	0.000	0.000	1.000	254.600	17.900	-111.700	-99.900	34.300	-122.500	-29.500	0.000	0.000	0.000
3738951713.364	183.690	205.810	208.445	0.000	191.087	295.015	0.000	289.780	0.000	155.000	163.000	0.000	0.000	0.000	0.000	0.000	0.000	1.000	1.000	0.000	-0.142	1.305	6.290	14817.524	-376.800	93.911	0.000	0.100	0.100	743.664	376.800	0.000	0.000	2.821	0.000	0.000	0.000	1.000	221.400	17.200	-111.300	-99.900	34.300	-122.500	-29.500	0.000	0.000	0.000
3738951723.364	183.652	205.749	208.376	0.000	191.035	295.011	0.000	289.770	0.000	155.000	163.000	0.000	0.000	0.000	0.000	0.000	0.000	1.000	1.000	0.000	0.464	-1.266	6.290	14817.524	-376.800	92.753	0.000	0.100	0.100	743.665	376.800	0.000	0.000	2.307	0.000	0.000	0.000	1.000	255.200	22.300	-111.100	-99.900	34.300	-122.500	-29.500	0.000	0.000	0.000
3738951733.365	183.579	205.679	208.302	0.000	190.968	295.013	0.000	289.757	0.000	155.000	163.000	0.000	0.000	0.000	0.000	0.000	0.000	1.000	1.000	0.000	-0.142	3.876	3.719	14817.524	-376.800	93.774	0.000	0.100	0.100	742.882	376.800	0.000	0.000	2.307	0.000	0.000	0.000	1.000	213.700	22.300	-110.800	-99.900	34.300	-122.500	-29.500	0.000	0.000	0.000
3738951743.364	183.523	205.611	208.238	0.000	190.901	295.019	0.000	289.751	0.000	155.000	163.000	0.000	0.000	0.000	0.000	0.000	0.000	1.000	1.000	0.000	0.161	1.305	6.290	15112.908	-376.800	93.725	0.000	0.100	0.100	748.355	376.800	0.000	0.000	11.048	0.000	0.000	0.000	1.000	264.800	21.700	-110.800	-99.900	34.300	-122.500	-29.500	0.000	0.000	0.000
3738951753.364	183.461	205.551	208.188	0.000	190.834	295.032	0.000	289.746	0.000	155.000	163.000	0.000	0.000	0.000	0.000	0.000	0.000	1.000	1.000	0.000	0.161	1.305	3.719	14817.524	-376.800	93.634	0.000	0.100	0.100	750.701	376.800	0.000	0.000	11.048	0.000	0.000	0.000	1.000	213.100	19.800	-111.100	-99.900	34.300	-122.500	-29.500	0.000	0.000	0.000
3738951763.365	183.364	205.478	208.107	0.000	190.768	295.037	0.000	289.731	0.000	155.000	163.000	0.000	0.000	0.000	0.000	0.000	0.000	1.000	1.000	0.000	0.161	3.876	6.290	15112.908	-376.800	93.449	0.000	0.100	0.100	751.484	376.800	0.000	0.000	10.534	0.000	0.000	0.000	1.000	249.500	17.900	-110.800	-99.900	34.900	-122.500	-29.500	0.000	0.000	0.000
3738951773.364	183.297	205.400	208.040	0.000	190.701	295.043	0.000	289.741	0.000	155.000	163.000	0.000	0.000	0.000	0.000	0.000	0.000	1.000	1.000	0.000	0.464	3.876	3.719	15112.908	-376.800	92.705	0.000	0.100	0.100	748.356	376.800	0.000	0.000	10.020	0.000	0.000	0.000	1.000	249.500	21.100	-111.300	-100.200	34.300	-122.500	-29.500	0.000	0.000	0.000
3738951783.365	183.238	205.327	207.970	0.000	190.644	295.047	0.000	289.718	0.000	155.000	163.000	0.000	0.000	0.000	0.000	0.000	0.000	1.000	1.000	0.000	-0.142	1.305	6.290	15112.908	-376.800	93.309	0.000	0.100	0.100	744.446	376.800	0.000	0.000	9.505	0.000	0.000	0.000	1.000	266.000	19.100	-111.700	-100.200	34.300	-122.500	-30.400	0.000	0.000	0.000
3738951793.364	183.141	205.261	207.895	0.000	190.560	295.042	0.000	289.721	0.000	155.000	163.000	0.000	0.000	0.000	0.000	0.000	0.000	1.000	1.000	0.000	-0.445	3.876	1.149	15414.181	-376.800	93.913	0.000	0.100	0.100	740.537	376.800	0.000	0.000	8.477	0.000	0.000	0.000	1.000	249.500	20.400	-110.800	-100.200	34.900	-122.500	-29.500	0.000	0.000	0.000
3738951803.366	183.067	205.191	207.840	0.000	190.490	295.043	0.000	289.735	0.000	155.000	163.000	0.000	0.000	0.000	0.000	0.000	0.000	1.000	1.000	0.000	-0.142	1.305	6.290	14817.524	-376.800	93.355	0.000	0.100	0.100	744.446	376.800	0.000	0.000	8.477	0.000	0.000	0.000	1.000	238.600	18.500	-111.700	-100.500	34.300	-122.500	-30.400	0.000	0.000	0.000
3738951813.364	183.029	205.135	207.781	0.000	190.455	295.051	0.000	289.716	0.000	155.000	163.000	0.000	0.000	0.000	0.000	0.000	0.000	1.000	1.000	0.000	-0.142	1.305	3.719	15112.908	-376.800	94.144	0.000	0.100	0.100	740.536	376.800	0.000	0.000	8.477	0.000	0.000	0.000	1.000	264.800	17.900	-111.300	-100.500	34.900	-122.500	-29.900	0.000	0.000	0.000
3738951823.366	182.943	205.076	207.721	0.000	190.401	295.061	0.000	289.709	0.000	155.000	163.000	0.000	0.000	0.000	0.000	0.000	0.000	1.000	1.000	0.000	-0.142	6.446	3.719	14817.524	-376.800	93.264	0.000	0.100	0.100	753.829	376.800	0.000	0.000	7.449	0.000	0.000	0.000	1.000	231.600	21.100	-110.800	-100.200	34.300	-122.500	-29.500	0.000	0.000	0.000
3738951833.364	182.849	204.996	207.641	0.000	190.305	295.059	0.000	289.694	0.000	155.000	163.000	0.000	0.000	0.000	0.000	0.000	0.000	1.000	1.000	0.000	0.161	1.305	-1.422	15112.908	-376.800	93.401	0.000	0.100	0.100	742.100	376.800	0.000	0.000	7.449	0.000	0.000	0.000	1.000	269.200	22.300	-110.800	-100.500	34.300	-122.500	-29.900	0.000	0.000	0.000
3738951843.366	182.794	204.944	207.582	0.000	190.244	295.064	0.000	289.687	0.000	155.000	163.000	0.000	0.000	0.000	0.000	0.000	0.000	1.000	1.000	0.000	0.161	3.876	3.719	15414.181	-376.800	93.402	0.000	0.100	0.100	737.409	376.800	0.000	0.000	6.420	0.000	0.000	0.000	1.000	255.200	21.700	-111.300	-100.500	34.300	-122.500	-29.500	0.000	0.000	0.000
3738951853.364	182.763	204.905	207.537	0.000	190.207	295.072	0.000	289.705	0.000	155.000	163.000	0.000	0.000	0.000	0.000	0.000	0.000	1.000	1.000	0.000	0.766	6.446	1.149	15112.908	-376.800	93.635	0.000	0.100	0.100	747.573	376.800	0.000	0.000	5.906	0.000	0.000	0.000	1.000	223.900	21.100	-111.300	-100.500	33.800	-122.500	-29.500	0.000	0.000	0.000
3738951863.366	182.740	204.827	207.494	0.000	190.148	295.070	0.000	289.705	0.000	155.000	163.000	0.000	0.000	0.000	0.000	0.000	0.000	1.000	1.000	0.000	0.161	6.446	3.719	15112.908	-376.800	92.520	0.000	0.100	0.100	740.537	376.800	0.000	0.000	6.934	0.000	0.000	0.000	1.000	213.100	19.100	-111.300	-100.500	34.900	-122.500	-29.900	0.000	0.000	0.000
3738951873.366	182.655	204.761	207.417	0.000	190.083	295.059	0.000	289.682	0.000	155.000	163.000	0.000	0.000	0.000	0.000	0.000	0.000	1.000	1.000	0.000	-0.142	-1.266	8.861	15112.908	-376.800	93.403	0.000	0.100	0.100	742.882	376.800	0.000	0.000	3.335	0.000	0.000	0.000	1.000	234.100	18.500	-111.300	-100.500	34.900	-122.500	-29.900	0.000	0.000	0.000
3738951883.364	182.615	204.705	207.370	0.000	190.017	295.067	0.000	289.695	0.000	155.000	163.000	0.000	0.000	0.000	0.000	0.000	0.000	1.000	1.000	0.000	-0.142	3.876	1.149	15112.908	-376.800	93.495	0.000	0.100	0.100	738.191	376.800	0.000	0.000	2.821	0.000	0.000	0.000	1.000	262.200	19.100	-110.800	-100.500	34.300	-122.800	-29.500	0.000	0.000	0.000
3738951893.364	182.529	204.656	207.301	0.000	189.953	295.063	0.000	289.696	0.000	155.000	163.000	0.000	0.000	0.000	0.000	0.000	0.000	1.000	1.000	0.000	0.161	1.305	3.719	15112.908	-376.800	92.566	0.000	0.100	0.100	741.319	376.800	0.000	0.000	2.821	0.000	0.000	0.000	1.000	266.700	22.300	-111.300	-100.800	34.300	-122.800	-29.900	0.000	0.000	0.000
3738951903.365	182.495	204.591	207.241	0.000	189.911	295.057	0.000	289.673	0.000	155.000	163.000	0.000	0.000	0.000	0.000	0.000	0.000	1.000	1.000	0.000	-0.142	3.876	6.290	15414.181	-376.800	93.262	0.000	0.100	0.100	746.009	376.800	0.000	0.000	1.278	0.000	0.000	0.000	1.000	218.200	22.300	-110.800	-100.800	34.300	-122.800	-29.900	0.000	0.000	0.000
3738951913.364	182.422	204.521	207.181	0.000	189.861	295.055	0.000	289.682	0.000	155.000	163.000	0.000	0.000	0.000	0.000	0.000	0.000	1.000	1.000	0.000	0.464	1.305	6.290	15112.908	-376.800	93.217	0.000	0.100	0.100	747.574	376.800	0.000	0.000	8.477	0.000	0.000	0.000	1.000	214.400	19.800	-111.700	-100.800	34.300	-122.500	-30.400	0.000	0.000	0.000
3738951923.364	182.358	204.462	207.113	0.000	189.777	295.045	0.000	289.670	0.000	155.000	163.000	0.000	0.000	0.000	0.000	0.000	0.000	1.000	1.000	0.000	0.161	1.305	3.719	15414.181	-376.800	92.522	0.000	0.100	0.100	749.138	376.800	0.000	0.000	10.534	0.000	0.000	0.000	1.000	252.600	22.300	-111.100	-100.800	34.300	-122.800	-29.900	0.000	0.000	0.000
3738951933.364	182.281	204.385	207.034	0.000	189.710	295.028	0.000	289.663	0.000	155.000	163.000	0.000	0.000	0.000	0.000	0.000	0.000	1.000	1.000	0.000	-0.445	3.876	3.719	15414.181	-376.800	92.892	0.000	0.100	0.100	749.138	376.800	0.000	0.000	3.849	0.000	0.000	0.000	1.000	255.800	20.400	-111.700	-100.800	34.300	-122.800	-30.400	0.000	0.000	0.000
3738951943.364	182.241	204.333	206.986	0.000	189.647	295.041	0.000	289.683	0.000	155.000	163.000	0.000	0.000	0.000	0.000	0.000	0.000	1.000	1.000	0.000	-0.142	1.305	6.290	15112.908	-376.800	92.984	0.000	0.100	0.100	748.355	376.800	0.000	0.000	2.821	0.000	0.000	0.000	1.000	238.600	19.100	-111.700	-100.800	34.900	-122.500	-30.400	0.000	0.000	0.000
3738951953.365	182.167	204.279	206.929	0.000	189.585	295.031	0.000	289.657	0.000	155.000	163.000	0.000	0.000	0.000	0.000	0.000	0.000	1.000	1.000	0.000	-0.142	1.305	3.719	14817.524	-376.800	93.588	0.000	0.100	0.100	743.665	376.800	0.000	0.000	9.505	0.000	0.000	0.000	1.000	252.600	21.100	-110.800	-100.800	34.300	-122.800	-29.900	0.000	0.000	0.000
3738951963.364	182.099	204.206	206.855	0.000	189.511	295.012	0.000	289.669	0.000	155.000	163.000	0.000	0.000	0.000	0.000	0.000	0.000	1.000	1.000	0.000	-0.142	3.876	6.290	14817.524	-376.800	92.939	0.000	0.100	0.100	746.010	376.800	0.000	0.000	1.792	0.000	0.000	0.000	1.000	228.400	22.300	-111.100	-100.800	34.300	-122.500	-30.400	0.000	0.000	0.000
3738951973.364	182.047	204.141	206.796	0.000	189.454	295.025	0.000	289.655	0.000	155.000	163.000	0.000	0.000	0.000	0.000	0.000	0.000	1.000	1.000	0.000	-0.142	1.305	1.149	15112.908	-376.800	93.076	0.000	0.100	0.100	749.919	376.800	0.000	0.000	1.278	0.000	0.000	0.000	1.000	248.800	17.900	-111.700	-100.800	34.300	-122.800	-30.400	0.000	0.000	0.000
3738951983.365	181.986	204.092	206.752	0.000	189.408	295.032	0.000	289.651	0.000	155.000	163.000	0.000	0.000	0.000	0.000	0.000	0.000	1.000	1.000	0.000	-0.142	1.305	6.290	15112.908	-376.800	93.541	0.000	0.100	0.100	740.536	376.800	0.000	0.000	7.963	0.000	0.000	0.000	1.000	250.700	20.400	-110.800	-100.800	34.900	-122.800	-29.900	0.000	0.000	0.000
3738951993.364	181.945	204.029	206.697	0.000	189.340	295.015	0.000	289.652	0.000	155.000	163.000	0.000	0.000	0.000	0.000	0.000	0.000	1.000	1.000	0.000	0.161	1.305	-1.422	14817.524	-376.800	92.708	0.000	0.100	0.100	744.446	376.800	0.000	0.000	11.048	0.000	0.000	0.000	1.000	259.000	17.900	-111.700	-101.100	34.300	-122.800	-30.400	0.000	0.000	0.000
3738952003.365	181.911	203.983	206.636	0.000	189.289	295.032	0.000	289.634	0.000	155.000	163.000	0.000	0.000	0.000	0.000	0.000	0.000	1.000	1.000	0.000	0.464	1.305	6.290	15112.908	-376.800	92.892	0.000	0.100	0.100	742.101	376.800	0.000	0.000	10.534	0.000	0.000	0.000	1.000	238.600	17.900	-111.700	-101.100	34.300	-122.800	-30.400	0.000	0.000	0.000
3738952013.364	181.861	203.920	206.579	0.000	189.236	295.042	0.000	289.627	0.000	155.000	163.000	0.000	0.000	0.000	0.000	0.000	0.000	1.000	1.000	0.000	-0.142	1.305	3.719	14817.524	-376.800	93.262	0.000	0.100	0.100	753.047	376.800	0.000	0.000	6.934	0.000	0.000	0.000	1.000	250.100	19.800	-111.100	-100.800	34.900	-122.800	-29.900	0.000	0.000	0.000
3738952023.364	181.769	203.858	206.524	0.000	189.163	295.024	0.000	289.623	0.000	155.000	163.000	0.000	0.000	0.000	0.000	0.000	0.000	1.000	1.000	0.000	0.161	1.305	3.719	14817.524	-376.800	93.264	0.000	0.100	0.100	746.792	376.800	0.000	0.000	9.505	0.000	0.000	0.000	1.000	213.100	18.500	-111.100	-100.800	34.900	-122.800	-30.400	0.000	0.000	0.000
3738952033.364	181.730	203.798	206.438	0.000	189.095	295.045	0.000	289.609	0.000	155.000	163.000	0.000	0.000	0.000	0.000	0.000	0.000	1.000	1.000	0.000	0.161	3.876	1.149	15112.908	-376.800	93.077	0.000	0.100	0.100	749.920	376.800	0.000	0.000	9.505	0.000	0.000	0.000	1.000	216.300	22.300	-111.100	-101.100	34.300	-122.800	-30.400	0.000	0.000	0.000
3738952043.364	181.652	203.737	206.374	0.000	189.035	295.066	0.000	289.629	0.000	155.000	163.000	0.000	0.000	0.000	0.000	0.000	0.000	1.000	1.000	0.000	0.464	1.305	3.719	15112.908	-376.800	93.447	0.000	0.100	0.100	749.919	376.800	0.000	0.000	8.477	0.000	0.000	0.000	1.000	213.100	17.900	-112.000	-101.100	34.300	-122.800	-30.800	0.000	0.000	0.000
3738952053.366	181.600	203.676	206.310	0.000	188.969	295.060	0.000	289.620	0.000	155.000	163.000	0.000	0.000	0.000	0.000	0.000	0.000	1.000	1.000	0.000	-0.142	-1.266	1.149	15112.908	-376.800	92.708	0.000	0.100	0.100	738.973	376.800	0.000	0.000	5.906	0.000	0.000	0.000	1.000	211.200	17.200	-111.300	-101.100	34.900	-122.800	-30.400	0.000	0.000	0.000
3738952063.366	181.536	203.612	206.239	0.000	188.910	295.055	0.000	289.604	0.000	155.000	163.000	0.000	0.000	0.000	0.000	0.000	0.000	1.000	1.000	0.000	0.161	3.876	3.719	15112.908	-376.800	94.004	0.000	0.100	0.100	751.483	376.800	0.000	0.000	7.963	0.000	0.000	0.000	1.000	243.700	19.800	-111.700	-101.100	34.300	-122.800	-30.800	0.000	0.000	0.000
3738952073.365	181.500	203.568	206.199	0.000	188.852	295.069	0.000	289.626	0.000	155.000	163.000	0.000	0.000	0.000	0.000	0.000	0.000	1.000	1.000	0.000	0.766	-1.266	3.719	15112.908	-376.800	92.938	0.000	0.100	0.100	746.010	376.800	0.000	0.000	6.934	0.000	0.000	0.000	1.000	213.700	20.400	-111.700	-101.100	33.800	-122.800	-31.200	0.000	0.000	0.000
3738952083.365	181.404	203.498	206.128	0.000	188.784	295.059	0.000	289.601	0.000	155.000	163.000	0.000	0.000	0.000	0.000	0.000	0.000	1.000	1.000	0.000	-0.142	1.305	6.290	15112.908	-376.800	93.171	0.000	0.100	0.100	745.228	376.800	0.000	0.000	7.449	0.000	0.000	0.000	1.000	213.700	17.900	-112.000	-101.100	34.900	-122.800	-31.200	0.000	0.000	0.000
3738952093.364	181.375	203.428	206.067	0.000	188.743	295.091	0.000	289.617	0.000	155.000	163.000	0.000	0.000	0.000	0.000	0.000	0.000	1.000	1.000	0.000	0.161	3.876	3.719	15112.908	-376.800	93.310	0.000	0.100	0.100	745.228	376.800	0.000	0.000	6.934	0.000	0.000	0.000	1.000	228.400	21.700	-111.300	-101.100	34.300	-122.800	-30.400	0.000	0.000	0.000
3738952103.364	181.272	203.368	205.998	0.000	188.652	295.084	0.000	289.599	0.000	155.000	163.000	0.000	0.000	0.000	0.000	0.000	0.000	1.000	1.000	0.000	-0.142	3.876	6.290	15112.908	-376.800	93.541	0.000	0.100	0.100	738.973	376.800	0.000	0.000	6.420	0.000	0.000	0.000	1.000	262.900	19.100	-111.700	-101.100	34.900	-122.800	-31.200	0.000	0.000	0.000
3738952113.366	181.216	203.294	205.931	0.000	188.586	295.090	0.000	289.594	0.000	155.000	163.000	0.000	0.000	0.000	0.000	0.000	0.000	1.000	1.000	0.000	-0.142	3.876	6.290	14817.524	-376.800	93.216	0.000	0.100	0.100	742.100	376.800	0.000	0.000	5.906	0.000	0.000	0.000	1.000	254.600	21.100	-111.700	-101.400	34.300	-122.800	-30.800	0.000	0.000	0.000
3738952123.364	181.117	203.217	205.842	0.000	188.505	295.077	0.000	289.588	0.000	155.000	163.000	0.000	0.000	0.000	0.000	0.000	0.000	1.000	1.000	0.000	-0.142	1.305	3.719	15112.908	-376.800	92.937	0.000	0.100	0.100	741.319	376.800	0.000	0.000	5.392	0.000	0.000	0.000	1.000	209.900	19.800	-111.300	-101.100	34.900	-122.800	-31.200	0.000	0.000	0.000
3738952133.365	181.063	203.151	205.793	0.000	188.439	295.089	0.000	289.589	0.000	155.000	163.000	0.000	0.000	0.000	0.000	0.000	0.000	1.000	1.000	0.000	0.161	1.305	6.290	15112.908	-376.800	93.216	0.000	0.100	0.100	749.138	376.800	0.000	0.000	2.821	0.000	0.000	0.000	1.000	230.300	19.100	-111.300	-101.400	34.900	-122.800	-30.800	0.000	0.000	0.000
3738952143.364	181.002	203.086	205.721	0.000	188.381	295.079	0.000	289.585	0.000	155.000	163.000	0.000	0.000	0.000	0.000	0.000	0.000	1.000	1.000	0.000	0.161	3.876	3.719	15112.908	-376.800	93.264	0.000	0.100	0.100	742.101	376.800	0.000	0.000	4.363	0.000	0.000	0.000	1.000	239.300	22.300	-112.000	-101.400	34.300	-122.800	-31.200	0.000	0.000	0.000
3738952153.365	180.940	203.032	205.669	0.000	188.326	295.076	0.000	289.574	0.000	155.000	163.000	0.000	0.000	0.000	0.000	0.000	0.000	1.000	1.000	0.000	-0.142	3.876	1.149	15112.908	-376.800	92.567	0.000	0.100	0.100	738.973	376.800	0.000	0.000	4.878	0.000	0.000	0.000	1.000	211.200	17.900	-112.000	-101.700	34.300	-122.800	-30.800	0.000	0.000	0.000
3738952163.364	180.885	202.987	205.595	0.000	188.265	295.079	0.000	289.585	0.000	155.000	163.000	0.000	0.000	0.000	0.000	0.000	0.000	1.000	1.000	0.000	0.464	3.876	6.290	15414.181	-376.800	93.262	0.000	0.100	0.100	741.319	376.800	0.000	0.000	11.048	0.000	0.000	0.000	1.000	238.600	22.300	-111.700	-101.700	34.300	-122.800	-31.200	0.000	0.000	0.000
3738952173.365	180.834	202.910	205.549	0.000	188.222	295.079	0.000	289.587	0.000	155.000	163.000	0.000	0.000	0.000	0.000	0.000	0.000	1.000	1.000	0.000	0.161	-1.266	3.719	14817.524	-376.800	93.402	0.000	0.100	0.100	747.573	376.800	0.000	0.000	3.849	0.000	0.000	0.000	1.000	230.300	21.700	-111.300	-101.700	34.300	-123.100	-31.200	0.000	0.000	0.000
3738952183.365	180.757	202.852	205.477	0.000	188.151	295.082	0.000	289.575	0.000	155.000	163.000	0.000	0.000	0.000	0.000	0.000	0.000	1.000	1.000	0.000	-0.142	3.876	3.719	15112.908	-376.800	92.615	0.000	0.100	0.100	751.483	376.800	0.000	0.000	2.821	0.000	0.000	0.000	1.000	212.500	18.500	-112.000	-101.700	34.300	-122.800	-31.200	0.000	0.000	0.000
3738952193.364	180.699	202.812	205.421	0.000	188.085	295.060	0.000	289.581	0.000	155.000	163.000	0.000	0.000	0.000	0.000	0.000	0.000	1.000	1.000	0.000	-0.142	1.305	6.290	15112.908	-376.800	93.171	0.000	0.100	0.100	738.973	376.800	0.000	0.000	10.020	0.000	0.000	0.000	1.000	228.400	21.700	-111.300	-101.700	34.300	-122.800	-30.800	0.000	0.000	0.000
3738952203.365	180.639	202.726	205.353	0.000	188.004	295.061	0.000	289.569	0.000	155.000	163.000	0.000	0.000	0.000	0.000	0.000	0.000	1.000	1.000	0.000	0.464	3.876	3.719	14817.524	-376.800	92.799	0.000	0.100	0.100	746.010	376.800	0.000	0.000	9.505	0.000	0.000	0.000	1.000	218.800	21.700	-111.300	-101.700	34.300	-123.100	-30.400	0.000	0.000	0.000
3738952213.364	180.599	202.671	205.293	0.000	187.950	295.067	0.000	289.583	0.000	155.000	163.000	0.000	0.000	0.000	0.000	0.000	0.000	1.000	1.000	0.000	0.161	1.305	6.290	15414.181	-376.800	92.752	0.000	0.100	0.100	753.047	376.800	0.000	0.000	8.991	0.000	0.000	0.000	1.000	249.500	20.400	-111.300	-101.700	34.900	-123.100	-30.800	0.000	0.000	0.000
3738952223.365	180.529	202.599	205.224	0.000	187.894	295.073	0.000	289.573	0.000	155.000	163.000	0.000	0.000	0.000	0.000	0.000	0.000	1.000	1.000	0.000	-0.445	1.305	6.290	15112.908	-376.800	93.310	0.000	0.100	0.100	750.701	376.800	0.000	0.000	8.477	0.000	0.000	0.000	1.000	218.800	17.900	-112.000	-101.700	34.300	-122.800	-31.200	0.000	0.000	0.000
3738952233.366	180.457	202.560	205.172	0.000	187.832	295.080	0.000	289.577	0.000	155.000	163.000	0.000	0.000	0.000	0.000	0.000	0.000	1.000	1.000	0.000	0.464	3.876	1.149	15112.908	-376.800	93.913	0.000	0.100	0.100	747.573	376.800	0.000	0.000	7.449	0.000	0.000	0.000	1.000	223.900	17.900	-112.000	-101.700	34.900	-122.800	-31.200	0.000	0.000	0.000
3738952243.365	180.405	202.485	205.100	0.000	187.756	295.065	0.000	289.562	0.000	155.000	163.000	0.000	0.000	0.000	0.000	0.000	0.000	1.000	1.000	0.000	-0.142	6.446	3.719	15112.908	-376.800	93.356	0.000	0.100	0.100	744.446	376.800	0.000	0.000	7.449	0.000	0.000	0.000	1.000	252.600	17.200	-112.000	-102.100	34.300	-123.100	-31.200	0.000	0.000	0.000
3738952253.364	180.367	202.453	205.054	0.000	187.719	295.081	0.000	289.574	0.000	155.000	163.000	0.000	0.000	0.000	0.000	0.000	0.000	1.000	1.000	0.000	0.161	3.876	1.149	14817.524	-376.800	93.123	0.000	0.100	0.100	748.355	376.800	0.000	0.000	7.963	0.000	0.000	0.000	1.000	238.600	18.500	-112.200	-102.100	34.300	-122.800	-31.200	0.000	0.000	0.000
3738952263.365	180.292	202.380	204.988	0.000	187.668	295.065	0.000	289.553	0.000	155.000	163.000	0.000	0.000	0.000	0.000	0.000	0.000	1.000	1.000	0.000	-0.142	1.305	6.290	14817.524	-376.800	92.984	0.000	0.100	0.100	742.882	376.800	0.000	0.000	6.934	0.000	0.000	0.000	1.000	248.800	18.500	-112.000	-101.700	34.900	-123.100	-31.200	0.000	0.000	0.000
3738952273.365	180.272	202.331	204.938	0.000	187.607	295.071	0.000	289.543	0.000	155.000	163.000	0.000	0.000	0.000	0.000	0.000	0.000	1.000	1.000	0.000	0.464	-1.266	3.719	14817.524	-376.800	93.402	0.000	0.100	0.100	756.174	376.800	0.000	0.000	5.906	0.000	0.000	0.000	1.000	215.600	18.500	-112.000	-101.700	34.900	-123.100	-31.200	0.000	0.000	0.000
3738952283.365	180.235	202.294	204.875	0.000	187.549	295.078	0.000	289.551	0.000	155.000	163.000	0.000	0.000	0.000	0.000	0.000	0.000	1.000	1.000	0.000	-0.142	3.876	6.290	15112.908	-376.800	94.191	0.000	0.100	0.100	746.791	376.800	0.000	0.000	6.420	0.000	0.000	0.000	1.000	215.000	21.100	-111.300	-102.100	34.300	-123.100	-30.800	0.000	0.000	0.000
3738952293.365	180.150	202.219	204.796	0.000	187.475	295.041	0.000	289.529	0.000	155.000	163.000	0.000	0.000	0.000	0.000	0.000	0.000	1.000	1.000	0.000	-0.142	1.305	3.719	15721.459	-376.800	93.913	0.000	0.100	0.100	747.574	376.800	0.000	0.000	5.392	0.000	0.000	0.000	1.000	249.500	19.100	-112.000	-102.100	34.900	-123.100	-31.200	0.000	0.000	0.000
3738952303.365	180.090	202.160	204.723	0.000	187.416	295.054	0.000	289.537	0.000	155.000	163.000	0.000	0.000	0.000	0.000	0.000	0.000	1.000	1.000	0.000	0.161	1.305	6.290	15414.181	-376.800	93.958	0.000	0.100	0.100	735.845	376.800	0.000	0.000	4.363	0.000	0.000	0.000	1.000	231.600	21.700	-111.700	-102.100	34.300	-123.100	-31.200	0.000	0.000	0.000
3738952313.364	180.053	202.117	204.692	0.000	187.365	295.052	0.000	289.525	0.000	155.000	163.000	0.000	0.000	0.000	0.000	0.000	0.000	1.000	1.000	0.000	-0.142	-1.266	1.149	15112.908	-376.800	93.308	0.000	0.100	0.100	741.318	376.800	0.000	0.000	5.392	0.000	0.000	0.000	1.000	223.300	17.900	-112.000	-102.100	34.900	-123.100	-31.200	0.000	0.000	0.000
3738952323.365	180.011	202.033	204.618	0.000	187.299	295.049	0.000	289.494	0.000	155.000	163.000	0.000	0.000	0.000	0.000	0.000	0.000	1.000	1.000	0.000	-0.142	3.876	6.290	15112.908	-376.800	93.819	0.000	0.100	0.100	743.664	376.800	0.000	0.000	4.878	0.000	0.000	0.000	1.000	216.900	19.100	-111.700	-102.100	34.900	-123.100	-31.200	0.000	0.000	0.000
3738952333.364	179.946	201.987	204.560	0.000	187.244	295.045	0.000	289.489	0.000	155.000	163.000	0.000	0.000	0.000	0.000	0.000	0.000	1.000	1.000	0.000	0.161	3.876	3.719	15112.908	-376.800	93.681	0.000	0.100	0.100	746.791	376.800	0.000	0.000	4.878	0.000	0.000	0.000	1.000	249.500	18.500	-112.500	-102.300	34.300	-123.100	-31.200	0.000	0.000	0.000
3738952343.366	179.868	201.916	204.492	0.000	187.178	295.047	0.000	289.488	0.000	155.000	163.000	0.000	0.000	0.000	0.000	0.000	0.000	1.000	1.000	0.000	-0.142	3.876	3.719	15112.908	-376.800	93.774	0.000	0.100	0.100	744.446	376.800	0.000	0.000	2.821	0.000	0.000	0.000	1.000	226.500	21.700	-112.000	-102.300	34.300	-123.100	-31.200	0.000	0.000	0.000
3738952353.364	179.804	201.875	204.441	0.000	187.121	295.058	0.000	289.487	0.000	155.000	163.000	0.000	0.000	0.000	0.000	0.000	0.000	1.000	1.000	0.000	0.464	6.446	3.719	15414.181	-376.800	93.635	0.000	0.100	0.100	746.792	376.800	0.000	0.000	3.335	0.000	0.000	0.000	1.000	229.000	17.900	-112.500	-102.300	34.300	-123.100	-31.200	0.000	0.000	0.000
3738952363.364	179.764	201.796	204.374	0.000	187.066	295.044	0.000	289.504	0.000	155.000	163.000	0.000	0.000	0.000	0.000	0.000	0.000	1.000	1.000	0.000	0.161	3.876	3.719	15112.908	-376.800	93.078	0.000	0.100	0.100	742.100	376.800	0.000	0.000	2.307	0.000	0.000	0.000	1.000	208.000	17.900	-112.000	-102.300	33.800	-123.100	-31.200	0.000	0.000	0.000
3738952373.364	179.708	201.742	204.316	0.000	187.007	295.035	0.000	289.502	0.000	155.000	163.000	0.000	0.000	0.000	0.000	0.000	0.000	1.000	1.000	0.000	0.161	-1.266	3.719	15112.908	-376.800	93.494	0.000	0.100	0.100	748.356	376.800	0.000	0.000	2.821	0.000	0.000	0.000	1.000	259.000	19.800	-112.200	-102.300	33.800	-123.100	-31.200	0.000	0.000	0.000
3738952383.364	179.659	201.696	204.280	0.000	186.985	295.044	0.000	289.495	0.000	155.000	163.000	0.000	0.000	0.000	0.000	0.000	0.000	1.000	1.000	0.000	-0.142	1.305	3.719	14817.524	-376.800	92.706	0.000	0.100	0.100	735.845	376.800	0.000	0.000	2.307	0.000	0.000	0.000	1.000	248.800	17.200	-112.200	-102.300	33.800	-123.100	-31.600	0.000	0.000	0.000
3738952393.365	179.614	201.640	204.218	0.000	186.920	295.043	0.000	289.491	0.000	155.000	163.000	0.000	0.000	0.000	0.000	0.000	0.000	1.000	1.000	0.000	-0.142	1.305	6.290	15112.908	-376.800	93.774	0.000	0.100	0.100	748.356	376.800	0.000	0.000	1.278	0.000	0.000	0.000	1.000	216.300	20.400	-112.000	-102.300	33.800	-123.100	-31.200	0.000	0.000	0.000
3738952403.365	179.600	201.593	204.156	0.000	186.839	295.054	0.000	289.489	0.000	155.000	163.000	0.000	0.000	0.000	0.000	0.000	0.000	1.000	1.000	0.000	-0.142	3.876	6.290	15414.181	-376.800	93.078	0.000	0.100	0.100	747.573	376.800	0.000	0.000	10.020	0.000	0.000	0.000	1.000	252.000	21.100	-112.000	-102.300	33.800	-123.100	-31.200	0.000	0.000	0.000
3738952413.365	179.532	201.530	204.087	0.000	186.796	295.043	0.000	289.484	0.000	155.000	163.000	0.000	0.000	0.000	0.000	0.000	0.000	1.000	1.000	0.000	0.161	3.876	3.719	15112.908	-376.800	92.845	0.000	0.100	0.100	740.537	376.800	0.000	0.000	11.048	0.000	0.000	0.000	1.000	208.600	17.900	-112.500	-102.300	34.900	-123.100	-31.600	0.000	0.000	0.000
3738952423.364	179.480	201.480	204.036	0.000	186.743	295.050	0.000	289.455	0.000	155.000	163.000	0.000	0.000	0.000	0.000	0.000	0.000	1.000	1.000	0.000	-0.142	3.876	3.719	14817.524	-376.800	92.567	0.000	0.100	0.100	743.665	376.800	0.000	0.000	10.020	0.000	0.000	0.000	1.000	243.700	20.400	-112.200	-102.600	33.800	-123.100	-31.200	0.000	0.000	0.000
3738952433.365	179.447	201.422	203.978	0.000	186.693	295.054	0.000	289.458	0.000	155.000	163.000	0.000	0.000	0.000	0.000	0.000	0.000	1.000	1.000	0.000	-0.142	1.305	3.719	15112.908	-376.800	93.587	0.000	0.100	0.100	749.919	376.800	0.000	0.000	9.505	0.000	0.000	0.000	1.000	243.700	20.400	-112.200	-102.600	33.800	-123.100	-31.200	0.000	0.000	0.000
3738952443.366	179.370	201.365	203.911	0.000	186.622	295.048	0.000	289.452	0.000	155.000	163.000	0.000	0.000	0.000	0.000	0.000	0.000	1.000	1.000	0.000	-0.142	3.876	6.290	15112.908	-376.800	92.661	0.000	0.100	0.100	744.447	376.800	0.000	0.000	10.020	0.000	0.000	0.000	1.000	229.000	21.100	-111.700	-102.600	34.300	-123.300	-31.200	0.000	0.000	0.000
3738952453.365	179.291	201.290	203.841	0.000	186.554	295.048	0.000	289.439	0.000	155.000	163.000	0.000	0.000	0.000	0.000	0.000	0.000	1.000	1.000	0.000	-0.142	3.876	3.719	14817.524	-376.800	93.078	0.000	0.100	0.100	745.228	376.800	0.000	0.000	8.991	0.000	0.000	0.000	1.000	213.100	18.500	-112.500	-103.000	33.800	-123.300	-31.200	0.000	0.000	0.000
3738952463.364	179.215	201.226	203.785	0.000	186.503	295.056	0.000	289.435	0.000	155.000	163.000	0.000	0.000	0.000	0.000	0.000	0.000	1.000	1.000	0.000	0.464	3.876	1.149	15112.908	-376.800	93.725	0.000	0.100	0.100	747.573	376.800	0.000	0.000	8.991	0.000	0.000	0.000	1.000	264.100	21.700	-112.000	-103.000	34.300	-123.300	-31.200	0.000	0.000	0.000
3738952473.364	179.141	201.173	203.723	0.000	186.445	295.058	0.000	289.440	0.000	155.000	163.000	0.000	0.000	0.000	0.000	0.000	0.000	1.000	1.000	0.000	0.464	1.305	6.290	15414.181	-376.800	93.401	0.000	0.100	0.100	742.882	376.800	0.000	0.000	8.477	0.000	0.000	0.000	1.000	213.100	18.500	-112.000	-102.600	34.900	-123.300	-31.200	0.000	0.000	0.000
3738952483.364	179.093	201.117	203.660	0.000	186.389	295.070	0.000	289.457	0.000	155.000	163.000	0.000	0.000	0.000	0.000	0.000	0.000	1.000	1.000	0.000	0.161	-1.266	3.719	15112.908	-376.800	92.986	0.000	0.100	0.100	739.755	376.800	0.000	0.000	7.963	0.000	0.000	0.000	1.000	248.800	21.100	-112.200	-103.000	33.800	-123.300	-31.200	0.000	0.000	0.000
3738952493.364	179.078	201.059	203.592	0.000	186.331	295.052	0.000	289.454	0.000	155.000	163.000	0.000	0.000	0.000	0.000	0.000	0.000	1.000	1.000	0.000	-0.142	6.446	3.719	15112.908	-376.800	92.939	0.000	0.100	0.100	744.446	376.800	0.000	0.000	7.449	0.000	0.000	0.000	1.000	252.000	19.100	-112.500	-103.000	34.900	-123.300	-31.600	0.000	0.000	0.000
3738952503.365	179.010	201.003	203.548	0.000	186.274	295.064	0.000	289.456	0.000	155.000	163.000	0.000	0.000	0.000	0.000	0.000	0.000	1.000	1.000	0.000	0.464	3.876	6.290	15112.908	-376.800	93.494	0.000	0.100	0.100	745.228	376.800	0.000	0.000	7.449	0.000	0.000	0.000	1.000	249.500	17.900	-112.000	-103.000	33.800	-123.300	-31.600	0.000	0.000	0.000
3738952513.364	178.944	200.922	203.458	0.000	186.212	295.056	0.000	289.435	0.000	155.000	163.000	0.000	0.000	0.000	0.000	0.000	0.000	1.000	1.000	0.000	0.161	1.305	3.719	14817.524	-376.800	94.050	0.000	0.100	0.100	745.228	376.800	0.000	0.000	5.906	0.000	0.000	0.000	1.000	246.900	17.900	-112.500	-103.000	34.900	-123.300	-31.600	0.000	0.000	0.000
3738952523.364	178.861	200.863	203.413	0.000	186.154	295.053	0.000	289.438	0.000	155.000	163.000	0.000	0.000	0.000	0.000	0.000	0.000	1.000	1.000	0.000	0.161	1.305	1.149	15414.181	-376.800	93.263	0.000	0.100	0.100	742.100	376.800	0.000	0.000	6.420	0.000	0.000	0.000	1.000	249.500	20.400	-112.500	-103.300	33.800	-123.300	-32.000	0.000	0.000	0.000
3738952533.364	178.818	200.810	203.360	0.000	186.111	295.061	0.000	289.422	0.000	155.000	163.000	0.000	0.000	0.000	0.000	0.000	0.000	1.000	1.000	0.000	0.161	1.305	6.290	15112.908	-376.800	93.450	0.000	0.100	0.100	741.319	376.800	0.000	0.000	5.392	0.000	0.000	0.000	1.000	225.200	17.900	-112.900	-103.300	33.800	-123.300	-31.600	0.000	0.000	0.000
3738952543.365	178.767	200.760	203.305	0.000	186.043	295.070	0.000	289.435	0.000	155.000	163.000	0.000	0.000	0.000	0.000	0.000	0.000	1.000	1.000	0.000	-0.142	-1.266	6.290	15414.181	-376.800	92.985	0.000	0.100	0.100	744.446	376.800	0.000	0.000	4.878	0.000	0.000	0.000	1.000	208.600	17.200	-112.000	-103.000	34.300	-123.300	-31.200	0.000	0.000	0.000
3738952553.365	178.730	200.716	203.239	0.000	185.968	295.053	0.000	289.407	0.000	155.000	163.000	0.000	0.000	0.000	0.000	0.000	0.000	1.000	1.000	0.000	-0.142	1.305	3.719	14817.524	-376.800	92.752	0.000	0.100	0.100	744.446	376.800	0.000	0.000	4.878	0.000	0.000	0.000	1.000	249.500	17.900	-112.900	-103.300	33.800	-123.300	-31.600	0.000	0.000	0.000
3738952563.365	178.694	200.640	203.192	0.000	185.939	295.068	0.000	289.400	0.000	155.000	163.000	0.000	0.000	0.000	0.000	0.000	0.000	1.000	1.000	0.000	0.161	3.876	1.149	15112.908	-376.800	93.309	0.000	0.100	0.100	746.010	376.800	0.000	0.000	3.849	0.000	0.000	0.000	1.000	234.100	18.500	-112.000	-103.300	33.800	-123.300	-31.200	0.000	0.000	0.000
3738952573.365	178.654	200.611	203.129	0.000	185.883	295.066	0.000	289.400	0.000	155.000	163.000	0.000	0.000	0.000	0.000	0.000	0.000	1.000	1.000	0.000	0.464	1.305	-1.422	15112.908	-376.800	93.959	0.000	0.100	0.100	748.356	376.800	0.000	0.000	3.849	0.000	0.000	0.000	1.000	218.800	21.100	-112.500	-103.300	33.200	-123.300	-31.600	0.000	0.000	0.000
3738952583.364	178.589	200.552	203.075	0.000	185.827	295.073	0.000	289.397	0.000	155.000	163.000	0.000	0.000	0.000	0.000	0.000	0.000	1.000	1.000	0.000	0.161	1.305	3.719	14817.524	-376.800	93.171	0.000	0.100	0.100	742.883	376.800	0.000	0.000	4.363	0.000	0.000	0.000	1.000	209.900	19.800	-112.900	-103.300	32.700	-123.300	-32.000	0.000	0.000	0.000
3738952593.364	178.542	200.507	203.037	0.000	185.800	295.070	0.000	289.396	0.000	155.000	163.000	0.000	0.000	0.000	0.000	0.000	0.000	1.000	1.000	0.000	0.161	1.305	1.149	14817.524	-376.800	93.216	0.000	0.100	0.100	749.919	376.800	0.000	0.000	4.363	0.000	0.000	0.000	1.000	218.800	17.200	-112.900	-103.600	32.700	-123.300	-32.000	0.000	0.000	0.000
3738952603.365	178.496	200.444	202.958	0.000	185.728	295.069	0.000	289.391	0.000	155.000	163.000	0.000	0.000	0.000	0.000	0.000	0.000	1.000	1.000	0.000	0.161	1.305	3.719	15112.908	-376.800	93.123	0.000	0.100	0.100	748.355	376.800	0.000	0.000	3.335	0.000	0.000	0.000	1.000	213.700	17.900	-112.900	-103.300	33.200	-123.300	-32.000	0.000	0.000	0.000
3738952613.364	178.437	200.373	202.891	0.000	185.660	295.075	0.000	289.370	0.000	155.000	163.000	0.000	0.000	0.000	0.000	0.000	0.000	1.000	1.000	0.000	-0.445	3.876	3.719	14817.524	-376.800	93.170	0.000	0.100	0.100	745.228	376.800	0.000	0.000	2.307	0.000	0.000	0.000	1.000	206.700	17.900	-112.900	-103.300	33.800	-123.300	-32.000	0.000	0.000	0.000
3738952623.364	178.376	200.312	202.830	0.000	185.610	295.071	0.000	289.382	0.000	155.000	163.000	0.000	0.000	0.000	0.000	0.000	0.000	1.000	1.000	0.000	0.161	3.876	3.719	15112.908	-376.800	94.098	0.000	0.100	0.100	747.573	376.800	0.000	0.000	3.335	0.000	0.000	0.000	1.000	219.500	18.500	-112.900	-103.300	33.800	-123.300	-32.000	0.000	0.000	0.000
3738952633.365	178.329	200.292	202.783	0.000	185.565	295.079	0.000	289.391	0.000	155.000	163.000	0.000	0.000	0.000	0.000	0.000	0.000	1.000	1.000	0.000	0.464	1.305	6.290	14817.524	-376.800	93.125	0.000	0.100	0.100	742.100	376.800	0.000	0.000	1.278	0.000	0.000	0.000	1.000	254.600	17.900	-113.100	-103.600	33.200	-123.600	-32.000	0.000	0.000	0.000
3738952643.364	178.292	200.219	202.728	0.000	185.523	295.074	0.000	289.396	0.000	155.000	163.000	0.000	0.000	0.000	0.000	0.000	0.000	1.000	1.000	0.000	-0.142	3.876	6.290	15112.908	-376.800	92.243	0.000	0.100	0.100	744.447	376.800	0.000	0.000	5.906	0.000	0.000	0.000	1.000	218.200	20.400	-112.200	-103.600	32.100	-123.600	-32.000	0.000	0.000	0.000
3738952653.365	178.251	200.166	202.663	0.000	185.460	295.079	0.000	289.395	0.000	155.000	163.000	0.000	0.000	0.000	0.000	0.000	0.000	1.000	1.000	0.000	0.464	6.446	1.149	15112.908	-376.800	93.308	0.000	0.100	0.100	748.355	376.800	0.000	0.000	10.534	0.000	0.000	0.000	1.000	259.000	16.600	-113.100	-103.600	32.100	-123.600	-32.000	0.000	0.000	0.000
3738952663.364	178.186	200.101	202.612	0.000	185.403	295.082	0.000	289.377	0.000	155.000	163.000	0.000	0.000	0.000	0.000	0.000	0.000	1.000	1.000	0.000	0.161	1.305	3.719	14527.913	-376.800	93.030	0.000	0.100	0.100	744.446	376.800	0.000	0.000	10.534	0.000	0.000	0.000	1.000	218.800	17.900	-112.500	-103.600	32.700	-123.600	-32.000	0.000	0.000	0.000
3738952673.365	178.115	200.042	202.544	0.000	185.352	295.073	0.000	289.372	0.000	155.000	163.000	0.000	0.000	0.000	0.000	0.000	0.000	1.000	1.000	0.000	-0.142	3.876	3.719	14527.913	-376.800	93.077	0.000	0.100	0.100	738.973	376.800	0.000	0.000	10.020	0.000	0.000	0.000	1.000	247.500	18.500	-112.900	-103.800	31.700	-123.600	-32.000	0.000	0.000	0.000
3738952683.365	178.058	199.976	202.481	0.000	185.292	295.080	0.000	289.364	0.000	155.000	163.000	0.000	0.000	0.000	0.000	0.000	0.000	1.000	1.000	0.000	0.161	-1.266	1.149	15112.908	-376.800	92.289	0.000	0.100	0.100	746.010	376.800	0.000	0.000	9.505	0.000	0.000	0.000	1.000	254.600	18.500	-112.900	-103.600	32.700	-123.900	-32.000	0.000	0.000	0.000
3738952693.365	178.025	199.936	202.431	0.000	185.238	295.071	0.000	289.358	0.000	155.000	163.000	0.000	0.000	0.000	0.000	0.000	0.000	1.000	1.000	0.000	0.161	1.305	6.290	15112.908	-376.800	92.615	0.000	0.100	0.100	746.792	376.800	0.000	0.000	9.505	0.000	0.000	0.000	1.000	238.000	20.400	-112.900	-103.800	31.700	-123.900	-32.000	0.000	0.000	0.000
3738952703.364	177.987	199.886	202.377	0.000	185.187	295.072	0.000	289.349	0.000	155.000	163.000	0.000	0.000	0.000	0.000	0.000	0.000	1.000	1.000	0.000	-0.142	1.305	6.290	15112.908	-376.800	93.634	0.000	0.100	0.100	748.356	376.800	0.000	0.000	8.991	0.000	0.000	0.000	1.000	216.900	21.100	-112.500	-103.800	31.700	-123.900	-32.000	0.000	0.000	0.000
3738952713.365	177.958	199.842	202.322	0.000	185.161	295.092	0.000	289.344	0.000	155.000	163.000	0.000	0.000	0.000	0.000	0.000	0.000	1.000	1.000	0.000	0.464	3.876	3.719	15112.908	-376.800	93.447	0.000	0.100	0.100	751.483	376.800	0.000	0.000	8.477	0.000	0.000	0.000	1.000	257.800	0.000	-0.000	-103.800	32.100	-123.900	-31.200	0.000	0.000	0.000
3738952723.364	177.896	199.776	202.272	0.000	185.103	295.077	0.000	289.349	0.000	155.000	163.000	0.000	0.000	0.000	0.000	0.000	0.000	1.000	1.000	0.000	0.161	6.446	6.290	15112.908	-376.800	93.031	0.000	0.100	0.100	753.829	376.800	0.000	0.000	7.449	0.000	0.000	0.000	1.000	246.900	19.800	-113.100	-104.200	31.700	-123.900	-32.000	0.000	0.000	0.000
3738952733.364	177.867	199.721	202.200	0.000	185.059	295.079	0.000	289.328	0.000	155.000	163.000	0.000	0.000	0.000	0.000	0.000	0.000	1.000	1.000	0.000	-0.142	3.876	1.149	14817.524	-376.800	92.847	0.000	0.100	0.100	745.228	376.800	0.000	0.000	7.449	0.000	0.000	0.000	1.000	252.000	17.200	-113.100	-103.800	32.100	-123.900	-32.000	0.000	0.000	0.000
3738952743.365	177.793	199.659	202.124	0.000	184.987	295.048	0.000	289.324	0.000	155.000	163.000	0.000	0.000	0.000	0.000	0.000	0.000	1.000	1.000	0.000	0.161	6.446	3.719	14817.524	-376.800	93.681	0.000	0.100	0.100	744.446	376.800	0.000	0.000	6.420	0.000	0.000	0.000	1.000	234.100	17.200	-113.100	-104.200	32.100	-123.900	-32.000	0.000	0.000	0.000
3738952753.365	177.745	199.596	202.067	0.000	184.943	295.066	0.000	289.340	0.000	155.000	163.000	0.000	0.000	0.000	0.000	0.000	0.000	1.000	1.000	0.000	0.464	3.876	6.290	14817.524	-376.800	92.891	0.000	0.100	0.100	746.792	376.800	0.000	0.000	7.449	0.000	0.000	0.000	1.000	237.300	21.100	-112.900	-104.200	31.700	-123.900	-31.600	0.000	0.000	0.000
3738952763.364	177.683	199.543	202.015	0.000	184.895	295.060	0.000	289.317	0.000	155.000	163.000	0.000	0.000	0.000	0.000	0.000	0.000	1.000	1.000	0.000	-0.142	1.305	1.149	15112.908	-376.800	93.262	0.000	0.100	0.100	742.101	376.800	0.000	0.000	6.420	0.000	0.000	0.000	1.000	249.500	17.200	-113.400	-104.200	30.600	-123.900	-32.000	0.000	0.000	0.000
3738952773.364	177.622	199.461	201.931	0.000	184.816	295.048	0.000	289.300	0.000	155.000	163.000	0.000	0.000	0.000	0.000	0.000	0.000	1.000	1.000	0.000	0.161	1.305	3.719	15112.908	-376.800	93.912	0.000	0.100	0.100	748.355	376.800	0.000	0.000	6.420	0.000	0.000	0.000	1.000	220.700	18.500	-113.100	-104.200	31.100	-123.900	-32.000	0.000	0.000	0.000
3738952783.365	177.569	199.386	201.863	0.000	184.756	295.053	0.000	289.301	0.000	155.000	163.000	0.000	0.000	0.000	0.000	0.000	0.000	1.000	1.000	0.000	0.161	3.876	3.719	15112.908	-376.800	93.357	0.000	0.100	0.100	749.920	376.800	0.000	0.000	5.906	0.000	0.000	0.000	1.000	218.200	17.200	-113.400	-104.200	31.700	-124.200	-32.000	0.000	0.000	0.000
3738952793.364	177.493	199.347	201.804	0.000	184.712	295.060	0.000	289.315	0.000	155.000	163.000	0.000	0.000	0.000	0.000	0.000	0.000	1.000	1.000	0.000	-0.142	3.876	1.149	15112.908	-376.800	92.847	0.000	0.100	0.100	738.973	376.800	0.000	0.000	5.392	0.000	0.000	0.000	1.000	231.600	20.400	-113.100	-104.500	30.600	-124.200	-32.000	0.000	0.000	0.000
3738952803.364	177.439	199.286	201.750	0.000	184.659	295.069	0.000	289.323	0.000	155.000	163.000	0.000	0.000	0.000	0.000	0.000	0.000	1.000	1.000	0.000	0.464	1.305	6.290	15112.908	-376.800	93.403	0.000	0.100	0.100	742.883	376.800	0.000	0.000	4.878	0.000	0.000	0.000	1.000	252.000	20.400	-112.900	-104.500	31.100	-124.200	-32.000	0.000	0.000	0.000
3738952813.364	177.400	199.223	201.687	0.000	184.600	295.052	0.000	289.326	0.000	155.000	163.000	0.000	0.000	0.000	0.000	0.000	0.000	1.000	1.000	0.000	0.161	1.305	3.719	14817.524	-376.800	93.588	0.000	0.100	0.100	751.483	376.800	0.000	0.000	4.363	0.000	0.000	0.000	1.000	205.400	19.800	-113.400	-104.500	30.600	-124.200	-32.000	0.000	0.000	0.000
3738952823.366	177.355	199.188	201.635	0.000	184.553	295.051	0.000	289.313	0.000	155.000	163.000	0.000	0.000	0.000	0.000	0.000	0.000	1.000	1.000	0.000	0.161	-1.266	3.719	15112.908	-376.800	92.754	0.000	0.100	0.100	744.446	376.800	0.000	0.000	3.849	0.000	0.000	0.000	1.000	255.800	16.600	-113.700	-104.500	31.700	-124.200	-32.900	0.000	0.000	0.000
3738952833.365	177.307	199.131	201.588	0.000	184.492	295.054	0.000	289.313	0.000	155.000	163.000	0.000	0.000	0.000	0.000	0.000	0.000	1.000	1.000	0.000	0.161	3.876	3.719	15414.181	-376.800	93.542	0.000	0.100	0.100	751.483	376.800	0.000	0.000	2.821	0.000	0.000	0.000	1.000	255.800	17.200	-113.700	-104.500	31.700	-124.200	-32.900	0.000	0.000	0.000
3738952843.364	177.246	199.081	201.526	0.000	184.446	295.025	0.000	289.284	0.000	155.000	163.000	0.000	0.000	0.000	0.000	0.000	0.000	1.000	1.000	0.000	-0.142	1.305	6.290	14817.524	-376.800	93.680	0.000	0.100	0.100	739.754	376.800	0.000	0.000	2.307	0.000	0.000	0.000	1.000	249.500	16.000	-113.700	-104.500	30.600	-124.200	-32.900	0.000	0.000	0.000
3738952853.365	177.220	199.029	201.480	0.000	184.409	295.047	0.000	289.287	0.000	155.000	163.000	0.000	0.000	0.000	0.000	0.000	0.000	1.000	1.000	0.000	0.161	1.305	3.719	14817.524	-376.800	93.216	0.000	0.100	0.100	747.574	376.800	0.000	0.000	2.307	0.000	0.000	0.000	1.000	243.700	19.100	-113.100	-104.500	31.100	-124.200	-32.900	0.000	0.000	0.000
3738952863.366	177.190	198.962	201.416	0.000	184.359	295.044	0.000	289.272	0.000	155.000	163.000	0.000	0.000	0.000	0.000	0.000	0.000	1.000	1.000	0.000	0.464	3.876	3.719	15112.908	-376.800	93.262	0.000	0.100	0.100	745.228	376.800	0.000	0.000	2.307	0.000	0.000	0.000	1.000	242.400	17.900	-113.700	-104.500	31.700	-124.200	-32.000	0.000	0.000	0.000
3738952873.364	177.134	198.943	201.360	0.000	184.299	295.038	0.000	289.275	0.000	155.000	163.000	0.000	0.000	0.000	0.000	0.000	0.000	1.000	1.000	0.000	0.464	1.305	3.719	15112.908	-376.800	93.124	0.000	0.100	0.100	743.665	376.800	0.000	0.000	1.792	0.000	0.000	0.000	1.000	240.500	17.200	-114.000	-104.500	30.600	-124.200	-32.900	0.000	0.000	0.000
3738952883.364	177.095	198.885	201.313	0.000	184.253	295.052	0.000	289.282	0.000	155.000	163.000	0.000	0.000	0.000	0.000	0.000	0.000	1.000	1.000	0.000	0.464	3.876	3.719	15112.908	-376.800	92.660	0.000	0.100	0.100	747.574	376.800	0.000	0.000	0.764	0.000	0.000	0.000	1.000	225.900	20.400	-113.400	-104.800	30.600	-124.400	-32.000	0.000	0.000	0.000
3738952893.365	177.039	198.821	201.263	0.000	184.203	295.033	0.000	289.270	0.000	155.000	163.000	0.000	0.000	0.000	0.000	0.000	0.000	1.000	1.000	0.000	-0.142	3.876	3.719	15112.908	-376.800	93.772	0.000	0.100	0.100	752.265	376.800	0.000	0.000	11.562	0.000	0.000	0.000	1.000	228.400	16.000	-113.700	-104.500	31.700	-124.400	-32.900	0.000	0.000	0.000
3738952903.365	177.000	198.764	201.191	0.000	184.139	295.036	0.000	289.272	0.000	155.000	163.000	0.000	0.000	0.000	0.000	0.000	0.000	1.000	1.000	0.000	0.464	3.876	1.149	15112.908	-376.800	93.865	0.000	0.100	0.100	750.701	376.800	0.000	0.000	11.562	0.000	0.000	0.000	1.000	202.900	16.600	-114.000	-104.800	30.600	-124.400	-33.300	0.000	0.000	0.000
3738952913.365	176.926	198.711	201.120	0.000	184.089	295.031	0.000	289.264	0.000	155.000	163.000	0.000	0.000	0.000	0.000	0.000	0.000	1.000	1.000	0.000	0.464	1.305	3.719	14817.524	-376.800	93.680	0.000	0.100	0.100	745.228	376.800	0.000	0.000	10.020	0.000	0.000	0.000	1.000	248.800	16.600	-114.000	-104.800	31.700	-124.400	-32.900	0.000	0.000	0.000
3738952923.366	176.855	198.647	201.063	0.000	184.030	295.021	0.000	289.262	0.000	155.000	163.000	0.000	0.000	0.000	0.000	0.000	0.000	1.000	1.000	0.000	-0.142	3.876	3.719	15414.181	-376.800	93.263	0.000	0.100	0.100	745.228	376.800	0.000	0.000	9.505	0.000	0.000	0.000	1.000	238.600	20.400	-113.400	-104.800	30.600	-124.400	-32.900	0.000	0.000	0.000
3738952933.365	176.780	198.564	200.982	0.000	183.943	295.021	0.000	289.242	0.000	155.000	163.000	0.000	0.000	0.000	0.000	0.000	0.000	1.000	1.000	0.000	-0.142	-1.266	6.290	14817.524	-376.800	93.496	0.000	0.100	0.100	749.137	376.800	0.000	0.000	9.505	0.000	0.000	0.000	1.000	255.800	20.400	-113.400	-104.800	30.600	-124.700	-32.900	0.000	0.000	0.000
3738952943.365	176.731	198.525	200.938	0.000	183.918	295.029	0.000	289.239	0.000	155.000	163.000	0.000	0.000	0.000	0.000	0.000	0.000	1.000	1.000	0.000	0.161	3.876	3.719	15112.908	-376.800	93.449	0.000	0.100	0.100	746.010	376.800	0.000	0.000	8.477	0.000	0.000	0.000	1.000	248.800	17.900	-114.000	-104.800	31.700	-124.400	-32.900	0.000	0.000	0.000
3738952953.364	176.670	198.457	200.872	0.000	183.865	295.020	0.000	289.233	0.000	155.000	163.000	0.000	0.000	0.000	0.000	0.000	0.000	1.000	1.000	0.000	-0.142	1.305	6.290	15112.908	-376.800	92.615	0.000	0.100	0.100	749.137	376.800	0.000	0.000	8.477	0.000	0.000	0.000	1.000	246.300	18.500	-114.000	-105.100	30.600	-124.700	-32.900	0.000	0.000	0.000
3738952963.364	176.609	198.399	200.805	0.000	183.774	295.030	0.000	289.222	0.000	155.000	163.000	0.000	0.000	0.000	0.000	0.000	0.000	1.000	1.000	0.000	-0.142	1.305	1.149	15112.908	-376.800	92.940	0.000	0.100	0.100	737.409	376.800	0.000	0.000	8.477	0.000	0.000	0.000	1.000	239.900	17.900	-113.700	-105.100	31.700	-124.700	-32.900	0.000	0.000	0.000
3738952973.364	176.539	198.349	200.747	0.000	183.726	295.027	0.000	289.217	0.000	155.000	163.000	0.000	0.000	0.000	0.000	0.000	0.000	1.000	1.000	0.000	0.161	-1.266	1.149	15112.908	-376.800	93.402	0.000	0.100	0.100	745.228	376.800	0.000	0.000	7.963	0.000	0.000	0.000	1.000	228.400	16.000	-113.700	-105.100	31.700	-124.700	-32.900	0.000	0.000	0.000
3738952983.365	176.523	198.297	200.684	0.000	183.687	295.024	0.000	289.204	0.000	155.000	163.000	0.000	0.000	0.000	0.000	0.000	0.000	1.000	1.000	0.000	-0.142	1.305	6.290	14817.524	-376.800	92.984	0.000	0.100	0.100	748.356	376.800	0.000	0.000	6.420	0.000	0.000	0.000	1.000	248.800	17.900	-114.300	-105.400	-0.000	-0.000	-33.300	0.000	0.000	0.000
3738952993.366	176.476	198.268	200.661	0.000	183.650	295.041	0.000	289.212	0.000	155.000	163.000	0.000	0.000	0.000	0.000	0.000	0.000	1.000	1.000	0.000	-0.142	6.446	1.149	14817.524	-376.800	93.818	0.000	0.100	0.100	749.137	376.800	0.000	0.000	6.420	0.000	0.000	0.000	1.000	213.100	17.200	-114.600	-105.400	30.600	-125.000	-32.900	0.000	0.000	0.000
3738953003.364	176.426	198.211	200.602	0.000	183.600	295.047	0.000	289.219	0.000	155.000	163.000	0.000	0.000	0.000	0.000	0.000	0.000	1.000	1.000	0.000	0.161	3.876	8.861	14817.524	-376.800	93.076	0.000	0.100	0.100	746.792	376.800	0.000	0.000	6.420	0.000	0.000	0.000	1.000	242.400	17.200	-114.600	-105.400	30.600	-124.700	-32.900	0.000	0.000	0.000
3738953013.365	176.359	198.149	200.533	0.000	183.539	295.055	0.000	289.191	0.000	155.000	163.000	0.000	0.000	0.000	0.000	0.000	0.000	1.000	1.000	0.000	-0.142	3.876	3.719	15112.908	-376.800	92.845	0.000	0.100	0.100	745.228	376.800	0.000	0.000	6.420	0.000	0.000	0.000	1.000	198.400	17.200	-114.300	-105.400	31.700	-125.000	-33.300	0.000	0.000	0.000
3738953023.366	176.325	198.102	200.472	0.000	183.480	295.058	0.000	289.196	0.000	155.000	163.000	0.000	0.000	0.000	0.000	0.000	0.000	1.000	1.000	0.000	0.161	1.305	3.719	15112.908	-376.800	93.309	0.000	0.100	0.100	738.972	376.800	0.000	0.000	5.906	0.000	0.000	0.000	1.000	243.700	17.900	-114.300	-105.400	31.700	-125.000	-32.900	0.000	0.000	0.000
3738953033.365	176.283	198.037	200.428	0.000	183.437	295.068	0.000	289.203	0.000	155.000	163.000	0.000	0.000	0.000	0.000	0.000	0.000	1.000	1.000	0.000	0.161	1.305	3.719	15112.908	-376.800	93.820	0.000	0.100	0.100	739.755	376.800	0.000	0.000	5.392	0.000	0.000	0.000	1.000	213.700	17.200	-114.800	-105.400	30.600	-125.000	-33.800	0.000	0.000	0.000
3738953043.364	176.222	197.997	200.358	0.000	183.368	295.059	0.000	289.201	0.000	155.000	163.000	0.000	0.000	0.000	0.000	0.000	0.000	1.000	1.000	0.000	0.161	1.305	6.290	15112.908	-376.800	94.098	0.000	0.100	0.100	746.010	376.800	0.000	0.000	4.363	0.000	0.000	0.000	1.000	244.400	19.100	-114.000	-105.700	31.100	-125.000	-32.900	0.000	0.000	0.000
3738953053.365	176.221	197.964	200.331	0.000	183.334	295.071	0.000	289.208	0.000	155.000	163.000	0.000	0.000	0.000	0.000	0.000	0.000	1.000	1.000	0.000	-0.142	3.876	6.290	15112.908	-376.800	93.540	0.000	0.100	0.100	749.919	376.800	0.000	0.000	3.849	0.000	0.000	0.000	1.000	249.500	16.600	-114.800	-105.700	31.700	-125.000	-33.300	0.000	0.000	0.000
3738953063.365	176.164	197.905	200.266	0.000	183.304	295.082	0.000	289.196	0.000	155.000	163.000	0.000	0.000	0.000	0.000	0.000	0.000	1.000	1.000	0.000	0.161	-1.266	3.719	15112.908	-376.800	93.679	0.000	0.100	0.100	740.537	376.800	0.000	0.000	4.363	0.000	0.000	0.000	1.000	208.600	16.000	-114.800	-105.700	31.700	-125.000	-33.800	0.000	0.000	0.000
3738953073.364	176.112	197.861	200.198	0.000	183.235	295.073	0.000	289.185	0.000	155.000	163.000	0.000	0.000	0.000	0.000	0.000	0.000	1.000	1.000	0.000	0.161	3.876	3.719	14817.524	-376.800	93.448	0.000	0.100	0.100	746.010	376.800	0.000	0.000	3.849	0.000	0.000	0.000	1.000	201.000	20.400	-114.300	-105.700	30.600	-125.300	-33.800	0.000	0.000	0.000
3738953083.364	176.052	197.780	200.142	0.000	183.157	295.082	0.000	289.174	0.000	155.000	163.000	0.000	0.000	0.000	0.000	0.000	0.000	1.000	1.000	0.000	0.161	1.305	3.719	14817.524	-376.800	93.264	0.000	0.100	0.100	749.138	376.800	0.000	0.000	3.849	0.000	0.000	0.000	1.000	237.300	19.800	-114.000	-105.700	31.700	-125.300	-32.900	0.000	0.000	0.000
3738953093.365	175.997	197.728	200.078	0.000	183.126	295.075	0.000	289.188	0.000	155.000	163.000	0.000	0.000	0.000	0.000	0.000	0.000	1.000	1.000	0.000	-0.142	3.876	3.719	15112.908	-376.800	93.171	0.000	0.100	0.100	749.919	376.800	0.000	0.000	2.821	0.000	0.000	0.000	1.000	250.100	18.500	-114.300	-105.700	31.700	-125.300	-33.300	0.000	0.000	0.000
3738953103.364	175.934	197.678	200.016	0.000	183.061	295.070	0.000	289.176	0.000	155.000	163.000	0.000	0.000	0.000	0.000	0.000	0.000	1.000	1.000	0.000	-0.142	3.876	6.290	14817.524	-376.800	93.077	0.000	0.100	0.100	750.702	376.800	0.000	0.000	2.821	0.000	0.000	0.000	1.000	249.500	17.200	-114.300	-105.700	31.700	-125.300	-33.300	0.000	0.000	0.000
3738953113.365	175.894	197.612	199.955	0.000	182.992	295.071	0.000	289.182	0.000	155.000	163.000	0.000	0.000	0.000	0.000	0.000	0.000	1.000	1.000	0.000	-0.142	3.876	8.861	15112.908	-376.800	93.725	0.000	0.100	0.100	744.446	376.800	0.000	0.000	2.307	0.000	0.000	0.000	1.000	239.900	19.800	-114.800	-106.000	30.600	-125.300	-33.800	0.000	0.000	0.000
3738953123.364	175.863	197.582	199.923	0.000	182.960	295.093	0.000	289.186	0.000	155.000	163.000	0.000	0.000	0.000	0.000	0.000	0.000	1.000	1.000	0.000	-0.142	1.305	3.719	14817.524	-376.800	93.356	0.000	0.100	0.100	751.483	376.800	0.000	0.000	1.792	0.000	0.000	0.000	1.000	218.200	20.400	-114.300	-106.000	30.600	-125.300	-33.300	0.000	0.000	0.000
3738953133.365	175.799	197.516	199.856	0.000	182.897	295.074	0.000	289.155	0.000	155.000	163.000	0.000	0.000	0.000	0.000	0.000	0.000	1.000	1.000	0.000	0.464	3.876	3.719	14527.913	-376.800	93.357	0.000	0.100	0.100	749.919	376.800	0.000	0.000	7.449	0.000	0.000	0.000	1.000	235.400	16.000	-114.800	-106.000	31.700	-125.300	-33.300	0.000	0.000	0.000
3738953143.365	175.758	197.469	199.799	0.000	182.852	295.070	0.000	289.149	0.000	155.000	163.000	0.000	0.000	0.000	0.000	0.000	0.000	1.000	1.000	0.000	0.161	3.876	3.719	14817.524	-376.800	93.170	0.000	0.100	0.100	749.137	376.800	0.000	0.000	11.562	0.000	0.000	0.000	1.000	198.400	17.200	-114.600	-106.000	32.100	-125.300	-33.300	0.000	0.000	0.000
3738953153.364	175.703	197.410	199.728	0.000	182.792	295.058	0.000	289.131	0.000	155.000	163.000	0.000	0.000	0.000	0.000	0.000	0.000	1.000	1.000	0.000	0.464	1.305	3.719	15414.181	-376.800	93.494	0.000	0.100	0.100	759.302	376.800	0.000	0.000	10.534	0.000	0.000	0.000	1.000	229.000	20.400	-114.300	-106.300	31.700	-125.300	-33.300	0.000	0.000	0.000
3738953163.364	175.614	197.350	199.661	0.000	182.729	295.062	0.000	289.118	0.000	155.000	163.000	0.000	0.000	0.000	0.000	0.000	0.000	1.000	1.000	0.000	0.464	3.876	1.149	14817.524	-376.800	93.496	0.000	0.100	0.100	744.446	376.800	0.000	0.000	10.020	0.000	0.000	0.000	1.000	200.300	16.600	-114.300	-106.000	32.100	-125.300	-32.900	0.000	0.000	0.000
3738953173.364	175.546	197.296	199.603	0.000	182.679	295.072	0.000	289.127	0.000	155.000	163.000	0.000	0.000	0.000	0.000	0.000	0.000	1.000	1.000	0.000	0.161	1.305	3.719	14817.524	-376.800	93.542	0.000	0.100	0.100	742.100	376.800	0.000	0.000	10.020	0.000	0.000	0.000	1.000	233.500	17.200	-114.800	-106.300	32.100	-125.300	-33.800	0.000	0.000	0.000
3738953183.365	175.507	197.238	199.537	0.000	182.623	295.054	0.000	289.124	0.000	155.000	163.000	0.000	0.000	0.000	0.000	0.000	0.000	1.000	1.000	0.000	0.161	1.305	3.719	15112.908	-376.800	93.402	0.000	0.100	0.100	751.483	376.800	0.000	0.000	10.020	0.000	0.000	0.000	1.000	236.100	19.800	-115.200	-106.600	31.100	-125.300	-33.800	0.000	0.000	0.000
3738953193.364	175.478	197.187	199.475	0.000	182.572	295.057	0.000	289.122	0.000	155.000	163.000	0.000	0.000	0.000	0.000	0.000	0.000	1.000	1.000	0.000	-0.142	3.876	3.719	14817.524	-376.800	93.772	0.000	0.100	0.100	743.664	376.800	0.000	0.000	9.505	0.000	0.000	0.000	1.000	233.500	18.500	-115.200	-106.600	31.100	-125.300	-33.800	0.000	0.000	0.000
3738953203.364	175.421	197.134	199.435	0.000	182.520	295.053	0.000	289.116	0.000	155.000	163.000	0.000	0.000	0.000	0.000	0.000	0.000	1.000	1.000	0.000	0.161	3.876	6.290	14817.524	-376.800	92.939	0.000	0.100	0.100	743.664	376.800	0.000	0.000	8.477	0.000	0.000	0.000	1.000	233.500	17.900	-114.800	-106.600	31.700	-125.500	-32.900	0.000	0.000	0.000
3738953213.365	175.325	197.059	199.348	0.000	182.445	295.062	0.000	289.110	0.000	155.000	163.000	0.000	0.000	0.000	0.000	0.000	0.000	1.000	1.000	0.000	-0.142	-1.266	8.861	14817.524	-376.800	93.264	0.000	0.100	0.100	750.701	376.800	0.000	0.000	7.963	0.000	0.000	0.000	1.000	237.300	18.500	-115.200	-106.600	31.100	-125.300	-33.800	0.000	0.000	0.000
3738953223.364	175.288	197.000	199.295	0.000	182.408	295.062	0.000	289.114	0.000	155.000	163.000	0.000	0.000	0.000	0.000	0.000	0.000	1.000	1.000	0.000	0.161	3.876	3.719	15112.908	-376.800	93.263	0.000	0.100	0.100	751.483	376.800	0.000	0.000	6.934	0.000	0.000	0.000	1.000	198.400	15.300	-115.200	-106.600	31.700	-125.500	-33.800	0.000	0.000	0.000
3738953233.364	175.248	196.952	199.244	0.000	182.367	295.064	0.000	289.119	0.000	155.000	163.000	0.000	0.000	0.000	0.000	0.000	0.000	1.000	1.000	0.000	-0.142	3.876	8.861	15112.908	-376.800	93.402	0.000	0.100	0.100	739.755	376.800	0.000	0.000	6.934	0.000	0.000	0.000	1.000	249.500	17.200	-115.400	-106.900	31.700	-125.300	-33.800	0.000	0.000	0.000
3738953243.365	175.210	196.894	199.185	0.000	182.315	295.064	0.000	289.118	0.000	155.000	163.000	0.000	0.000	0.000	0.000	0.000	0.000	1.000	1.000	0.000	0.161	1.305	3.719	14817.524	-376.800	93.633	0.000	0.100	0.100	743.665	376.800	0.000	0.000	6.934	0.000	0.000	0.000	1.000	232.900	16.000	-115.400	-106.900	31.700	-125.300	-34.100	0.000	0.000	0.000
3738953253.364	175.185	196.835	199.132	0.000	182.270	295.072	0.000	289.114	0.000	155.000	163.000	0.000	0.000	0.000	0.000	0.000	0.000	1.000	1.000	0.000	0.161	1.305	3.719	15112.908	-376.800	92.428	0.000	0.100	0.100	746.792	376.800	0.000	0.000	6.420	0.000	0.000	0.000	1.000	247.500	20.400	-115.200	-106.900	31.700	-125.500	-33.800	0.000	0.000	0.000
3738953263.365	175.095	196.784	199.063	0.000	182.217	295.079	0.000	289.106	0.000	155.000	163.000	0.000	0.000	0.000	0.000	0.000	0.000	1.000	1.000	0.000	-0.142	3.876	6.290	15112.908	-376.800	93.727	0.000	0.100	0.100	749.137	376.800	0.000	0.000	5.906	0.000	0.000	0.000	1.000	208.600	19.800	-114.600	-106.900	31.700	-125.500	-33.300	0.000	0.000	0.000
3738953273.364	175.042	196.697	198.977	0.000	182.135	295.072	0.000	289.092	0.000	155.000	163.000	0.000	0.000	0.000	0.000	0.000	0.000	1.000	1.000	0.000	-0.142	1.305	1.149	15112.908	-376.800	93.496	0.000	0.100	0.100	742.882	376.800	0.000	0.000	5.392	0.000	0.000	0.000	1.000	195.900	17.200	-115.400	-106.900	32.100	-125.500	-33.800	0.000	0.000	0.000
3738953283.366	174.964	196.627	198.913	0.000	182.072	295.068	0.000	289.084	0.000	155.000	163.000	0.000	0.000	0.000	0.000	0.000	0.000	1.000	1.000	0.000	0.161	1.305	3.719	15112.908	-376.800	93.263	0.000	0.100	0.100	749.920	376.800	0.000	0.000	4.878	0.000	0.000	0.000	1.000	209.900	17.200	-114.800	-106.900	32.700	-125.500	-33.800	0.000	0.000	0.000
3738953293.364	174.882	196.558	198.839	0.000	182.018	295.076	0.000	289.090	0.000	155.000	163.000	0.000	0.000	0.000	0.000	0.000	0.000	1.000	1.000	0.000	0.161	3.876	6.290	15414.181	-376.800	93.355	0.000	0.100	0.100	744.446	376.800	0.000	0.000	4.878	0.000	0.000	0.000	1.000	245.600	19.800	-114.800	-107.200	32.100	-125.500	-33.800	0.000	0.000	0.000
3738953303.366	174.838	196.517	198.814	0.000	181.995	295.096	0.000	289.109	0.000	155.000	163.000	0.000	0.000	0.000	0.000	0.000	0.000	1.000	1.000	0.000	-0.142	3.876	3.719	15112.908	-376.800	93.679	0.000	0.100	0.100	744.446	376.800	0.000	0.000	4.363	0.000	0.000	0.000	1.000	218.200	18.500	-114.800	-107.200	32.700	-125.500	-34.100	0.000	0.000	0.000
3738953313.365	174.796	196.454	198.731	0.000	181.933	295.093	0.000	289.086	0.000	155.000	163.000	0.000	0.000	0.000	0.000	0.000	0.000	1.000	1.000	0.000	0.464	-1.266	3.719	15112.908	-376.800	93.403	0.000	0.100	0.100	750.701	376.800	0.000	0.000	3.335	0.000	0.000	0.000	1.000	246.900	19.100	-114.800	-107.200	32.700	-125.500	-34.500	0.000	0.000	0.000
3738953323.366	174.770	196.417	198.689	0.000	181.909	295.107	0.000	289.098	0.000	155.000	163.000	0.000	0.000	0.000	0.000	0.000	0.000	1.000	1.000	0.000	-0.445	1.305	6.290	15414.181	-376.800	93.588	0.000	0.100	0.100	741.319	376.800	0.000	0.000	3.849	0.000	0.000	0.000	1.000	231.600	19.800	-115.200	-107.200	32.100	-125.500	-34.500	0.000	0.000	0.000
3738953333.365	174.735	196.356	198.643	0.000	181.861	295.089	0.000	289.097	0.000	155.000	163.000	0.000	0.000	0.000	0.000	0.000	0.000	1.000	1.000	0.000	-0.142	3.876	3.719	15414.181	-376.800	93.540	0.000	0.100	0.100	751.483	376.800	0.000	0.000	2.821	0.000	0.000	0.000	1.000	202.900	19.100	-114.800	-107.200	32.700	-125.500	-34.500	0.000	0.000	0.000
3738953343.364	174.702	196.296	198.581	0.000	181.810	295.102	0.000	289.098	0.000	155.000	163.000	0.000	0.000	0.000	0.000	0.000	0.000	1.000	1.000	0.000	0.161	9.017	6.290	15112.908	-376.800	93.262	0.000	0.100	0.100	747.574	376.800	0.000	0.000	2.821	0.000	0.000	0.000	1.000	228.400	17.200	-115.700	-107.200	32.700	-125.500	-35.400	0.000	0.000	0.000
3738953353.365	174.636	196.258	198.523	0.000	181.751	295.104	0.000	289.101	0.000	155.000	163.000	0.000	0.000	0.000	0.000	0.000	0.000	1.000	1.000	0.000	-0.142	3.876	6.290	15112.908	-376.800	92.521	0.000	0.100	0.100	748.355	376.800	0.000	0.000	2.307	0.000	0.000	0.000	1.000	213.700	17.200	-115.700	-107.500	32.700	-125.500	-35.400	0.000	0.000	0.000
3738953363.365	174.603	196.202	198.480	0.000	181.706	295.102	0.000	289.096	0.000	155.000	163.000	0.000	0.000	0.000	0.000	0.000	0.000	1.000	1.000	0.000	0.161	3.876	6.290	14817.524	-376.800	93.032	0.000	0.100	0.100	745.228	376.800	0.000	0.000	2.307	0.000	0.000	0.000	1.000	197.800	20.400	-114.800	-107.800	32.700	-125.500	-34.500	0.000	0.000	0.000
3738953373.364	174.536	196.142	198.401	0.000	181.651	295.103	0.000	289.073	0.000	155.000	163.000	0.000	0.000	0.000	0.000	0.000	0.000	1.000	1.000	0.000	0.464	3.876	3.719	15112.908	-376.800	93.077	0.000	0.100	0.100	750.702	376.800	0.000	0.000	4.363	0.000	0.000	0.000	1.000	248.200	19.800	-114.800	-107.500	32.700	-125.500	-34.500	0.000	0.000	0.000
3738953383.364	174.499	196.081	198.350	0.000	181.593	295.096	0.000	289.073	0.000	155.000	163.000	0.000	0.000	0.000	0.000	0.000	0.000	1.000	1.000	0.000	0.161	3.876	6.290	15414.181	-376.800	93.866	0.000	0.100	0.100	738.973	376.800	0.000	0.000	10.534	0.000	0.000	0.000	1.000	223.900	19.100	-114.800	-107.800	33.200	-125.500	-35.000	0.000	0.000	0.000
3738953393.365	174.444	196.020	198.276	0.000	181.564	295.090	0.000	289.081	0.000	155.000	163.000	0.000	0.000	0.000	0.000	0.000	0.000	1.000	1.000	0.000	0.464	3.876	3.719	14817.524	-376.800	92.984	0.000	0.100	0.100	747.573	376.800	0.000	0.000	10.534	0.000	0.000	0.000	1.000	208.600	19.800	-114.800	-107.800	33.200	-125.500	-35.000	0.000	0.000	0.000
3738953403.365	174.408	195.965	198.233	0.000	181.527	295.070	0.000	289.079	0.000	155.000	163.000	0.000	0.000	0.000	0.000	0.000	0.000	1.000	1.000	0.000	0.766	1.305	3.719	14817.524	-376.800	93.264	0.000	0.100	0.100	746.791	376.800	0.000	0.000	10.534	0.000	0.000	0.000	1.000	239.300	19.800	-115.200	-107.800	32.700	-125.500	-35.400	0.000	0.000	0.000
3738953413.365	174.367	195.917	198.180	0.000	181.473	295.074	0.000	289.077	0.000	155.000	163.000	0.000	0.000	0.000	0.000	0.000	0.000	1.000	1.000	0.000	-0.142	1.305	3.719	15112.908	-376.800	93.031	0.000	0.100	0.100	747.573	376.800	0.000	0.000	10.020	0.000	0.000	0.000	1.000	195.200	16.000	-115.200	-107.800	33.800	-125.500	-35.400	0.000	0.000	0.000
3738953423.364	174.329	195.852	198.106	0.000	181.406	295.063	0.000	289.067	0.000	155.000	163.000	0.000	0.000	0.000	0.000	0.000	0.000	1.000	1.000	0.000	-0.142	1.305	3.719	15414.181	-376.800	93.216	0.000	0.100	0.100	746.010	376.800	0.000	0.000	8.991	0.000	0.000	0.000	1.000	232.900	16.000	-115.700	-107.800	33.200	-125.500	-35.900	0.000	0.000	0.000
3738953433.364	174.252	195.795	198.041	0.000	181.339	295.067	0.000	289.060	0.000	155.000	163.000	0.000	0.000	0.000	0.000	0.000	0.000	1.000	1.000	0.000	-0.142	1.305	3.719	15112.908	-376.800	93.169	0.000	0.100	0.100	742.882	376.800	0.000	0.000	8.991	0.000	0.000	0.000	1.000	246.300	20.400	-115.200	-108.100	33.200	-125.800	-35.400	0.000	0.000	0.000
3738953443.366	174.215	195.752	197.994	0.000	181.312	295.076	0.000	289.066	0.000	155.000	163.000	0.000	0.000	0.000	0.000	0.000	0.000	1.000	1.000	0.000	0.464	1.305	6.290	14817.524	-376.800	92.799	0.000	0.100	0.100	742.100	376.800	0.000	0.000	8.477	0.000	0.000	0.000	1.000	235.400	18.500	-115.400	-108.100	32.700	-125.800	-35.400	0.000	0.000	0.000
3738953453.364	174.164	195.694	197.934	0.000	181.279	295.091	0.000	289.047	0.000	155.000	163.000	0.000	0.000	0.000	0.000	0.000	0.000	1.000	1.000	0.000	0.161	1.305	6.290	15112.908	-376.800	93.633	0.000	0.100	0.100	746.792	376.800	0.000	0.000	7.963	0.000	0.000	0.000	1.000	239.300	19.800	-115.200	-108.100	33.200	-125.800	-35.400	0.000	0.000	0.000
3738953463.365	174.141	195.663	197.881	0.000	181.242	295.098	0.000	289.054	0.000	155.000	163.000	0.000	0.000	0.000	0.000	0.000	0.000	1.000	1.000	0.000	0.161	-1.266	3.719	15112.908	-376.800	96.276	0.000	0.100	0.100	747.574	376.800	0.000	0.000	7.449	0.000	0.000	0.000	1.000	195.900	17.900	-115.400	-108.100	33.800	-125.800	-36.200	0.000	0.000	0.000
3738953473.365	174.116	195.610	197.846	0.000	181.198	295.081	0.000	289.041	0.000	155.000	163.000	0.000	0.000	0.000	0.000	0.000	0.000	1.000	1.000	0.000	0.464	6.446	1.149	14817.524	-376.800	92.984	0.000	0.100	0.100	735.846	376.800	0.000	0.000	7.449	0.000	0.000	0.000	1.000	202.200	19.100	-115.200	-108.100	33.800	-125.800	-36.200	0.000	0.000	0.000
3738953483.365	174.110	195.563	197.795	0.000	181.157	295.098	0.000	289.050	0.000	155.000	163.000	0.000	0.000	0.000	0.000	0.000	0.000	1.000	1.000	0.000	-0.142	1.305	3.719	14817.524	-376.800	93.865	0.000	0.100	0.100	753.047	376.800	0.000	0.000	6.420	0.000	0.000	0.000	1.000	223.900	19.800	-115.400	-108.300	33.200	-125.800	-35.900	0.000	0.000	0.000
3738953493.364	174.023	195.509	197.721	0.000	181.089	295.085	0.000	289.024	0.000	155.000	163.000	0.000	0.000	0.000	0.000	0.000	0.000	1.000	1.000	0.000	-0.142	1.305	6.290	14817.524	-376.800	93.264	0.000	0.100	0.100	746.010	376.800	0.000	0.000	6.420	0.000	0.000	0.000	1.000	208.600	17.200	-115.400	-108.100	33.800	-125.800	-36.200	0.000	0.000	0.000
3738953503.364	174.013	195.477	197.668	0.000	181.055	295.095	0.000	289.039	0.000	155.000	163.000	0.000	0.000	0.000	0.000	0.000	0.000	1.000	1.000	0.000	0.464	3.876	1.149	14817.524	-376.800	93.448	0.000	0.100	0.100	748.356	376.800	0.000	0.000	5.906	0.000	0.000	0.000	1.000	228.400	17.200	-116.100	-108.300	33.200	-125.800	-37.100	0.000	0.000	0.000
3738953513.364	173.935	195.384	197.602	0.000	180.999	295.088	0.000	289.028	0.000	155.000	163.000	0.000	0.000	0.000	0.000	0.000	0.000	1.000	1.000	0.000	-0.142	3.876	3.719	14817.524	-376.800	82.555	0.000	0.100	0.100	750.701	376.800	0.000	0.000	5.906	0.000	0.000	0.000	1.000	246.300	19.800	-115.200	-108.300	33.200	-125.800	-36.200	0.000	0.000	0.000
3738953523.364	173.905	195.332	197.531	0.000	180.962	295.100	0.000	289.028	0.000	155.000	163.000	0.000	0.000	0.000	0.000	0.000	0.000	1.000	1.000	0.000	0.464	-1.266	3.719	14817.524	-376.800	93.819	0.000	0.100	0.100	746.791	376.800	0.000	0.000	5.906	0.000	0.000	0.000	1.000	246.900	17.200	-116.100	-108.300	33.200	-125.800	-37.100	0.000	0.000	0.000
3738953533.365	173.855	195.291	197.494	0.000	180.925	295.097	0.000	289.026	0.000	155.000	163.000	0.000	0.000	0.000	0.000	0.000	0.000	1.000	1.000	0.000	-0.142	3.876	3.719	15112.908	-376.800	93.587	0.000	0.100	0.100	740.536	376.800	0.000	0.000	4.878	0.000	0.000	0.000	1.000	232.200	17.200	-116.100	-108.300	33.200	-125.800	-37.100	0.000	0.000	0.000
3738953543.365	173.829	195.238	197.426	0.000	180.860	295.099	0.000	289.010	0.000	155.000	163.000	0.000	0.000	0.000	0.000	0.000	0.000	1.000	1.000	0.000	0.161	3.876	1.149	14527.913	-376.800	94.423	0.000	0.100	0.100	744.446	376.800	0.000	0.000	4.878	0.000	0.000	0.000	1.000	195.900	16.600	-116.100	-108.300	33.800	-125.800	-37.100	0.000	0.000	0.000
3738953553.364	173.798	195.181	197.370	0.000	180.824	295.087	0.000	289.011	0.000	155.000	163.000	0.000	0.000	0.000	0.000	0.000	0.000	1.000	1.000	0.000	-0.142	1.305	1.149	15112.908	-376.800	92.660	0.000	0.100	0.100	747.574	376.800	0.000	0.000	4.363	0.000	0.000	0.000	1.000	228.400	20.400	-115.400	-108.700	32.700	-125.800	-37.100	0.000	0.000	0.000
3738953563.365	173.720	195.123	197.299	0.000	180.763	295.085	0.000	289.001	0.000	155.000	163.000	0.000	0.000	0.000	0.000	0.000	0.000	1.000	1.000	0.000	-0.142	1.305	3.719	14817.524	-376.800	93.494	0.000	0.100	0.100	737.410	376.800	0.000	0.000	3.849	0.000	0.000	0.000	1.000	211.200	19.800	-115.400	-108.700	33.200	-125.800	-37.100	0.000	0.000	0.000
3738953573.364	173.688	195.063	197.246	0.000	180.734	295.094	0.000	288.992	0.000	155.000	163.000	0.000	0.000	0.000	0.000	0.000	0.000	1.000	1.000	0.000	0.161	6.446	3.719	15112.908	-376.800	92.799	0.000	0.100	0.100	749.919	376.800	0.000	0.000	3.335	0.000	0.000	0.000	1.000	225.900	15.300	-115.200	-108.700	33.800	-126.100	-37.100	0.000	0.000	0.000
3738953583.366	173.614	194.993	197.171	0.000	180.676	295.087	0.000	288.995	0.000	155.000	163.000	0.000	0.000	0.000	0.000	0.000	0.000	1.000	1.000	0.000	0.464	1.305	6.290	14817.524	-376.800	93.123	0.000	0.100	0.100	732.718	376.800	0.000	0.000	2.821	0.000	0.000	0.000	1.000	198.400	19.100	-115.200	-108.700	33.200	-126.100	-37.100	0.000	0.000	0.000
3738953593.365	173.553	194.942	197.109	0.000	180.651	295.107	0.000	289.011	0.000	155.000	163.000	0.000	0.000	0.000	0.000	0.000	0.000	1.000	1.000	0.000	0.464	3.876	3.719	14817.524	-376.800	92.893	0.000	0.100	0.100	747.573	376.800	0.000	0.000	2.307	0.000	0.000	0.000	1.000	196.500	15.300	-115.700	-109.000	32.700	-126.100	-37.500	0.000	0.000	0.000
3738953603.365	173.502	194.875	197.058	0.000	180.586	295.101	0.000	289.004	0.000	155.000	163.000	0.000	0.000	0.000	0.000	0.000	0.000	1.000	1.000	0.000	0.161	1.305	6.290	14817.524	-376.800	93.680	0.000	0.100	0.100	743.664	376.800	0.000	0.000	1.792	0.000	0.000	0.000	1.000	218.200	17.900	-115.400	-109.000	32.700	-126.100	-37.100	0.000	0.000	0.000
3738953613.364	173.485	194.817	197.000	0.000	180.552	295.116	0.000	289.007	0.000	155.000	163.000	0.000	0.000	0.000	0.000	0.000	0.000	1.000	1.000	0.000	0.464	1.305	6.290	14817.524	-376.800	93.820	0.000	0.100	0.100	745.228	376.800	0.000	0.000	1.278	0.000	0.000	0.000	1.000	234.800	15.300	-116.100	-108.700	33.800	-125.800	-37.800	0.000	0.000	0.000
3738953623.366	173.457	194.776	196.950	0.000	180.527	295.130	0.000	289.006	0.000	155.000	163.000	0.000	0.000	0.000	0.000	0.000	0.000	1.000	1.000	0.000	0.161	3.876	1.149	14817.524	-376.800	92.938	0.000	0.100	0.100	753.829	376.800	0.000	0.000	10.534	0.000	0.000	0.000	1.000	247.500	17.900	-115.200	-108.700	33.800	-126.100	-37.800	0.000	0.000	0.000
3738953633.366	173.421	194.725	196.895	0.000	180.476	295.131	0.000	288.987	0.000	155.000	163.000	0.000	0.000	0.000	0.000	0.000	0.000	1.000	1.000	0.000	0.161	3.876	3.719	15112.908	-376.800	92.291	0.000	0.100	0.100	746.010	376.800	0.000	0.000	10.534	0.000	0.000	0.000	1.000	231.000	19.100	-115.200	-109.000	33.200	-126.100	-37.800	0.000	0.000	0.000
3738953643.365	173.400	194.689	196.846	0.000	180.446	295.131	0.000	288.994	0.000	155.000	163.000	0.000	0.000	0.000	0.000	0.000	0.000	1.000	1.000	0.000	0.161	1.305	-1.422	14817.524	-376.800	93.216	0.000	0.100	0.100	752.265	376.800	0.000	0.000	10.534	0.000	0.000	0.000	1.000	229.000	17.200	-115.400	-109.000	33.800	-126.100	-37.800	0.000	0.000	0.000
3738953653.365	173.352	194.639	196.796	0.000	180.389	295.131	0.000	288.989	0.000	155.000	163.000	0.000	0.000	0.000	0.000	0.000	0.000	1.000	1.000	0.000	0.161	1.305	3.719	14817.524	-376.800	93.540	0.000	0.100	0.100	750.701	376.800	0.000	0.000	10.534	0.000	0.000	0.000	1.000	231.600	19.800	-115.400	-109.000	32.700	-126.100	-37.800	0.000	0.000	0.000
3738953663.364	173.339	194.606	196.765	0.000	180.357	295.136	0.000	288.979	0.000	155.000	163.000	0.000	0.000	0.000	0.000	0.000	0.000	1.000	1.000	0.000	-0.142	1.305	3.719	14817.524	-376.800	92.892	0.000	0.100	0.100	742.100	376.800	0.000	0.000	9.505	0.000	0.000	0.000	1.000	233.500	19.800	-115.200	-109.000	33.200	-126.100	-37.800	0.000	0.000	0.000
3738953673.364	173.310	194.552	196.711	0.000	180.324	295.127	0.000	288.973	0.000	155.000	163.000	0.000	0.000	0.000	0.000	0.000	0.000	1.000	1.000	0.000	0.161	-1.266	1.149	14527.913	-376.800	92.937	0.000	0.100	0.100	745.228	376.800	0.000	0.000	8.991	0.000	0.000	0.000	1.000	211.200	18.500	-116.100	-109.000	33.200	-126.100	-38.700	0.000	0.000	0.000
3738953683.364	173.276	194.496	196.636	0.000	180.267	295.125	0.000	288.959	0.000	155.000	163.000	0.000	0.000	0.000	0.000	0.000	0.000	1.000	1.000	0.000	-0.142	3.876	6.290	14817.524	-376.800	92.522	0.000	0.100	0.100	751.483	376.800	0.000	0.000	8.477	0.000	0.000	0.000	1.000	213.700	18.500	-115.700	-109.000	33.200	-126.100	-37.800	0.000	0.000	0.000
3738953693.364	173.274	194.457	196.608	0.000	180.236	295.118	0.000	288.970	0.000	155.000	163.000	0.000	0.000	0.000	0.000	0.000	0.000	1.000	1.000	0.000	-0.142	1.305	3.719	14527.913	-376.800	93.262	0.000	0.100	0.100	745.228	376.800	0.000	0.000	8.477	0.000	0.000	0.000	1.000	236.100	19.800	-115.400	-109.300	32.700	-126.100	-38.700	0.000	0.000	0.000
3738953703.364	173.253	194.417	196.545	0.000	180.204	295.117	0.000	288.951	0.000	155.000	163.000	0.000	0.000	0.000	0.000	0.000	0.000	1.000	1.000	0.000	0.161	1.305	3.719	14817.524	-376.800	93.262	0.000	0.100	0.100	742.882	376.800	0.000	0.000	7.963	0.000	0.000	0.000	1.000	208.600	19.100	-115.400	-109.300	33.200	-126.100	-38.300	0.000	0.000	0.000
3738953713.364	173.211	194.385	196.513	0.000	180.181	295.116	0.000	288.971	0.000	155.000	163.000	0.000	0.000	0.000	0.000	0.000	0.000	1.000	1.000	0.000	-0.142	1.305	3.719	14817.524	-376.800	93.356	0.000	0.100	0.100	745.228	376.800	0.000	0.000	6.934	0.000	0.000	0.000	1.000	195.900	16.600	-116.100	-109.300	32.700	-126.100	-38.700	0.000	0.000	0.000
3738953723.365	173.177	194.321	196.446	0.000	180.122	295.101	0.000	288.951	0.000	155.000	163.000	0.000	0.000	0.000	0.000	0.000	0.000	1.000	1.000	0.000	0.161	1.305	6.290	14817.524	-376.800	93.032	0.000	0.100	0.100	751.483	376.800	0.000	0.000	6.934	0.000	0.000	0.000	1.000	202.900	16.600	-115.400	-109.300	33.200	-126.100	-38.700	0.000	0.000	0.000
3738953733.365	173.146	194.273	196.376	0.000	180.071	295.100	0.000	288.968	0.000	155.000	163.000	0.000	0.000	0.000	0.000	0.000	0.000	1.000	1.000	0.000	0.161	6.446	3.719	14817.524	-376.800	92.708	0.000	0.100	0.100	739.755	376.800	0.000	0.000	6.420	0.000	0.000	0.000	1.000	238.600	16.000	-116.100	-109.300	32.700	-126.100	-39.500	0.000	0.000	0.000
3738953743.364	173.087	194.229	196.322	0.000	180.037	295.109	0.000	288.955	0.000	155.000	163.000	0.000	0.000	0.000	0.000	0.000	0.000	1.000	1.000	0.000	-0.142	1.305	3.719	15112.908	-376.800	93.680	0.000	0.100	0.100	750.701	376.800	0.000	0.000	5.906	0.000	0.000	0.000	1.000	195.900	15.300	-116.100	-109.300	32.700	-126.100	-39.500	0.000	0.000	0.000
3738953753.364	173.046	194.148	196.239	0.000	179.963	295.089	0.000	288.941	0.000	155.000	163.000	0.000	0.000	0.000	0.000	0.000	0.000	1.000	1.000	0.000	-0.445	-1.266	6.290	15112.908	-376.800	93.494	0.000	0.100	0.100	742.100	376.800	0.000	0.000	5.906	0.000	0.000	0.000	1.000	236.100	19.800	-115.400	-109.300	32.700	-126.100	-39.200	0.000	0.000	0.000
3738953763.365	172.998	194.103	196.201	0.000	179.934	295.106	0.000	288.944	0.000	155.000	163.000	0.000	0.000	0.000	0.000	0.000	0.000	1.000	1.000	0.000	-0.142	3.876	8.861	15112.908	-376.800	93.819	0.000	0.100	0.100	744.446	376.800	0.000	0.000	5.392	0.000	0.000	0.000	1.000	195.200	19.800	-115.400	-109.300	32.700	-126.100	-38.700	0.000	0.000	0.000
3738953773.366	172.961	194.051	196.119	0.000	179.894	295.108	0.000	288.937	0.000	155.000	163.000	0.000	0.000	0.000	0.000	0.000	0.000	1.000	1.000	0.000	-0.142	-1.266	6.290	15112.908	-376.800	93.125	0.000	0.100	0.100	736.627	376.800	0.000	0.000	4.878	0.000	0.000	0.000	1.000	225.200	16.000	-116.100	-109.300	33.200	-126.100	-39.500	0.000	0.000	0.000
3738953783.364	172.894	193.978	196.082	0.000	179.856	295.105	0.000	288.936	0.000	155.000	163.000	0.000	0.000	0.000	0.000	0.000	0.000	1.000	1.000	0.000	0.161	3.876	3.719	14817.524	-376.800	93.680	0.000	0.100	0.100	744.446	376.800	0.000	0.000	4.363	0.000	0.000	0.000	1.000	215.600	17.200	-115.700	-109.300	33.800	-126.100	-39.500	0.000	0.000	0.000
3738953793.364	172.888	193.930	196.023	0.000	179.791	295.098	0.000	288.932	0.000	155.000	163.000	0.000	0.000	0.000	0.000	0.000	0.000	1.000	1.000	0.000	-0.142	-1.266	6.290	14817.524	-376.800	92.845	0.000	0.100	0.100	742.101	376.800	0.000	0.000	3.849	0.000	0.000	0.000	1.000	202.900	19.100	-115.400	-109.600	32.700	-126.100	-39.500	0.000	0.000	0.000
3738953803.365	172.852	193.899	195.982	0.000	179.763	295.099	0.000	288.925	0.000	155.000	163.000	0.000	0.000	0.000	0.000	0.000	0.000	1.000	1.000	0.000	-0.142	3.876	8.861	15112.908	-376.800	92.846	0.000	0.100	0.100	738.191	376.800	0.000	0.000	4.363	0.000	0.000	0.000	1.000	199.700	19.800	-115.400	-109.600	32.700	-126.400	-39.500	0.000	0.000	0.000
3738953813.364	172.780	193.835	195.902	0.000	179.713	295.080	0.000	288.902	0.000	155.000	163.000	0.000	0.000	0.000	0.000	0.000	0.000	1.000	1.000	0.000	0.161	1.305	3.719	15112.908	-376.800	93.218	0.000	0.100	0.100	742.882	376.800	0.000	0.000	2.821	0.000	0.000	0.000	1.000	245.000	19.100	-115.400	-109.600	33.200	-126.400	-39.500	0.000	0.000	0.000
3738953823.365	172.779	193.797	195.863	0.000	179.678	295.082	0.000	288.919	0.000	155.000	163.000	0.000	0.000	0.000	0.000	0.000	0.000	1.000	1.000	0.000	0.464	6.446	3.719	15414.181	-376.800	93.402	0.000	0.100	0.100	742.882	376.800	0.000	0.000	2.821	0.000	0.000	0.000	1.000	227.100	19.100	-115.400	-109.600	33.200	-126.400	-39.500	0.000	0.000	0.000
3738953833.366	172.722	193.729	195.796	0.000	179.643	295.074	0.000	288.910	0.000	155.000	163.000	0.000	0.000	0.000	0.000	0.000	0.000	1.000	1.000	0.000	-0.142	-1.266	3.719	14817.524	-376.800	93.030	0.000	0.100	0.100	743.664	376.800	0.000	0.000	2.821	0.000	0.000	0.000	1.000	234.100	16.600	-116.100	-109.600	33.200	-126.400	-39.500	0.000	0.000	0.000
3738953843.364	172.686	193.686	195.752	0.000	179.596	295.078	0.000	288.926	0.000	155.000	163.000	0.000	0.000	0.000	0.000	0.000	0.000	1.000	1.000	0.000	-0.142	1.305	3.719	15112.908	-376.800	92.706	0.000	0.100	0.100	743.665	376.800	0.000	0.000	2.307	0.000	0.000	0.000	1.000	245.000	15.300	-115.700	-109.600	33.200	-126.400	-39.500	0.000	0.000	0.000
3738953853.364	172.671	193.646	195.699	0.000	179.565	295.074	0.000	288.901	0.000	155.000	163.000	0.000	0.000	0.000	0.000	0.000	0.000	1.000	1.000	0.000	0.161	3.876	3.719	14817.524	-376.800	92.985	0.000	0.100	0.100	740.537	376.800	0.000	0.000	1.792	0.000	0.000	0.000	1.000	246.300	19.800	-115.700	-109.900	32.700	-126.400	-39.900	0.000	0.000	0.000
3738953863.364	172.630	193.598	195.640	0.000	179.524	295.087	0.000	288.898	0.000	155.000	163.000	0.000	0.000	0.000	0.000	0.000	0.000	1.000	1.000	0.000	0.464	3.876	6.290	15112.908	-376.800	92.847	0.000	0.100	0.100	746.792	376.800	0.000	0.000	5.906	0.000	0.000	0.000	1.000	234.800	19.800	-116.100	-109.900	32.100	-126.400	-40.400	0.000	0.000	0.000
3738953873.365	172.624	193.550	195.604	0.000	179.496	295.100	0.000	288.890	0.000	155.000	163.000	0.000	0.000	0.000	0.000	0.000	0.000	1.000	1.000	0.000	0.464	1.305	6.290	14817.524	-376.800	93.401	0.000	0.100	0.100	742.100	376.800	0.000	0.000	10.534	0.000	0.000	0.000	1.000	243.700	17.200	-116.100	-109.900	33.200	-126.400	-40.700	0.000	0.000	0.000
3738953883.365	172.580	193.510	195.547	0.000	179.454	295.090	0.000	288.876	0.000	155.000	163.000	0.000	0.000	0.000	0.000	0.000	0.000	1.000	1.000	0.000	0.464	6.446	3.719	15112.908	-376.800	92.891	0.000	0.100	0.100	744.446	376.800	0.000	0.000	10.020	0.000	0.000	0.000	1.000	195.200	15.300	-116.300	-109.900	32.700	-126.400	-41.100	0.000	0.000	0.000
3738953893.365	172.557	193.484	195.506	0.000	179.417	295.104	0.000	288.890	0.000	155.000	163.000	0.000	0.000	0.000	0.000	0.000	0.000	1.000	1.000	0.000	-0.142	1.305	3.719	15414.181	-376.800	92.800	0.000	0.100	0.100	740.537	376.800	0.000	0.000	10.534	0.000	0.000	0.000	1.000	230.300	17.900	-115.700	-110.200	32.700	-126.400	-40.400	0.000	0.000	0.000
3738953903.365	172.515	193.426	195.440	0.000	179.383	295.086	0.000	288.874	0.000	155.000	163.000	0.000	0.000	0.000	0.000	0.000	0.000	1.000	1.000	0.000	0.464	3.876	3.719	15112.908	-376.800	94.098	0.000	0.100	0.100	749.137	376.800	0.000	0.000	9.505	0.000	0.000	0.000	1.000	238.600	18.500	-116.300	-110.200	32.100	-126.400	-41.100	0.000	0.000	0.000
3738953913.365	172.488	193.385	195.388	0.000	179.329	295.071	0.000	288.884	0.000	155.000	163.000	0.000	0.000	0.000	0.000	0.000	0.000	1.000	1.000	0.000	-0.142	3.876	3.719	14817.524	-376.800	94.421	0.000	0.100	0.100	746.791	376.800	0.000	0.000	9.505	0.000	0.000	0.000	1.000	242.400	15.300	-116.600	-110.200	32.700	-126.400	-41.100	0.000	0.000	0.000
3738953923.365	172.426	193.310	195.325	0.000	179.273	295.074	0.000	288.872	0.000	155.000	163.000	0.000	0.000	0.000	0.000	0.000	0.000	1.000	1.000	0.000	0.464	3.876	6.290	15112.908	-376.800	93.494	0.000	0.100	0.100	749.919	376.800	0.000	0.000	8.477	0.000	0.000	0.000	1.000	200.300	14.700	-116.600	-110.200	32.700	-126.400	-41.600	0.000	0.000	0.000
3738953933.366	172.411	193.292	195.289	0.000	179.269	295.098	0.000	288.894	0.000	155.000	163.000	0.000	0.000	0.000	0.000	0.000	0.000	1.000	1.000	0.000	0.161	3.876	1.149	14527.913	-376.800	93.078	0.000	0.100	0.100	742.101	376.800	0.000	0.000	8.991	0.000	0.000	0.000	1.000	244.400	19.100	-116.100	-110.200	32.700	-126.400	-41.100	0.000	0.000	0.000
3738953943.365	172.382	193.250	195.235	0.000	179.228	295.097	0.000	288.885	0.000	155.000	163.000	0.000	0.000	0.000	0.000	0.000	0.000	1.000	1.000	0.000	-0.142	1.305	1.149	14817.524	-376.800	92.244	0.000	0.100	0.100	742.101	376.800	0.000	0.000	7.963	0.000	0.000	0.000	1.000	234.100	16.000	-116.600	-110.200	32.700	-126.400	-42.000	0.000	0.000	0.000
3738953953.365	172.349	193.187	195.181	0.000	179.180	295.085	0.000	288.881	0.000	155.000	163.000	0.000	0.000	0.000	0.000	0.000	0.000	1.000	1.000	0.000	0.161	1.305	6.290	14817.524	-376.800	93.448	0.000	0.100	0.100	751.483	376.800	0.000	0.000	7.449	0.000	0.000	0.000	1.000	234.100	16.000	-116.600	-110.200	32.700	-126.400	-42.000	0.000	0.000	0.000
3738953963.364	172.301	193.140	195.118	0.000	179.140	295.084	0.000	288.861	0.000	155.000	163.000	0.000	0.000	0.000	0.000	0.000	0.000	1.000	1.000	0.000	-0.142	1.305	6.290	14817.524	-376.800	93.030	0.000	0.100	0.100	745.228	376.800	0.000	0.000	6.934	0.000	0.000	0.000	1.000	241.800	15.300	-116.600	-110.200	32.700	-126.400	-42.000	0.000	0.000	0.000
3738953973.364	172.282	193.092	195.063	0.000	179.094	295.084	0.000	288.858	0.000	155.000	163.000	0.000	0.000	0.000	0.000	0.000	0.000	1.000	1.000	0.000	0.161	1.305	1.149	14817.524	-376.800	93.819	0.000	0.100	0.100	750.701	376.800	0.000	0.000	6.934	0.000	0.000	0.000	1.000	225.900	16.000	-116.600	-110.400	32.700	-126.400	-42.000	0.000	0.000	0.000
3738953983.364	172.235	193.033	194.994	0.000	179.051	295.084	0.000	288.838	0.000	155.000	163.000	0.000	0.000	0.000	0.000	0.000	0.000	1.000	1.000	0.000	0.161	3.876	3.719	15112.908	-376.800	93.635	0.000	0.100	0.100	741.318	376.800	0.000	0.000	6.420	0.000	0.000	0.000	1.000	192.700	15.300	-116.600	-110.400	32.700	-126.400	-42.300	0.000	0.000	0.000
3738953993.365	172.181	192.974	194.930	0.000	179.002	295.089	0.000	288.843	0.000	155.000	163.000	0.000	0.000	0.000	0.000	0.000	0.000	1.000	1.000	0.000	0.464	1.305	3.719	15112.908	-376.800	93.125	0.000	0.100	0.100	743.664	376.800	0.000	0.000	5.906	0.000	0.000	0.000	1.000	223.300	16.000	-116.100	-110.400	33.200	-126.600	-42.000	0.000	0.000	0.000
3738954003.364	172.125	192.923	194.874	0.000	178.959	295.090	0.000	288.837	0.000	155.000	163.000	0.000	0.000	0.000	0.000	0.000	0.000	1.000	1.000	0.000	0.161	-1.266	3.719	14817.524	-376.800	92.707	0.000	0.100	0.100	741.319	376.800	0.000	0.000	5.906	0.000	0.000	0.000	1.000	206.100	16.000	-116.600	-110.400	33.200	-126.600	-42.800	0.000	0.000	0.000
3738954013.365	172.073	192.861	194.813	0.000	178.884	295.093	0.000	288.832	0.000	155.000	163.000	0.000	0.000	0.000	0.000	0.000	0.000	1.000	1.000	0.000	-0.142	1.305	3.719	15112.908	-376.800	93.447	0.000	0.100	0.100	748.355	376.800	0.000	0.000	4.363	0.000	0.000	0.000	1.000	234.100	16.000	-116.600	-110.400	33.200	-126.600	-42.800	0.000	0.000	0.000
3738954023.366	172.061	192.825	194.787	0.000	178.877	295.123	0.000	288.838	0.000	155.000	163.000	0.000	0.000	0.000	0.000	0.000	0.000	1.000	1.000	0.000	-0.142	-1.266	3.719	15112.908	-376.800	93.818	0.000	0.100	0.100	742.882	376.800	0.000	0.000	4.878	0.000	0.000	0.000	1.000	197.100	18.500	-116.100	-110.400	32.700	-126.600	-42.300	0.000	0.000	0.000
3738954033.365	172.047	192.783	194.740	0.000	178.818	295.125	0.000	288.825	0.000	155.000	163.000	0.000	0.000	0.000	0.000	0.000	0.000	1.000	1.000	0.000	-0.142	3.876	6.290	14817.524	-376.800	92.893	0.000	0.100	0.100	742.882	376.800	0.000	0.000	4.363	0.000	0.000	0.000	1.000	208.000	15.300	-116.800	-110.400	32.700	-126.600	-43.200	0.000	0.000	0.000
3738954043.364	172.003	192.758	194.699	0.000	178.813	295.142	0.000	288.819	0.000	155.000	163.000	0.000	0.000	0.000	0.000	0.000	0.000	1.000	1.000	0.000	-0.142	3.876	-1.422	15414.181	-376.800	92.893	0.000	0.100	0.100	740.536	376.800	0.000	0.000	3.849	0.000	0.000	0.000	1.000	228.400	18.500	-116.100	-110.400	32.700	-126.600	-42.800	0.000	0.000	0.000
3738954053.364	171.986	192.708	194.638	0.000	178.782	295.147	0.000	288.834	0.000	155.000	163.000	0.000	0.000	0.000	0.000	0.000	0.000	1.000	1.000	0.000	0.161	1.305	6.290	14817.524	-376.800	92.938	0.000	0.100	0.100	751.483	376.800	0.000	0.000	3.849	0.000	0.000	0.000	1.000	239.300	14.700	-116.800	-110.800	32.100	-126.600	-43.600	0.000	0.000	0.000
3738954063.365	171.934	192.667	194.588	0.000	178.736	295.164	0.000	288.811	0.000	155.000	163.000	0.000	0.000	0.000	0.000	0.000	0.000	1.000	1.000	0.000	0.161	1.305	6.290	14817.524	-376.800	93.262	0.000	0.100	0.100	749.137	376.800	0.000	0.000	3.335	0.000	0.000	0.000	1.000	198.400	16.600	-116.600	-110.400	33.200	-126.600	-43.600	0.000	0.000	0.000
3738954073.365	171.901	192.614	194.534	0.000	178.693	295.155	0.000	288.819	0.000	155.000	163.000	0.000	0.000	0.000	0.000	0.000	0.000	1.000	1.000	0.000	0.161	3.876	3.719	15721.459	-376.800	93.679	0.000	0.100	0.100	748.356	376.800	0.000	0.000	3.335	0.000	0.000	0.000	1.000	208.600	15.300	-116.600	-110.800	33.200	-126.600	-43.600	0.000	0.000	0.000
3738954083.364	171.890	192.567	194.473	0.000	178.661	295.142	0.000	288.806	0.000	155.000	163.000	0.000	0.000	0.000	0.000	0.000	0.000	1.000	1.000	0.000	-0.142	3.876	3.719	14527.913	-376.800	92.847	0.000	0.100	0.100	753.047	376.800	0.000	0.000	1.792	0.000	0.000	0.000	1.000	202.900	19.100	-116.600	-110.800	32.100	-126.600	-44.000	0.000	0.000	0.000
3738954093.366	171.857	192.499	194.419	0.000	178.591	295.148	0.000	288.797	0.000	155.000	163.000	0.000	0.000	0.000	0.000	0.000	0.000	1.000	1.000	0.000	-0.142	3.876	1.149	14817.524	-376.800	92.939	0.000	0.100	0.100	741.319	376.800	0.000	0.000	2.307	0.000	0.000	0.000	1.000	203.500	18.500	-116.600	-110.800	32.700	-126.600	-44.400	0.000	0.000	0.000
3738954103.364	171.812	192.466	194.365	0.000	178.556	295.129	0.000	288.786	0.000	155.000	163.000	0.000	0.000	0.000	0.000	0.000	0.000	1.000	1.000	0.000	-0.142	-1.266	3.719	15414.181	-376.800	93.216	0.000	0.100	0.100	745.228	376.800	0.000	0.000	1.792	0.000	0.000	0.000	1.000	191.400	14.700	-117.200	-110.800	32.700	-126.600	-44.400	0.000	0.000	0.000
3738954113.364	171.775	192.415	194.311	0.000	178.522	295.146	0.000	288.788	0.000	155.000	163.000	0.000	0.000	0.000	0.000	0.000	0.000	1.000	1.000	0.000	0.464	3.876	3.719	15112.908	-376.800	93.633	0.000	0.100	0.100	753.829	376.800	0.000	0.000	11.562	0.000	0.000	0.000	1.000	193.300	16.000	-117.200	-110.800	32.700	-126.600	-44.400	0.000	0.000	0.000
3738954123.364	171.743	192.366	194.264	0.000	178.465	295.148	0.000	288.789	0.000	155.000	163.000	0.000	0.000	0.000	0.000	0.000	0.000	1.000	1.000	0.000	0.464	3.876	3.719	14817.524	-376.800	93.355	0.000	0.100	0.100	749.919	376.800	0.000	0.000	10.534	0.000	0.000	0.000	1.000	225.900	17.900	-116.300	-110.800	32.700	-126.900	-44.400	0.000	0.000	0.000
3738954133.365	171.677	192.295	194.184	0.000	178.418	295.151	0.000	288.790	0.000	155.000	163.000	0.000	0.000	0.000	0.000	0.000	0.000	1.000	1.000	0.000	0.161	3.876	3.719	14817.524	-376.800	93.123	0.000	0.100	0.100	753.047	376.800	0.000	0.000	10.020	0.000	0.000	0.000	1.000	239.300	14.700	-117.200	-111.100	32.100	-126.900	-44.400	0.000	0.000	0.000
3738954143.365	171.623	192.251	194.131	0.000	178.358	295.135	0.000	288.784	0.000	155.000	163.000	0.000	0.000	0.000	0.000	0.000	0.000	1.000	1.000	0.000	0.464	3.876	3.719	15112.908	-376.800	93.078	0.000	0.100	0.100	744.446	376.800	0.000	0.000	9.505	0.000	0.000	0.000	1.000	190.100	17.200	-116.600	-110.800	33.200	-126.900	-44.400	0.000	0.000	0.000
3738954153.366	171.565	192.182	194.066	0.000	178.310	295.130	0.000	288.761	0.000	155.000	163.000	0.000	0.000	0.000	0.000	0.000	0.000	1.000	1.000	0.000	0.464	3.876	3.719	14527.913	-376.800	92.661	0.000	0.100	0.100	739.755	376.800	0.000	0.000	9.505	0.000	0.000	0.000	1.000	205.400	16.000	-116.600	-110.800	33.200	-126.900	-44.400	0.000	0.000	0.000
3738954163.366	171.541	192.147	194.025	0.000	178.291	295.152	0.000	288.771	0.000	155.000	163.000	0.000	0.000	0.000	0.000	0.000	0.000	1.000	1.000	0.000	-0.142	1.305	6.290	14817.524	-376.800	93.032	0.000	0.100	0.100	740.537	376.800	0.000	0.000	8.477	0.000	0.000	0.000	1.000	238.600	16.000	-117.500	-111.100	32.700	-126.900	-44.400	0.000	0.000	0.000
3738954173.366	171.519	192.123	193.987	0.000	178.266	295.157	0.000	288.762	0.000	155.000	163.000	0.000	0.000	0.000	0.000	0.000	0.000	1.000	1.000	0.000	-0.142	3.876	3.719	15112.908	-376.800	93.263	0.000	0.100	0.100	745.228	376.800	0.000	0.000	8.477	0.000	0.000	0.000	1.000	208.600	16.600	-116.800	-111.100	32.100	-126.900	-44.800	0.000	0.000	0.000
3738954183.364	171.504	192.080	193.938	0.000	178.223	295.163	0.000	288.764	0.000	155.000	163.000	0.000	0.000	0.000	0.000	0.000	0.000	1.000	1.000	0.000	0.161	1.305	3.719	14817.524	-376.800	92.891	0.000	0.100	0.100	745.228	376.800	0.000	0.000	7.963	0.000	0.000	0.000	1.000	228.400	15.300	-117.500	-111.300	32.100	-126.900	-45.200	0.000	0.000	0.000
3738954193.365	171.482	192.049	193.897	0.000	178.201	295.178	0.000	288.768	0.000	155.000	163.000	0.000	0.000	0.000	0.000	0.000	0.000	1.000	1.000	0.000	0.161	3.876	6.290	14817.524	-376.800	93.726	0.000	0.100	0.100	755.392	376.800	0.000	0.000	7.963	0.000	0.000	0.000	1.000	191.400	19.100	-116.600	-111.300	32.700	-127.200	-44.400	0.000	0.000	0.000
3738954203.364	171.459	192.003	193.843	0.000	178.166	295.156	0.000	288.771	0.000	155.000	163.000	0.000	0.000	0.000	0.000	0.000	0.000	1.000	1.000	0.000	-0.142	3.876	6.290	14817.524	-376.800	93.124	0.000	0.100	0.100	749.138	376.800	0.000	0.000	7.449	0.000	0.000	0.000	1.000	224.600	16.000	-117.500	-111.300	32.100	-126.900	-45.200	0.000	0.000	0.000
3738954213.366	171.437	191.951	193.809	0.000	178.111	295.157	0.000	288.752	0.000	155.000	163.000	0.000	0.000	0.000	0.000	0.000	0.000	1.000	1.000	0.000	0.161	1.305	3.719	14527.913	-376.800	93.403	0.000	0.100	0.100	746.010	376.800	0.000	0.000	6.934	0.000	0.000	0.000	1.000	208.000	14.700	-117.500	-111.300	32.100	-127.200	-45.200	0.000	0.000	0.000
3738954223.365	171.372	191.901	193.746	0.000	178.083	295.178	0.000	288.758	0.000	155.000	163.000	0.000	0.000	0.000	0.000	0.000	0.000	1.000	1.000	0.000	-0.142	-1.266	3.719	14817.524	-376.800	93.357	0.000	0.100	0.100	749.137	376.800	0.000	0.000	6.420	0.000	0.000	0.000	1.000	216.300	18.500	-117.200	-111.300	32.100	-127.200	-45.200	0.000	0.000	0.000
3738954233.366	171.321	191.846	193.672	0.000	178.017	295.147	0.000	288.730	0.000	155.000	163.000	0.000	0.000	0.000	0.000	0.000	0.000	1.000	1.000	0.000	0.464	-1.266	3.719	14817.524	-376.800	93.264	0.000	0.100	0.100	746.010	376.800	0.000	0.000	6.934	0.000	0.000	0.000	1.000	192.700	15.300	-117.500	-111.300	32.100	-127.200	-46.000	0.000	0.000	0.000
3738954243.364	171.266	191.780	193.623	0.000	177.972	295.137	0.000	288.742	0.000	155.000	163.000	0.000	0.000	0.000	0.000	0.000	0.000	1.000	1.000	0.000	-0.142	1.305	3.719	15112.908	-376.800	93.912	0.000	0.100	0.100	751.483	376.800	0.000	0.000	5.906	0.000	0.000	0.000	1.000	208.600	17.900	-117.500	-111.300	32.100	-127.200	-46.000	0.000	0.000	0.000
3738954253.364	171.221	191.732	193.544	0.000	177.939	295.148	0.000	288.709	0.000	155.000	163.000	0.000	0.000	0.000	0.000	0.000	0.000	1.000	1.000	0.000	-0.142	-1.266	6.290	14817.524	-376.800	93.401	0.000	0.100	0.100	739.755	376.800	0.000	0.000	4.878	0.000	0.000	0.000	1.000	223.300	16.000	-117.200	-111.300	33.200	-127.200	-4.000	0.000	0.000	0.000
3738954263.365	171.175	191.691	193.485	0.000	177.879	295.130	0.000	288.722	0.000	155.000	163.000	0.000	0.000	0.000	0.000	0.000	0.000	1.000	1.000	0.000	-0.142	1.305	3.719	14817.524	-376.800	93.865	0.000	0.100	0.100	746.792	376.800	0.000	0.000	5.392	0.000	0.000	0.000	1.000	238.600	18.500	-116.600	-111.300	32.700	-127.200	-46.000	0.000	0.000	0.000
3738954273.365	171.157	191.624	193.436	0.000	177.856	295.146	0.000	288.713	0.000	155.000	163.000	0.000	0.000	0.000	0.000	0.000	0.000	1.000	1.000	0.000	-0.142	-1.266	3.719	14817.524	-376.800	93.681	0.000	0.100	0.100	742.882	376.800	0.000	0.000	3.849	0.000	0.000	0.000	1.000	223.300	16.600	-117.200	-111.300	33.200	-127.200	-46.400	0.000	0.000	0.000
3738954283.364	171.082	191.575	193.382	0.000	177.811	295.142	0.000	288.712	0.000	155.000	163.000	0.000	0.000	0.000	0.000	0.000	0.000	1.000	1.000	0.000	-0.142	1.305	3.719	14527.913	-376.800	92.522	0.000	0.100	0.100	744.446	376.800	0.000	0.000	4.363	0.000	0.000	0.000	1.000	208.600	15.300	-117.500	-111.700	32.700	-127.200	-46.700	0.000	0.000	0.000
3738954293.365	171.054	191.521	193.314	0.000	177.754	295.149	0.000	288.709	0.000	155.000	163.000	0.000	0.000	0.000	0.000	0.000	0.000	1.000	1.000	0.000	0.161	3.876	3.719	15112.908	-376.800	93.401	0.000	0.100	0.100	742.100	376.800	0.000	0.000	3.335	0.000	0.000	0.000	1.000	195.900	16.000	-117.700	-111.700	32.100	-127.200	-46.700	0.000	0.000	0.000
3738954303.365	171.006	191.462	193.262	0.000	177.732	295.137	0.000	288.707	0.000	155.000	163.000	0.000	0.000	0.000	0.000	0.000	0.000	1.000	1.000	0.000	0.161	1.305	3.719	15112.908	-376.800	93.215	0.000	0.100	0.100	744.446	376.800	0.000	0.000	3.849	0.000	0.000	0.000	1.000	238.600	19.800	-117.200	-111.700	32.100	-127.200	-46.700	0.000	0.000	0.000
3738954313.366	170.992	191.433	193.221	0.000	177.696	295.137	0.000	288.711	0.000	155.000	163.000	0.000	0.000	0.000	0.000	0.000	0.000	1.000	1.000	0.000	-0.142	3.876	6.290	14817.524	-376.800	93.634	0.000	0.100	0.100	745.228	376.800	0.000	0.000	3.335	0.000	0.000	0.000	1.000	215.600	17.200	-117.200	-111.700	32.700	-127.200	-46.700	0.000	0.000	0.000
3738954323.366	170.921	191.365	193.167	0.000	177.642	295.122	0.000	288.679	0.000	155.000	163.000	0.000	0.000	0.000	0.000	0.000	0.000	1.000	1.000	0.000	0.766	3.876	1.149	14527.913	-376.800	93.310	0.000	0.100	0.100	746.010	376.800	0.000	0.000	2.821	0.000	0.000	0.000	1.000	187.600	16.000	-117.500	-111.700	32.700	-127.200	-46.700	0.000	0.000	0.000
3738954333.366	170.933	191.345	193.130	0.000	177.622	295.119	0.000	288.693	0.000	155.000	163.000	0.000	0.000	0.000	0.000	0.000	0.000	1.000	1.000	0.000	-0.142	1.305	3.719	14817.524	-376.800	93.124	0.000	0.100	0.100	757.739	376.800	0.000	0.000	1.792	0.000	0.000	0.000	1.000	199.700	16.000	-117.700	-111.700	32.100	-127.200	-47.200	0.000	0.000	0.000
3738954343.364	170.909	191.303	193.082	0.000	177.584	295.116	0.000	288.680	0.000	155.000	163.000	0.000	0.000	0.000	0.000	0.000	0.000	1.000	1.000	0.000	-0.142	3.876	8.861	15112.908	-376.800	92.891	0.000	0.100	0.100	755.393	376.800	0.000	0.000	1.278	0.000	0.000	0.000	1.000	193.300	15.300	-117.700	-111.700	32.700	-127.500	-47.200	0.000	0.000	0.000
3738954353.364	170.876	191.274	193.041	0.000	177.541	295.131	0.000	288.680	0.000	155.000	163.000	0.000	0.000	0.000	0.000	0.000	0.000	1.000	1.000	0.000	0.161	-1.266	6.290	14817.524	-376.800	92.242	0.000	0.100	0.100	739.755	376.800	0.000	0.000	7.449	0.000	0.000	0.000	1.000	239.300	18.500	-117.500	-112.000	32.100	-127.500	-47.200	0.000	0.000	0.000
3738954363.364	170.833	191.213	192.984	0.000	177.497	295.129	0.000	288.671	0.000	155.000	163.000	0.000	0.000	0.000	0.000	0.000	0.000	1.000	1.000	0.000	0.161	3.876	3.719	14817.524	-376.800	93.170	0.000	0.100	0.100	739.755	376.800	0.000	0.000	11.048	0.000	0.000	0.000	1.000	218.200	14.700	-117.500	-111.700	32.700	-127.500	-47.600	0.000	0.000	0.000
3738954373.364	170.802	191.164	192.933	0.000	177.461	295.131	0.000	288.681	0.000	155.000	163.000	0.000	0.000	0.000	0.000	0.000	0.000	1.000	1.000	0.000	0.161	1.305	3.719	14817.524	-376.800	93.309	0.000	0.100	0.100	745.228	376.800	0.000	0.000	10.534	0.000	0.000	0.000	1.000	188.200	15.300	-118.000	-112.000	32.100	-127.500	-48.400	0.000	0.000	0.000
3738954383.365	170.771	191.104	192.870	0.000	177.399	295.138	0.000	288.675	0.000	155.000	163.000	0.000	0.000	0.000	0.000	0.000	0.000	1.000	1.000	0.000	0.161	6.446	6.290	15112.908	-376.800	92.799	0.000	0.100	0.100	741.319	376.800	0.000	0.000	10.020	0.000	0.000	0.000	1.000	222.700	17.200	-117.500	-112.000	32.700	-127.500	-48.000	0.000	0.000	0.000
3738954393.364	170.719	191.078	192.822	0.000	177.375	295.148	0.000	288.681	0.000	155.000	163.000	0.000	0.000	0.000	0.000	0.000	0.000	1.000	1.000	0.000	0.161	1.305	6.290	15112.908	-376.800	92.847	0.000	0.100	0.100	748.356	376.800	0.000	0.000	10.020	0.000	0.000	0.000	1.000	208.600	18.500	-117.700	-112.000	31.700	-127.500	-48.000	0.000	0.000	0.000
3738954403.365	170.679	191.024	192.765	0.000	177.337	295.127	0.000	288.665	0.000	155.000	163.000	0.000	0.000	0.000	0.000	0.000	0.000	1.000	1.000	0.000	-0.142	1.305	-1.422	14817.524	-376.800	93.357	0.000	0.100	0.100	748.356	376.800	0.000	0.000	8.991	0.000	0.000	0.000	1.000	234.800	14.700	-117.500	-112.000	32.700	-127.500	-48.000	0.000	0.000	0.000
3738954413.364	170.653	190.999	192.721	0.000	177.303	295.132	0.000	288.657	0.000	155.000	163.000	0.000	0.000	0.000	0.000	0.000	0.000	1.000	1.000	0.000	0.464	1.305	3.719	15112.908	-376.800	93.680	0.000	0.100	0.100	742.882	376.800	0.000	0.000	8.991	0.000	0.000	0.000	1.000	228.400	17.900	-117.200	-112.000	32.100	-127.500	-48.000	0.000	0.000	0.000
3738954423.365	170.643	190.977	192.701	0.000	177.279	295.137	0.000	288.669	0.000	155.000	163.000	0.000	0.000	0.000	0.000	0.000	0.000	1.000	1.000	0.000	-0.142	1.305	3.719	14817.524	-376.800	92.937	0.000	0.100	0.100	746.792	376.800	0.000	0.000	8.477	0.000	0.000	0.000	1.000	236.100	15.300	-117.500	-112.000	32.700	-127.500	-48.000	0.000	0.000	0.000
3738954433.365	170.637	190.936	192.641	0.000	177.261	295.150	0.000	288.671	0.000	155.000	163.000	0.000	0.000	0.000	0.000	0.000	0.000	1.000	1.000	0.000	0.161	1.305	3.719	14527.913	-376.800	93.633	0.000	0.100	0.100	746.010	376.800	0.000	0.000	7.449	0.000	0.000	0.000	1.000	201.000	17.900	-117.500	-112.000	32.100	-127.500	-47.600	0.000	0.000	0.000
3738954443.365	170.609	190.902	192.597	0.000	177.210	295.143	0.000	288.666	0.000	155.000	163.000	0.000	0.000	0.000	0.000	0.000	0.000	1.000	1.000	0.000	0.161	3.876	3.719	14817.524	-376.800	92.706	0.000	0.100	0.100	745.228	376.800	0.000	0.000	7.449	0.000	0.000	0.000	1.000	223.300	17.200	-118.000	-112.200	31.700	-127.500	-48.000	0.000	0.000	0.000
3738954453.366	170.577	190.848	192.546	0.000	177.171	295.153	0.000	288.657	0.000	155.000	163.000	0.000	0.000	0.000	0.000	0.000	0.000	1.000	1.000	0.000	0.464	1.305	3.719	14527.913	-376.800	93.680	0.000	0.100	0.100	746.010	376.800	0.000	0.000	7.449	0.000	0.000	0.000	1.000	203.500	15.300	-118.000	-112.000	32.700	-127.500	-48.000	0.000	0.000	0.000
3738954463.364	170.576	190.831	192.520	0.000	177.162	295.171	0.000	288.662	0.000	155.000	163.000	0.000	0.000	0.000	0.000	0.000	0.000	1.000	1.000	0.000	0.464	3.876	6.290	14817.524	-376.800	93.866	0.000	0.100	0.100	742.882	376.800	0.000	0.000	6.934	0.000	0.000	0.000	1.000	224.600	19.100	-117.500	-112.200	32.100	-127.500	-47.600	0.000	0.000	0.000
3738954473.365	170.525	190.768	192.461	0.000	177.106	295.151	0.000	288.655	0.000	155.000	163.000	0.000	0.000	0.000	0.000	0.000	0.000	1.000	1.000	0.000	0.161	1.305	3.719	15112.908	-376.800	92.939	0.000	0.100	0.100	745.228	376.800	0.000	0.000	5.906	0.000	0.000	0.000	1.000	213.700	16.000	-118.200	-112.000	32.100	-127.500	-48.400	0.000	0.000	0.000
3738954483.365	170.494	190.743	192.404	0.000	177.094	295.157	0.000	288.645	0.000	155.000	163.000	0.000	0.000	0.000	0.000	0.000	0.000	1.000	1.000	0.000	0.464	3.876	3.719	14817.524	-376.800	93.356	0.000	0.100	0.100	742.100	376.800	0.000	0.000	6.934	0.000	0.000	0.000	1.000	222.000	15.300	-117.700	-112.200	32.700	-127.700	-48.400	0.000	0.000	0.000
3738954493.365	170.474	190.694	192.363	0.000	177.048	295.155	0.000	288.648	0.000	155.000	163.000	0.000	0.000	0.000	0.000	0.000	0.000	1.000	1.000	0.000	-0.142	3.876	6.290	14527.913	-376.800	93.078	0.000	0.100	0.100	742.883	376.800	0.000	0.000	5.392	0.000	0.000	0.000	1.000	208.600	18.500	-117.700	-112.500	31.700	-127.700	-48.400	0.000	0.000	0.000
3738954503.365	170.429	190.647	192.313	0.000	177.005	295.148	0.000	288.643	0.000	155.000	163.000	0.000	0.000	0.000	0.000	0.000	0.000	1.000	1.000	0.000	-0.142	9.017	1.149	15112.908	-376.800	93.125	0.000	0.100	0.100	742.100	376.800	0.000	0.000	4.878	0.000	0.000	0.000	1.000	234.100	16.600	-117.700	-112.200	32.700	-127.700	-48.000	0.000	0.000	0.000
3738954513.366	170.375	190.592	192.240	0.000	176.966	295.135	0.000	288.637	0.000	155.000	163.000	0.000	0.000	0.000	0.000	0.000	0.000	1.000	1.000	0.000	-0.142	3.876	3.719	14817.524	-376.800	93.913	0.000	0.100	0.100	746.792	376.800	0.000	0.000	4.363	0.000	0.000	0.000	1.000	233.500	14.700	-118.200	-112.500	32.100	-127.700	-48.400	0.000	0.000	0.000
3738954523.365	170.365	190.558	192.196	0.000	176.931	295.145	0.000	288.642	0.000	155.000	163.000	0.000	0.000	0.000	0.000	0.000	0.000	1.000	1.000	0.000	-0.142	1.305	6.290	14817.524	-376.800	92.708	0.000	0.100	0.100	741.319	376.800	0.000	0.000	3.849	0.000	0.000	0.000	1.000	188.200	14.700	-117.700	-112.500	32.700	-127.700	-48.400	0.000	0.000	0.000
3738954533.364	170.338	190.516	192.137	0.000	176.899	295.136	0.000	288.642	0.000	155.000	163.000	0.000	0.000	0.000	0.000	0.000	0.000	1.000	1.000	0.000	0.161	1.305	1.149	14817.524	-376.800	93.264	0.000	0.100	0.100	745.228	376.800	0.000	0.000	3.335	0.000	0.000	0.000	1.000	184.400	15.300	-118.200	-112.500	32.700	-127.700	-48.400	0.000	0.000	0.000
3738954543.364	170.291	190.486	192.105	0.000	176.853	295.128	0.000	288.632	0.000	155.000	163.000	0.000	0.000	0.000	0.000	0.000	0.000	1.000	1.000	0.000	-0.142	3.876	6.290	14243.963	-376.800	92.847	0.000	0.100	0.100	745.228	376.800	0.000	0.000	3.335	0.000	0.000	0.000	1.000	234.100	17.200	-118.200	-112.500	31.700	-127.700	-48.400	0.000	0.000	0.000
3738954553.366	170.265	190.446	192.061	0.000	176.826	295.114	0.000	288.615	0.000	155.000	163.000	0.000	0.000	0.000	0.000	0.000	0.000	1.000	1.000	0.000	-0.142	1.305	6.290	14817.524	-376.800	92.754	0.000	0.100	0.100	747.574	376.800	0.000	0.000	3.335	0.000	0.000	0.000	1.000	197.800	15.300	-118.200	-112.500	31.700	-127.700	-48.400	0.000	0.000	0.000
3738954563.365	170.219	190.373	191.986	0.000	176.778	295.103	0.000	288.589	0.000	155.000	163.000	0.000	0.000	0.000	0.000	0.000	0.000	1.000	1.000	0.000	0.161	1.305	3.719	14527.913	-376.800	93.310	0.000	0.100	0.100	749.138	376.800	0.000	0.000	2.821	0.000	0.000	0.000	1.000	233.500	15.300	-118.200	-112.500	32.100	-127.700	-48.400	0.000	0.000	0.000
3738954573.364	170.211	190.365	191.964	0.000	176.771	295.116	0.000	288.589	0.000	155.000	163.000	0.000	0.000	0.000	0.000	0.000	0.000	1.000	1.000	0.000	-0.142	1.305	3.719	15112.908	-376.800	93.403	0.000	0.100	0.100	751.483	376.800	0.000	0.000	2.307	0.000	0.000	0.000	1.000	208.000	19.100	-117.700	-112.900	31.700	-127.700	-48.400	0.000	0.000	0.000
3738954583.364	170.133	190.275	191.879	0.000	176.712	295.104	0.000	288.573	0.000	155.000	163.000	0.000	0.000	0.000	0.000	0.000	0.000	1.000	1.000	0.000	-0.142	1.305	6.290	14817.524	-376.800	93.217	0.000	0.100	0.100	743.664	376.800	0.000	0.000	2.821	0.000	0.000	0.000	1.000	234.100	14.700	-118.200	-112.900	31.700	-127.700	-48.400	0.000	0.000	0.000
3738954593.364	170.075	190.225	191.815	0.000	176.661	295.101	0.000	288.571	0.000	155.000	163.000	0.000	0.000	0.000	0.000	0.000	0.000	1.000	1.000	0.000	0.161	3.876	1.149	15112.908	-376.800	93.402	0.000	0.100	0.100	748.356	376.800	0.000	0.000	2.307	0.000	0.000	0.000	1.000	220.700	17.900	-117.700	-112.900	32.100	-127.700	-48.400	0.000	0.000	0.000
3738954603.365	170.030	190.156	191.759	0.000	176.603	295.091	0.000	288.559	0.000	155.000	163.000	0.000	0.000	0.000	0.000	0.000	0.000	1.000	1.000	0.000	-0.142	1.305	8.861	14817.524	-376.800	93.588	0.000	0.100	0.100	741.318	376.800	0.000	0.000	11.562	0.000	0.000	0.000	1.000	235.400	14.700	-118.000	-112.900	32.100	-127.700	-48.700	0.000	0.000	0.000
3738954613.366	169.986	190.122	191.712	0.000	176.571	295.096	0.000	288.564	0.000	155.000	163.000	0.000	0.000	0.000	0.000	0.000	0.000	1.000	1.000	0.000	0.464	1.305	1.149	15112.908	-376.800	93.263	0.000	0.100	0.100	747.574	376.800	0.000	0.000	11.048	0.000	0.000	0.000	1.000	234.800	15.300	-118.200	-112.900	32.100	-127.700	-48.700	0.000	0.000	0.000
3738954623.366	169.940	190.051	191.633	0.000	176.511	295.085	0.000	288.562	0.000	155.000	163.000	0.000	0.000	0.000	0.000	0.000	0.000	1.000	1.000	0.000	-0.142	1.305	8.861	15112.908	-376.800	92.660	0.000	0.100	0.100	740.537	376.800	0.000	0.000	10.534	0.000	0.000	0.000	1.000	218.200	19.100	-118.000	-112.900	31.700	-127.700	-48.700	0.000	0.000	0.000
3738954633.365	169.904	190.010	191.592	0.000	176.487	295.095	0.000	288.552	0.000	155.000	163.000	0.000	0.000	0.000	0.000	0.000	0.000	1.000	1.000	0.000	0.161	1.305	6.290	15112.908	-376.800	93.310	0.000	0.100	0.100	747.574	376.800	0.000	0.000	9.505	0.000	0.000	0.000	1.000	220.700	18.500	-117.700	-112.900	31.700	-127.900	-48.400	0.000	0.000	0.000
3738954643.364	169.823	189.958	191.530	0.000	176.424	295.092	0.000	288.541	0.000	155.000	163.000	0.000	0.000	0.000	0.000	0.000	0.000	1.000	1.000	0.000	0.161	1.305	3.719	15112.908	-376.800	92.754	0.000	0.100	0.100	749.919	376.800	0.000	0.000	9.505	0.000	0.000	0.000	1.000	221.400	18.500	-118.000	-112.900	31.100	-128.300	-48.400	0.000	0.000	0.000
3738954653.365	169.812	189.921	191.482	0.000	176.396	295.075	0.000	288.540	0.000	155.000	163.000	0.000	0.000	0.000	0.000	0.000	0.000	1.000	1.000	0.000	0.161	3.876	-1.422	14817.524	-376.800	93.679	0.000	0.100	0.100	748.355	376.800	0.000	0.000	8.477	0.000	0.000	0.000	1.000	217.600	15.300	-118.600	-112.900	31.100	-127.900	-48.400	0.000	0.000	0.000
3738954663.364	169.762	189.876	191.437	0.000	176.346	295.065	0.000	288.548	0.000	155.000	163.000	0.000	0.000	0.000	0.000	0.000	0.000	1.000	1.000	0.000	0.161	1.305	3.719	15112.908	-376.800	93.354	0.000	0.100	0.100	742.882	376.800	0.000	0.000	8.991	0.000	0.000	0.000	1.000	201.000	14.700	-118.600	-112.900	31.700	-127.900	-48.400	0.000	0.000	0.000
3738954673.365	169.760	189.849	191.401	0.000	176.334	295.092	0.000	288.563	0.000	155.000	163.000	0.000	0.000	0.000	0.000	0.000	0.000	1.000	1.000	0.000	0.464	-1.266	3.719	14817.524	-376.800	93.679	0.000	0.100	0.100	744.446	376.800	0.000	0.000	8.477	0.000	0.000	0.000	1.000	198.400	14.700	-118.600	-112.900	31.700	-127.900	-48.700	0.000	0.000	0.000
3738954683.365	169.728	189.813	191.353	0.000	176.289	295.087	0.000	288.552	0.000	155.000	163.000	0.000	0.000	0.000	0.000	0.000	0.000	1.000	1.000	0.000	0.161	1.305	3.719	15112.908	-376.800	93.216	0.000	0.100	0.100	735.845	376.800	0.000	0.000	7.963	0.000	0.000	0.000	1.000	208.600	18.500	-118.600	-113.100	30.600	-127.900	-48.400	0.000	0.000	0.000
3738954693.364	169.707	189.750	191.282	0.000	176.259	295.084	0.000	288.537	0.000	155.000	163.000	0.000	0.000	0.000	0.000	0.000	0.000	1.000	1.000	0.000	0.161	1.305	3.719	15112.908	-376.800	92.985	0.000	0.100	0.100	746.792	376.800	0.000	0.000	7.963	0.000	0.000	0.000	1.000	218.800	15.300	-118.900	-113.100	30.600	-127.900	-48.400	0.000	0.000	0.000
3738954703.365	169.651	189.712	191.234	0.000	176.204	295.071	0.000	288.529	0.000	155.000	163.000	0.000	0.000	0.000	0.000	0.000	0.000	1.000	1.000	0.000	0.464	1.305	3.719	14817.524	-376.800	93.356	0.000	0.100	0.100	750.701	376.800	0.000	0.000	6.420	0.000	0.000	0.000	1.000	192.700	15.300	-118.200	-113.100	30.600	-128.300	-48.400	0.000	0.000	0.000
3738954713.364	169.618	189.647	191.181	0.000	176.157	295.065	0.000	288.525	0.000	155.000	163.000	0.000	0.000	0.000	0.000	0.000	0.000	1.000	1.000	0.000	0.161	-1.266	3.719	14817.524	-376.800	93.681	0.000	0.100	0.100	747.574	376.800	0.000	0.000	6.420	0.000	0.000	0.000	1.000	208.600	17.200	-118.600	-113.100	30.000	-128.300	-48.400	0.000	0.000	0.000
3738954723.365	169.593	189.624	191.157	0.000	176.142	295.077	0.000	288.533	0.000	155.000	163.000	0.000	0.000	0.000	0.000	0.000	0.000	1.000	1.000	0.000	0.161	3.876	6.290	14817.524	-376.800	93.078	0.000	0.100	0.100	737.409	376.800	0.000	0.000	5.906	0.000	0.000	0.000	1.000	200.300	14.700	-118.600	-113.100	30.000	-128.300	-48.700	0.000	0.000	0.000
3738954733.364	169.566	189.585	191.103	0.000	176.113	295.089	0.000	288.512	0.000	155.000	163.000	0.000	0.000	0.000	0.000	0.000	0.000	1.000	1.000	0.000	0.161	1.305	6.290	14817.524	-376.800	92.799	0.000	0.100	0.100	731.154	376.800	0.000	0.000	5.906	0.000	0.000	0.000	1.000	184.400	15.300	-118.200	-113.100	30.600	-128.300	-48.400	0.000	0.000	0.000
3738954743.364	169.529	189.549	191.052	0.000	176.071	295.086	0.000	288.515	0.000	155.000	163.000	0.000	0.000	0.000	0.000	0.000	0.000	1.000	1.000	0.000	0.464	1.305	3.719	14527.913	-376.800	93.077	0.000	0.100	0.100	746.792	376.800	0.000	0.000	5.392	0.000	0.000	0.000	1.000	208.600	14.700	-118.900	-113.100	30.000	-128.300	-49.200	0.000	0.000	0.000
3738954753.365	169.482	189.496	190.990	0.000	176.027	295.083	0.000	288.511	0.000	155.000	163.000	0.000	0.000	0.000	0.000	0.000	0.000	1.000	1.000	0.000	0.464	1.305	3.719	14527.913	-376.800	93.308	0.000	0.100	0.100	737.409	376.800	0.000	0.000	4.878	0.000	0.000	0.000	1.000	188.200	17.200	-118.600	-113.100	29.500	-128.300	-49.200	0.000	0.000	0.000
3738954763.365	169.461	189.461	190.960	0.000	176.009	295.109	0.000	288.533	0.000	155.000	163.000	0.000	0.000	0.000	0.000	0.000	0.000	1.000	1.000	0.000	-0.142	1.305	3.719	14817.524	-376.800	93.170	0.000	0.100	0.100	744.446	376.800	0.000	0.000	4.878	0.000	0.000	0.000	1.000	198.400	14.000	-118.200	-113.100	30.000	-128.300	-49.200	0.000	0.000	0.000
3738954773.365	169.422	189.423	190.907	0.000	175.978	295.116	0.000	288.515	0.000	155.000	163.000	0.000	0.000	0.000	0.000	0.000	0.000	1.000	1.000	0.000	0.464	1.305	3.719	15112.908	-376.800	93.355	0.000	0.100	0.100	746.792	376.800	0.000	0.000	4.878	0.000	0.000	0.000	1.000	199.100	14.700	-118.900	-113.100	30.000	-128.300	-49.500	0.000	0.000	0.000
3738954783.364	169.430	189.403	190.865	0.000	175.944	295.116	0.000	288.513	0.000	155.000	163.000	0.000	0.000	0.000	0.000	0.000	0.000	1.000	1.000	0.000	0.161	3.876	3.719	15414.181	-376.800	93.216	0.000	0.100	0.100	749.919	376.800	0.000	0.000	3.849	0.000	0.000	0.000	1.000	228.400	17.200	-118.200	-113.100	29.500	-128.300	-49.200	0.000	0.000	0.000
3738954793.365	169.403	189.367	190.832	0.000	175.934	295.110	0.000	288.517	0.000	155.000	163.000	0.000	0.000	0.000	0.000	0.000	0.000	1.000	1.000	0.000	-0.142	3.876	3.719	14527.913	-376.800	92.845	0.000	0.100	0.100	753.829	376.800	0.000	0.000	3.335	0.000	0.000	0.000	1.000	208.000	17.900	-118.600	-113.400	28.900	-128.300	-49.200	0.000	0.000	0.000
3738954803.366	169.383	189.320	190.786	0.000	175.902	295.128	0.000	288.507	0.000	155.000	163.000	0.000	0.000	0.000	0.000	0.000	0.000	1.000	1.000	0.000	0.161	3.876	8.861	15112.908	-376.800	93.772	0.000	0.100	0.100	739.754	376.800	0.000	0.000	3.335	0.000	0.000	0.000	1.000	223.900	14.700	-118.900	-113.100	30.000	-128.300	-49.200	0.000	0.000	0.000
3738954813.365	169.349	189.281	190.747	0.000	175.862	295.126	0.000	288.509	0.000	155.000	163.000	0.000	0.000	0.000	0.000	0.000	0.000	1.000	1.000	0.000	0.161	1.305	3.719	14817.524	-376.800	93.124	0.000	0.100	0.100	755.393	376.800	0.000	0.000	2.821	0.000	0.000	0.000	1.000	218.800	18.500	-118.900	-113.100	28.900	-128.300	-49.200	0.000	0.000	0.000
3738954823.365	169.354	189.256	190.706	0.000	175.840	295.115	0.000	288.504	0.000	155.000	163.000	0.000	0.000	0.000	0.000	0.000	0.000	1.000	1.000	0.000	0.161	6.446	3.719	14527.913	-376.800	93.911	0.000	0.100	0.100	751.483	376.800	0.000	0.000	1.792	0.000	0.000	0.000	1.000	188.200	17.900	-118.200	-113.400	28.400	-128.300	-49.200	0.000	0.000	0.000
3738954833.365	169.317	189.220	190.656	0.000	175.816	295.105	0.000	288.519	0.000	155.000	163.000	0.000	0.000	0.000	0.000	0.000	0.000	1.000	1.000	0.000	0.161	3.876	3.719	14817.524	-376.800	93.262	0.000	0.100	0.100	746.010	376.800	0.000	0.000	1.792	0.000	0.000	0.000	1.000	198.400	14.700	-119.100	-113.400	28.900	-128.300	-49.200	0.000	0.000	0.000
3738954843.364	169.283	189.154	190.597	0.000	175.745	295.091	0.000	288.491	0.000	155.000	163.000	0.000	0.000	0.000	0.000	0.000	0.000	1.000	1.000	0.000	-0.142	1.305	3.719	14817.524	-376.800	93.216	0.000	0.100	0.100	747.573	376.800	0.000	0.000	8.477	0.000	0.000	0.000	1.000	190.800	17.200	-118.900	-113.400	28.400	-128.300	-49.500	0.000	0.000	0.000
3738954853.365	169.265	189.129	190.553	0.000	175.724	295.098	0.000	288.491	0.000	155.000	163.000	0.000	0.000	0.000	0.000	0.000	0.000	1.000	1.000	0.000	0.161	1.305	6.290	15112.908	-376.800	93.540	0.000	0.100	0.100	747.573	376.800	0.000	0.000	10.534	0.000	0.000	0.000	1.000	192.700	18.500	-118.600	-113.400	28.900	-128.500	-49.200	0.000	0.000	0.000
3738954863.365	169.224	189.081	190.496	0.000	175.690	295.082	0.000	288.483	0.000	155.000	163.000	0.000	0.000	0.000	0.000	0.000	0.000	1.000	1.000	0.000	0.161	1.305	3.719	14817.524	-376.800	93.448	0.000	0.100	0.100	741.318	376.800	0.000	0.000	10.020	0.000	0.000	0.000	1.000	214.400	17.200	-118.200	-113.400	29.500	-128.500	-49.200	0.000	0.000	0.000
3738954873.364	169.217	189.046	190.454	0.000	175.657	295.092	0.000	288.477	0.000	155.000	163.000	0.000	0.000	0.000	0.000	0.000	0.000	1.000	1.000	0.000	0.464	1.305	3.719	15112.908	-376.800	93.169	0.000	0.100	0.100	745.228	376.800	0.000	0.000	10.020	0.000	0.000	0.000	1.000	203.500	17.900	-118.600	-113.400	28.400	-128.500	-49.200	0.000	0.000	0.000
3738954883.365	169.141	188.982	190.388	0.000	175.599	295.081	0.000	288.462	0.000	155.000	163.000	0.000	0.000	0.000	0.000	0.000	0.000	1.000	1.000	0.000	0.161	1.305	3.719	14817.524	-376.800	93.123	0.000	0.100	0.100	744.446	376.800	0.000	0.000	8.991	0.000	0.000	0.000	1.000	229.000	15.300	-119.500	-113.400	29.500	-128.500	-49.200	0.000	0.000	0.000
3738954893.364	169.106	188.950	190.356	0.000	175.558	295.083	0.000	288.463	0.000	155.000	163.000	0.000	0.000	0.000	0.000	0.000	0.000	1.000	1.000	0.000	-0.142	1.305	3.719	15112.908	-376.800	92.799	0.000	0.100	0.100	745.228	376.800	0.000	0.000	8.477	0.000	0.000	0.000	1.000	223.900	18.500	-118.600	-113.400	28.400	-128.500	-48.700	0.000	0.000	0.000
3738954903.366	169.057	188.901	190.271	0.000	175.517	295.105	0.000	288.466	0.000	155.000	163.000	0.000	0.000	0.000	0.000	0.000	0.000	1.000	1.000	0.000	-0.142	1.305	3.719	14817.524	-376.800	94.421	0.000	0.100	0.100	750.701	376.800	0.000	0.000	8.477	0.000	0.000	0.000	1.000	182.500	17.900	-118.600	-113.400	28.400	-128.500	-49.200	0.000	0.000	0.000
3738954913.364	169.026	188.868	190.246	0.000	175.506	295.111	0.000	288.466	0.000	155.000	163.000	0.000	0.000	0.000	0.000	0.000	0.000	1.000	1.000	0.000	0.464	6.446	3.719	14817.524	-376.800	93.216	0.000	0.100	0.100	746.792	376.800	0.000	0.000	8.477	0.000	0.000	0.000	1.000	215.000	14.700	-118.600	-113.400	29.500	-128.500	-49.200	0.000	0.000	0.000
3738954923.364	169.023	188.837	190.212	0.000	175.492	295.127	0.000	288.475	0.000	155.000	163.000	0.000	0.000	0.000	0.000	0.000	0.000	1.000	1.000	0.000	0.161	3.876	3.719	15112.908	-376.800	93.957	0.000	0.100	0.100	746.009	376.800	0.000	0.000	7.963	0.000	0.000	0.000	1.000	228.400	14.700	-119.100	-113.400	29.500	-128.500	-49.200	0.000	0.000	0.000
3738954933.364	168.996	188.819	190.181	0.000	175.468	295.136	0.000	288.464	0.000	155.000	163.000	0.000	0.000	0.000	0.000	0.000	0.000	1.000	1.000	0.000	-0.142	1.305	3.719	15112.908	-376.800	93.818	0.000	0.100	0.100	748.355	376.800	0.000	0.000	7.449	0.000	0.000	0.000	1.000	205.400	17.900	-118.900	-113.700	28.400	-128.500	-49.200	0.000	0.000	0.000
3738954943.366	168.969	188.774	190.141	0.000	175.431	295.143	0.000	288.470	0.000	155.000	163.000	0.000	0.000	0.000	0.000	0.000	0.000	1.000	1.000	0.000	0.161	3.876	6.290	15112.908	-376.800	92.892	0.000	0.100	0.100	735.845	376.800	0.000	0.000	6.934	0.000	0.000	0.000	1.000	195.900	17.900	-119.500	-113.700	28.400	-128.500	-49.200	0.000	0.000	0.000
3738954953.366	168.916	188.726	190.080	0.000	175.376	295.137	0.000	288.466	0.000	155.000	163.000	0.000	0.000	0.000	0.000	0.000	0.000	1.000	1.000	0.000	-0.142	-1.266	3.719	14527.913	-376.800	92.940	0.000	0.100	0.100	746.792	376.800	0.000	0.000	6.934	0.000	0.000	0.000	1.000	208.000	18.500	-118.600	-113.700	28.400	-128.500	-49.200	0.000	0.000	0.000
3738954963.365	168.879	188.671	190.024	0.000	175.342	295.126	0.000	288.460	0.000	155.000	163.000	0.000	0.000	0.000	0.000	0.000	0.000	1.000	1.000	0.000	-0.142	-1.266	6.290	14817.524	-376.800	93.218	0.000	0.100	0.100	743.664	376.800	0.000	0.000	5.906	0.000	0.000	0.000	1.000	223.900	18.500	-118.600	-113.700	28.400	-128.500	-48.400	0.000	0.000	0.000
3738954973.365	168.883	188.657	189.987	0.000	175.315	295.140	0.000	288.460	0.000	155.000	163.000	0.000	0.000	0.000	0.000	0.000	0.000	1.000	1.000	0.000	0.161	1.305	8.861	14817.524	-376.800	92.522	0.000	0.100	0.100	742.101	376.800	0.000	0.000	5.906	0.000	0.000	0.000	1.000	230.300	15.300	-119.500	-113.700	28.400	-128.500	-49.200	0.000	0.000	0.000
3738954983.366	168.856	188.602	189.930	0.000	175.268	295.127	0.000	288.438	0.000	155.000	163.000	0.000	0.000	0.000	0.000	0.000	0.000	1.000	1.000	0.000	-0.142	6.446	3.719	14817.524	-376.800	93.774	0.000	0.100	0.100	746.010	376.800	0.000	0.000	4.878	0.000	0.000	0.000	1.000	183.100	15.300	-119.500	-113.700	28.400	-128.500	-49.200	0.000	0.000	0.000
3738954993.365	168.820	188.572	189.875	0.000	175.234	295.107	0.000	288.436	0.000	155.000	163.000	0.000	0.000	0.000	0.000	0.000	0.000	1.000	1.000	0.000	0.464	6.446	3.719	14527.913	-376.800	92.661	0.000	0.100	0.100	744.447	376.800	0.000	0.000	5.392	0.000	0.000	0.000	1.000	208.600	15.300	-119.500	-113.700	29.500	-128.500	-48.700	0.000	0.000	0.000
3738955003.365	168.795	188.510	189.834	0.000	175.189	295.107	0.000	288.427	0.000	155.000	163.000	0.000	0.000	0.000	0.000	0.000	0.000	1.000	1.000	0.000	0.161	-1.266	1.149	15112.908	-376.800	92.800	0.000	0.100	0.100	745.228	376.800	0.000	0.000	5.392	0.000	0.000	0.000	1.000	203.500	15.300	-119.700	-113.700	28.400	-128.500	-48.700	0.000	0.000	0.000
3738955013.364	168.753	188.486	189.796	0.000	175.175	295.104	0.000	288.422	0.000	155.000	163.000	0.000	0.000	0.000	0.000	0.000	0.000	1.000	1.000	0.000	-0.142	1.305	6.290	14817.524	-376.800	93.077	0.000	0.100	0.100	739.754	376.800	0.000	0.000	4.878	0.000	0.000	0.000	1.000	230.300	14.000	-119.500	-113.700	29.500	-128.500	-48.700	0.000	0.000	0.000
3738955023.364	168.722	188.430	189.737	0.000	175.111	295.102	0.000	288.416	0.000	155.000	163.000	0.000	0.000	0.000	0.000	0.000	0.000	1.000	1.000	0.000	0.161	-1.266	3.719	15112.908	-376.800	92.845	0.000	0.100	0.100	746.792	376.800	0.000	0.000	3.849	0.000	0.000	0.000	1.000	214.400	14.000	-118.900	-113.700	29.500	-128.800	-48.700	0.000	0.000	0.000
3738955033.365	168.714	188.420	189.689	0.000	175.096	295.107	0.000	288.424	0.000	155.000	163.000	0.000	0.000	0.000	0.000	0.000	0.000	1.000	1.000	0.000	-0.142	1.305	6.290	14817.524	-376.800	93.587	0.000	0.100	0.100	743.664	376.800	0.000	0.000	2.821	0.000	0.000	0.000	1.000	193.300	14.700	-119.100	-113.700	29.500	-128.800	-48.700	0.000	0.000	0.000
3738955043.365	168.685	188.366	189.651	0.000	175.049	295.105	0.000	288.419	0.000	155.000	163.000	0.000	0.000	0.000	0.000	0.000	0.000	1.000	1.000	0.000	0.161	1.305	1.149	14817.524	-376.800	93.587	0.000	0.100	0.100	748.355	376.800	0.000	0.000	2.821	0.000	0.000	0.000	1.000	182.500	14.700	-119.700	-113.700	28.900	-128.800	-49.200	0.000	0.000	0.000
3738955053.366	168.646	188.352	189.612	0.000	175.023	295.104	0.000	288.413	0.000	155.000	163.000	0.000	0.000	0.000	0.000	0.000	0.000	1.000	1.000	0.000	0.464	3.876	1.149	14817.524	-376.800	93.263	0.000	0.100	0.100	742.100	376.800	0.000	0.000	2.821	0.000	0.000	0.000	1.000	205.400	18.500	-118.900	-114.000	28.900	-128.800	-48.400	0.000	0.000	0.000
3738955063.364	168.631	188.327	189.587	0.000	175.000	295.100	0.000	288.413	0.000	155.000	163.000	0.000	0.000	0.000	0.000	0.000	0.000	1.000	1.000	0.000	-0.142	3.876	3.719	15112.908	-376.800	92.336	0.000	0.100	0.100	743.664	376.800	0.000	0.000	2.821	0.000	0.000	0.000	1.000	202.900	14.700	-119.700	-114.000	28.900	-128.800	-49.200	0.000	0.000	0.000
3738955073.364	168.610	188.271	189.518	0.000	174.973	295.099	0.000	288.408	0.000	155.000	163.000	0.000	0.000	0.000	0.000	0.000	0.000	1.000	1.000	0.000	0.161	1.305	3.719	15112.908	-376.800	93.263	0.000	0.100	0.100	747.573	376.800	0.000	0.000	2.821	0.000	0.000	0.000	1.000	201.000	14.000	-119.700	-114.000	29.500	-128.800	-49.200	0.000	0.000	0.000
3738955083.364	168.578	188.249	189.484	0.000	174.949	295.106	0.000	288.402	0.000	155.000	163.000	0.000	0.000	0.000	0.000	0.000	0.000	1.000	1.000	0.000	-0.142	1.305	3.719	14817.524	-376.800	93.263	0.000	0.100	0.100	750.701	376.800	0.000	0.000	4.878	0.000	0.000	0.000	1.000	187.600	14.700	-119.700	-114.000	29.500	-128.800	-48.700	0.000	0.000	0.000
3738955093.364	168.533	188.211	189.441	0.000	174.907	295.103	0.000	288.394	0.000	155.000	163.000	0.000	0.000	0.000	0.000	0.000	0.000	1.000	1.000	0.000	0.161	1.305	6.290	14817.524	-376.800	93.310	0.000	0.100	0.100	750.701	376.800	0.000	0.000	10.534	0.000	0.000	0.000	1.000	208.000	16.000	-119.500	-114.000	29.500	-128.800	-48.400	0.000	0.000	0.000
3738955103.364	168.502	188.155	189.380	0.000	174.863	295.089	0.000	288.381	0.000	155.000	163.000	0.000	0.000	0.000	0.000	0.000	0.000	1.000	1.000	0.000	0.161	1.305	6.290	14527.913	-376.800	93.310	0.000	0.100	0.100	746.792	376.800	0.000	0.000	11.048	0.000	0.000	0.000	1.000	205.400	18.500	-119.100	-114.000	28.900	-129.000	-48.700	0.000	0.000	0.000
3738955113.365	168.483	188.121	189.326	0.000	174.828	295.094	0.000	288.380	0.000	155.000	163.000	0.000	0.000	0.000	0.000	0.000	0.000	1.000	1.000	0.000	0.161	1.305	6.290	15112.908	-376.800	93.681	0.000	0.100	0.100	747.574	376.800	0.000	0.000	10.534	0.000	0.000	0.000	1.000	218.200	15.300	-119.500	-114.000	30.000	-128.800	-48.700	0.000	0.000	0.000
3738955123.365	168.426	188.063	189.262	0.000	174.777	295.077	0.000	288.367	0.000	155.000	163.000	0.000	0.000	0.000	0.000	0.000	0.000	1.000	1.000	0.000	0.464	3.876	3.719	14817.524	-376.800	93.310	0.000	0.100	0.100	752.265	376.800	0.000	0.000	10.020	0.000	0.000	0.000	1.000	228.400	17.900	-119.500	-114.000	28.900	-128.800	-48.400	0.000	0.000	0.000
3738955133.365	168.396	188.012	189.233	0.000	174.751	295.077	0.000	288.361	0.000	155.000	163.000	0.000	0.000	0.000	0.000	0.000	0.000	1.000	1.000	0.000	0.161	3.876	6.290	14817.524	-376.800	92.522	0.000	0.100	0.100	741.319	376.800	0.000	0.000	8.991	0.000	0.000	0.000	1.000	208.600	15.300	-119.500	-114.000	30.000	-129.000	-48.400	0.000	0.000	0.000
3738955143.365	168.353	187.986	189.186	0.000	174.723	295.076	0.000	288.342	0.000	155.000	163.000	0.000	0.000	0.000	0.000	0.000	0.000	1.000	1.000	0.000	-0.142	1.305	6.290	15112.908	-376.800	93.216	0.000	0.100	0.100	749.138	376.800	0.000	0.000	8.991	0.000	0.000	0.000	1.000	222.000	17.200	-119.100	-114.000	29.500	-129.000	-48.400	0.000	0.000	0.000
3738955153.364	168.337	187.958	189.156	0.000	174.690	295.089	0.000	288.345	0.000	155.000	163.000	0.000	0.000	0.000	0.000	0.000	0.000	1.000	1.000	0.000	0.161	1.305	3.719	14817.524	-376.800	93.494	0.000	0.100	0.100	742.100	376.800	0.000	0.000	7.963	0.000	0.000	0.000	1.000	229.700	14.000	-120.000	-114.000	29.500	-128.800	-48.400	0.000	0.000	0.000
3738955163.366	168.318	187.928	189.109	0.000	174.664	295.082	0.000	288.361	0.000	155.000	163.000	0.000	0.000	0.000	0.000	0.000	0.000	1.000	1.000	0.000	0.464	1.305	3.719	15112.908	-376.800	93.077	0.000	0.100	0.100	737.409	376.800	0.000	0.000	7.963	0.000	0.000	0.000	1.000	190.800	18.500	-119.500	-114.300	29.500	-129.000	-48.400	0.000	0.000	0.000
3738955173.366	168.286	187.873	189.046	0.000	174.612	295.075	0.000	288.347	0.000	155.000	163.000	0.000	0.000	0.000	0.000	0.000	0.000	1.000	1.000	0.000	0.161	1.305	6.290	15112.908	-376.800	93.588	0.000	0.100	0.100	738.191	376.800	0.000	0.000	7.449	0.000	0.000	0.000	1.000	229.000	18.500	-119.500	-114.300	29.500	-129.000	-48.700	0.000	0.000	0.000
3738955183.364	168.261	187.837	189.010	0.000	174.603	295.087	0.000	288.341	0.000	155.000	163.000	0.000	0.000	0.000	0.000	0.000	0.000	1.000	1.000	0.000	-0.142	1.305	3.719	14817.524	-376.800	94.145	0.000	0.100	0.100	749.137	376.800	0.000	0.000	6.934	0.000	0.000	0.000	1.000	190.800	15.300	-119.700	-114.000	30.000	-129.000	-48.400	0.000	0.000	0.000
3738955193.364	168.247	187.809	188.974	0.000	174.566	295.081	0.000	288.331	0.000	155.000	163.000	0.000	0.000	0.000	0.000	0.000	0.000	1.000	1.000	0.000	0.464	-1.266	1.149	15112.908	-376.800	93.449	0.000	0.100	0.100	747.574	376.800	0.000	0.000	6.934	0.000	0.000	0.000	1.000	228.400	15.300	-119.700	-114.300	30.000	-129.000	-48.400	0.000	0.000	0.000
3738955203.365	168.217	187.776	188.937	0.000	174.555	295.094	0.000	288.340	0.000	155.000	163.000	0.000	0.000	0.000	0.000	0.000	0.000	1.000	1.000	0.000	0.464	1.305	6.290	15112.908	-376.800	93.077	0.000	0.100	0.100	748.356	376.800	0.000	0.000	6.420	0.000	0.000	0.000	1.000	178.600	14.700	-120.000	-114.300	29.500	-129.000	-48.400	0.000	0.000	0.000
3738955213.365	168.199	187.734	188.882	0.000	174.515	295.079	0.000	288.332	0.000	155.000	163.000	0.000	0.000	0.000	0.000	0.000	0.000	1.000	1.000	0.000	0.161	3.876	1.149	14817.524	-376.800	93.401	0.000	0.100	0.100	747.574	376.800	0.000	0.000	5.906	0.000	0.000	0.000	1.000	227.100	15.300	-120.000	-114.300	30.000	-129.000	-48.400	0.000	0.000	0.000
3738955223.364	168.188	187.710	188.843	0.000	174.494	295.082	0.000	288.324	0.000	155.000	163.000	0.000	0.000	0.000	0.000	0.000	0.000	1.000	1.000	0.000	-0.142	6.446	1.149	15112.908	-376.800	93.031	0.000	0.100	0.100	747.573	376.800	0.000	0.000	5.392	0.000	0.000	0.000	1.000	218.800	14.000	-119.500	-114.300	29.500	-129.000	-48.400	0.000	0.000	0.000
3738955233.365	168.111	187.646	188.781	0.000	174.441	295.071	0.000	288.324	0.000	155.000	163.000	0.000	0.000	0.000	0.000	0.000	0.000	1.000	1.000	0.000	-0.142	3.876	3.719	15112.908	-376.800	93.124	0.000	0.100	0.100	738.190	376.800	0.000	0.000	4.878	0.000	0.000	0.000	1.000	223.900	17.900	-119.700	-114.300	28.900	-129.000	-48.400	0.000	0.000	0.000
3738955243.365	168.073	187.604	188.728	0.000	174.391	295.073	0.000	288.317	0.000	155.000	163.000	0.000	0.000	0.000	0.000	0.000	0.000	1.000	1.000	0.000	0.464	-1.266	8.861	14817.524	-376.800	93.634	0.000	0.100	0.100	736.627	376.800	0.000	0.000	4.878	0.000	0.000	0.000	1.000	220.100	16.000	-120.000	-114.300	29.500	-129.000	-48.400	0.000	0.000	0.000
3738955253.365	168.022	187.549	188.670	0.000	174.351	295.058	0.000	288.317	0.000	155.000	163.000	0.000	0.000	0.000	0.000	0.000	0.000	1.000	1.000	0.000	0.161	1.305	1.149	15112.908	-376.800	93.264	0.000	0.100	0.100	737.409	376.800	0.000	0.000	4.363	0.000	0.000	0.000	1.000	199.700	17.900	-119.500	-114.300	29.500	-129.400	-48.000	0.000	0.000	0.000
3738955263.365	167.986	187.502	188.616	0.000	174.314	295.065	0.000	288.314	0.000	155.000	163.000	0.000	0.000	0.000	0.000	0.000	0.000	1.000	1.000	0.000	0.161	3.876	3.719	14817.524	-376.800	92.754	0.000	0.100	0.100	742.101	376.800	0.000	0.000	3.849	0.000	0.000	0.000	1.000	193.300	14.000	-120.000	-114.300	29.500	-129.000	-48.400	0.000	0.000	0.000
3738955273.366	167.931	187.449	188.571	0.000	174.267	295.070	0.000	288.306	0.000	155.000	163.000	0.000	0.000	0.000	0.000	0.000	0.000	1.000	1.000	0.000	0.161	3.876	1.149	14817.524	-376.800	92.707	0.000	0.100	0.100	751.483	376.800	0.000	0.000	3.849	0.000	0.000	0.000	1.000	212.500	17.200	-120.000	-114.600	29.500	-129.400	-48.400	0.000	0.000	0.000
3738955283.364	167.911	187.399	188.513	0.000	174.245	295.071	0.000	288.302	0.000	155.000	163.000	0.000	0.000	0.000	0.000	0.000	0.000	1.000	1.000	0.000	0.161	1.305	1.149	14817.524	-376.800	93.633	0.000	0.100	0.100	746.792	376.800	0.000	0.000	3.335	0.000	0.000	0.000	1.000	227.100	15.300	-120.000	-114.300	30.600	-129.400	-48.400	0.000	0.000	0.000
3738955293.365	167.860	187.349	188.448	0.000	174.193	295.049	0.000	288.281	0.000	155.000	163.000	0.000	0.000	0.000	0.000	0.000	0.000	1.000	1.000	0.000	-0.142	3.876	6.290	15112.908	-376.800	93.494	0.000	0.100	0.100	744.446	376.800	0.000	0.000	2.307	0.000	0.000	0.000	1.000	203.500	16.600	-120.000	-114.600	29.500	-129.400	-48.400	0.000	0.000	0.000
3738955303.364	167.840	187.323	188.430	0.000	174.184	295.059	0.000	288.290	0.000	155.000	163.000	0.000	0.000	0.000	0.000	0.000	0.000	1.000	1.000	0.000	-0.142	-1.266	3.719	15112.908	-376.800	93.449	0.000	0.100	0.100	745.228	376.800	0.000	0.000	3.335	0.000	0.000	0.000	1.000	179.900	14.000	-119.700	-114.300	30.600	-129.400	-48.400	0.000	0.000	0.000
3738955313.364	167.816	187.263	188.370	0.000	174.146	295.069	0.000	288.277	0.000	155.000	163.000	0.000	0.000	0.000	0.000	0.000	0.000	1.000	1.000	0.000	0.161	3.876	1.149	15112.908	-376.800	92.429	0.000	0.100	0.100	741.319	376.800	0.000	0.000	2.821	0.000	0.000	0.000	1.000	195.900	16.000	-119.700	-114.600	30.000	-129.400	-48.400	0.000	0.000	0.000
3738955323.365	167.830	187.261	188.355	0.000	174.134	295.090	0.000	288.291	0.000	155.000	163.000	0.000	0.000	0.000	0.000	0.000	0.000	1.000	1.000	0.000	0.161	-1.266	3.719	15112.908	-376.800	92.893	0.000	0.100	0.100	738.973	376.800	0.000	0.000	1.792	0.000	0.000	0.000	1.000	192.700	14.700	-120.600	-114.600	30.000	-129.400	-48.700	0.000	0.000	0.000
3738955333.365	167.814	187.233	188.314	0.000	174.109	295.091	0.000	288.281	0.000	155.000	163.000	0.000	0.000	0.000	0.000	0.000	0.000	1.000	1.000	0.000	-0.142	1.305	3.719	14817.524	-376.800	92.938	0.000	0.100	0.100	746.010	376.800	0.000	0.000	10.534	0.000	0.000	0.000	1.000	188.200	14.700	-120.200	-114.600	30.600	-129.400	-48.700	0.000	0.000	0.000
3738955343.364	167.783	187.198	188.276	0.000	174.083	295.091	0.000	288.279	0.000	155.000	163.000	0.000	0.000	0.000	0.000	0.000	0.000	1.000	1.000	0.000	-0.142	1.305	6.290	15112.908	-376.800	92.938	0.000	0.100	0.100	738.191	376.800	0.000	0.000	10.020	0.000	0.000	0.000	1.000	188.200	18.500	-119.700	-114.800	30.000	-129.400	-48.400	0.000	0.000	0.000
3738955353.364	167.740	187.152	188.226	0.000	174.048	295.088	0.000	288.273	0.000	155.000	163.000	0.000	0.000	0.000	0.000	0.000	0.000	1.000	1.000	0.000	0.161	3.876	8.861	15112.908	-376.800	93.819	0.000	0.100	0.100	738.973	376.800	0.000	0.000	10.534	0.000	0.000	0.000	1.000	199.700	17.900	-120.000	-114.800	30.000	-129.400	-48.400	0.000	0.000	0.000
3738955363.364	167.727	187.117	188.182	0.000	174.009	295.100	0.000	288.260	0.000	155.000	163.000	0.000	0.000	0.000	0.000	0.000	0.000	1.000	1.000	0.000	0.464	1.305	3.719	14817.524	-376.800	93.263	0.000	0.100	0.100	740.536	376.800	0.000	0.000	10.534	0.000	0.000	0.000	1.000	176.700	14.700	-120.200	-114.600	31.100	-129.400	-48.400	0.000	0.000	0.000
3738955373.365	167.685	187.073	188.137	0.000	173.977	295.095	0.000	288.264	0.000	155.000	163.000	0.000	0.000	0.000	0.000	0.000	0.000	1.000	1.000	0.000	0.766	6.446	3.719	14527.913	-376.800	92.707	0.000	0.100	0.100	746.792	376.800	0.000	0.000	9.505	0.000	0.000	0.000	1.000	211.800	17.900	-120.000	-114.800	30.000	-129.400	-48.400	0.000	0.000	0.000
3738955383.365	167.672	187.035	188.089	0.000	173.935	295.101	0.000	288.267	0.000	155.000	163.000	0.000	0.000	0.000	0.000	0.000	0.000	1.000	1.000	0.000	-0.142	1.305	3.719	14817.524	-376.800	93.217	0.000	0.100	0.100	741.318	376.800	0.000	0.000	8.477	0.000	0.000	0.000	1.000	210.500	14.000	-120.200	-114.800	31.100	-129.400	-48.700	0.000	0.000	0.000
3738955393.365	167.663	187.022	188.049	0.000	173.916	295.104	0.000	288.265	0.000	155.000	163.000	0.000	0.000	0.000	0.000	0.000	0.000	1.000	1.000	0.000	0.161	1.305	3.719	14817.524	-376.800	93.680	0.000	0.100	0.100	739.755	376.800	0.000	0.000	8.477	0.000	0.000	0.000	1.000	181.200	14.000	-120.200	-114.800	31.100	-129.400	-49.200	0.000	0.000	0.000
3738955403.366	167.632	186.975	188.014	0.000	173.892	295.108	0.000	288.258	0.000	155.000	163.000	0.000	0.000	0.000	0.000	0.000	0.000	1.000	1.000	0.000	0.161	1.305	1.149	14817.524	-376.800	93.911	0.000	0.100	0.100	753.828	376.800	0.000	0.000	8.477	0.000	0.000	0.000	1.000	208.600	15.300	-120.600	-114.800	30.600	-129.400	-49.200	0.000	0.000	0.000
3738955413.364	167.589	186.946	187.953	0.000	173.860	295.106	0.000	288.257	0.000	155.000	163.000	0.000	0.000	0.000	0.000	0.000	0.000	1.000	1.000	0.000	0.766	1.305	1.149	14817.524	-376.800	93.494	0.000	0.100	0.100	748.356	376.800	0.000	0.000	7.963	0.000	0.000	0.000	1.000	185.000	17.200	-120.200	-114.800	30.600	-129.400	-48.700	0.000	0.000	0.000
3738955423.365	167.572	186.896	187.923	0.000	173.831	295.113	0.000	287.817	0.000	155.000	163.000	0.000	0.000	0.000	0.000	0.000	0.000	1.000	1.000	0.000	0.161	-1.266	3.719	15112.908	-376.800	92.891	0.000	0.100	0.100	749.137	376.800	0.000	0.000	7.449	0.000	0.000	0.000	1.000	187.600	14.700	-120.600	-114.800	30.600	-129.400	-49.200	0.000	0.000	0.000
3738955433.366	167.556	186.884	187.888	0.000	173.812	295.117	0.000	288.002	0.000	155.000	163.000	0.000	0.000	0.000	0.000	0.000	0.000	1.000	1.000	0.000	-0.142	1.305	-1.422	14817.524	-376.800	93.171	0.000	0.100	0.100	745.228	376.800	0.000	0.000	7.449	0.000	0.000	0.000	1.000	182.500	16.000	-120.000	-114.800	31.700	-129.400	-48.400	0.000	0.000	0.000
3738955443.365	167.515	186.823	187.835	0.000	173.771	295.098	0.000	288.074	0.000	155.000	163.000	0.000	0.000	0.000	0.000	0.000	0.000	1.000	1.000	0.000	-0.142	1.305	6.290	14817.524	-376.800	93.171	0.000	0.100	0.100	753.829	376.800	0.000	0.000	6.934	0.000	0.000	0.000	1.000	220.700	14.700	-120.600	-114.800	31.100	-129.400	-48.400	0.000	0.000	0.000
3738955453.364	167.493	186.793	187.787	0.000	173.758	295.110	0.000	288.127	0.000	155.000	163.000	0.000	0.000	0.000	0.000	0.000	0.000	1.000	1.000	0.000	0.161	6.446	3.719	15112.908	-376.800	93.264	0.000	0.100	0.100	742.882	376.800	0.000	0.000	6.420	0.000	0.000	0.000	1.000	218.800	14.000	-120.000	-114.800	31.700	-129.400	-48.700	0.000	0.000	0.000
3738955463.364	167.463	186.740	187.711	0.000	173.693	295.103	0.000	288.124	0.000	155.000	163.000	0.000	0.000	0.000	0.000	0.000	0.000	1.000	1.000	0.000	-0.445	1.305	3.719	15112.908	-376.800	94.144	0.000	0.100	0.100	749.137	376.800	0.000	0.000	5.906	0.000	0.000	0.000	1.000	223.900	18.500	-120.000	-114.800	31.100	-129.400	-48.400	0.000	0.000	0.000
3738955473.364	167.455	186.726	187.697	0.000	173.682	295.105	0.000	288.146	0.000	155.000	163.000	0.000	0.000	0.000	0.000	0.000	0.000	1.000	1.000	0.000	-0.445	3.876	3.719	14817.524	-376.800	93.170	0.000	0.100	0.100	744.446	376.800	0.000	0.000	5.392	0.000	0.000	0.000	1.000	179.900	15.300	-120.000	-114.800	32.100	-129.400	-48.700	0.000	0.000	0.000
3738955483.365	167.428	186.681	187.640	0.000	173.658	295.101	0.000	288.138	0.000	155.000	163.000	0.000	0.000	0.000	0.000	0.000	0.000	1.000	1.000	0.000	-0.142	1.305	6.290	14817.524	-376.800	93.818	0.000	0.100	0.100	746.792	376.800	0.000	0.000	4.363	0.000	0.000	0.000	1.000	213.700	13.400	-120.600	-115.200	31.100	-129.400	-49.200	0.000	0.000	0.000
3738955493.365	167.405	186.644	187.607	0.000	173.625	295.099	0.000	288.135	0.000	155.000	163.000	0.000	0.000	0.000	0.000	0.000	0.000	1.000	1.000	0.000	0.161	1.305	1.149	14817.524	-376.800	93.077	0.000	0.100	0.100	751.483	376.800	0.000	0.000	4.878	0.000	0.000	0.000	1.000	192.700	15.300	-120.600	-115.200	31.700	-129.400	-48.400	0.000	0.000	0.000
3738955503.366	167.378	186.617	187.560	0.000	173.590	295.093	0.000	288.125	0.000	155.000	163.000	0.000	0.000	0.000	0.000	0.000	0.000	1.000	1.000	0.000	0.161	-1.266	3.719	14817.524	-376.800	93.634	0.000	0.100	0.100	742.100	376.800	0.000	0.000	3.849	0.000	0.000	0.000	1.000	228.400	18.500	-120.000	-115.200	31.100	-129.400	-48.400	0.000	0.000	0.000
3738955513.364	167.358	186.550	187.500	0.000	173.556	295.088	0.000	288.130	0.000	155.000	163.000	0.000	0.000	0.000	0.000	0.000	0.000	1.000	1.000	0.000	0.464	1.305	6.290	15112.908	-376.800	93.171	0.000	0.100	0.100	749.138	376.800	0.000	0.000	4.363	0.000	0.000	0.000	1.000	227.800	14.000	-120.600	-115.200	31.100	-129.400	-49.200	0.000	0.000	0.000
3738955523.365	167.302	186.524	187.464	0.000	173.532	295.084	0.000	288.129	0.000	155.000	163.000	0.000	0.000	0.000	0.000	0.000	0.000	1.000	1.000	0.000	0.161	1.305	3.719	15112.908	-376.800	93.496	0.000	0.100	0.100	755.393	376.800	0.000	0.000	3.335	0.000	0.000	0.000	1.000	198.400	14.700	-120.000	-115.200	32.100	-129.600	-48.700	0.000	0.000	0.000
3738955533.365	167.302	186.482	187.435	0.000	173.499	295.087	0.000	288.131	0.000	155.000	163.000	0.000	0.000	0.000	0.000	0.000	0.000	1.000	1.000	0.000	-0.142	3.876	3.719	15112.908	-376.800	94.284	0.000	0.100	0.100	750.701	376.800	0.000	0.000	3.335	0.000	0.000	0.000	1.000	179.900	13.400	-120.600	-115.200	31.100	-129.400	-49.200	0.000	0.000	0.000
3738955543.364	167.276	186.459	187.390	0.000	173.480	295.091	0.000	288.116	0.000	155.000	163.000	0.000	0.000	0.000	0.000	0.000	0.000	1.000	1.000	0.000	0.161	1.305	3.719	14817.524	-376.800	92.847	0.000	0.100	0.100	738.973	376.800	0.000	0.000	2.307	0.000	0.000	0.000	1.000	190.800	14.000	-120.800	-115.200	31.700	-129.400	-49.200	0.000	0.000	0.000
3738955553.365	167.256	186.422	187.357	0.000	173.452	295.100	0.000	288.115	0.000	155.000	163.000	0.000	0.000	0.000	0.000	0.000	0.000	1.000	1.000	0.000	-0.142	1.305	3.719	14817.524	-376.800	93.912	0.000	0.100	0.100	748.355	376.800	0.000	0.000	2.821	0.000	0.000	0.000	1.000	177.400	17.900	-120.000	-115.200	31.700	-129.600	-48.400	0.000	0.000	0.000
3738955563.365	167.229	186.378	187.308	0.000	173.411	295.083	0.000	288.108	0.000	155.000	163.000	0.000	0.000	0.000	0.000	0.000	0.000	1.000	1.000	0.000	0.161	1.305	3.719	15112.908	-376.800	93.402	0.000	0.100	0.100	749.920	376.800	0.000	0.000	2.307	0.000	0.000	0.000	1.000	219.500	14.700	-120.000	-115.200	32.100	-129.600	-48.700	0.000	0.000	0.000
3738955573.365	167.200	186.351	187.263	0.000	173.395	295.089	0.000	288.103	0.000	155.000	163.000	0.000	0.000	0.000	0.000	0.000	0.000	1.000	1.000	0.000	0.464	3.876	3.719	14817.524	-376.800	92.892	0.000	0.100	0.100	742.100	376.800	0.000	0.000	6.420	0.000	0.000	0.000	1.000	193.300	17.900	-120.200	-115.200	31.100	-129.600	-48.400	0.000	0.000	0.000
3738955583.365	167.167	186.306	187.212	0.000	173.346	295.079	0.000	288.099	0.000	155.000	163.000	0.000	0.000	0.000	0.000	0.000	0.000	1.000	1.000	0.000	-0.142	-1.266	6.290	15414.181	-376.800	92.242	0.000	0.100	0.100	745.228	376.800	0.000	0.000	11.048	0.000	0.000	0.000	1.000	208.000	16.000	-120.200	-115.200	32.100	-129.600	-48.700	0.000	0.000	0.000
3738955593.365	167.147	186.269	187.156	0.000	173.331	295.077	0.000	288.098	0.000	155.000	163.000	0.000	0.000	0.000	0.000	0.000	0.000	1.000	1.000	0.000	0.161	1.305	8.861	14817.524	-376.800	92.706	0.000	0.100	0.100	737.409	376.800	0.000	0.000	10.020	0.000	0.000	0.000	1.000	176.100	15.300	-120.600	-115.200	32.100	-129.600	-48.700	0.000	0.000	0.000
3738955603.364	167.115	186.233	187.102	0.000	173.292	295.072	0.000	288.087	0.000	155.000	163.000	0.000	0.000	0.000	0.000	0.000	0.000	1.000	1.000	0.000	0.161	1.305	3.719	14817.524	-376.800	93.125	0.000	0.100	0.100	750.701	376.800	0.000	0.000	10.534	0.000	0.000	0.000	1.000	214.400	14.700	-120.600	-115.200	31.100	-129.400	-49.200	0.000	0.000	0.000
3738955613.365	167.098	186.179	187.061	0.000	173.263	295.075	0.000	288.080	0.000	155.000	163.000	0.000	0.000	0.000	0.000	0.000	0.000	1.000	1.000	0.000	-0.142	3.876	3.719	15112.908	-376.800	93.496	0.000	0.100	0.100	753.829	376.800	0.000	0.000	9.505	0.000	0.000	0.000	1.000	179.900	17.200	-120.600	-115.400	31.100	-129.600	-49.200	0.000	0.000	0.000
3738955623.365	167.080	186.156	187.042	0.000	173.239	295.077	0.000	288.093	0.000	155.000	163.000	0.000	0.000	0.000	0.000	0.000	0.000	1.000	1.000	0.000	-0.142	-1.266	1.149	15112.908	-376.800	93.032	0.000	0.100	0.100	738.191	376.800	0.000	0.000	8.991	0.000	0.000	0.000	1.000	198.400	17.200	-120.600	-115.400	30.600	-129.600	-49.200	0.000	0.000	0.000
3738955633.364	167.059	186.112	186.976	0.000	173.196	295.065	0.000	288.093	0.000	155.000	163.000	0.000	0.000	0.000	0.000	0.000	0.000	1.000	1.000	0.000	0.766	-1.266	3.719	15414.181	-376.800	93.079	0.000	0.100	0.100	743.665	376.800	0.000	0.000	8.991	0.000	0.000	0.000	1.000	180.600	15.300	-120.600	-115.200	32.100	-129.600	-49.200	0.000	0.000	0.000
3738955643.366	167.009	186.076	186.934	0.000	173.170	295.070	0.000	288.093	0.000	155.000	163.000	0.000	0.000	0.000	0.000	0.000	0.000	1.000	1.000	0.000	0.161	9.017	3.719	14817.524	-376.800	93.079	0.000	0.100	0.100	753.829	376.800	0.000	0.000	8.477	0.000	0.000	0.000	1.000	208.600	15.300	-120.800	-115.400	31.700	-129.600	-49.200	0.000	0.000	0.000
3738955653.366	166.968	186.026	186.880	0.000	173.145	295.068	0.000	288.082	0.000	155.000	163.000	0.000	0.000	0.000	0.000	0.000	0.000	1.000	1.000	0.000	-0.142	3.876	3.719	15112.908	-376.800	93.264	0.000	0.100	0.100	741.319	376.800	0.000	0.000	7.963	0.000	0.000	0.000	1.000	210.500	14.000	-120.600	-115.400	31.700	-129.600	-49.200	0.000	0.000	0.000
3738955663.365	166.921	185.966	186.812	0.000	173.087	295.067	0.000	288.072	0.000	155.000	163.000	0.000	0.000	0.000	0.000	0.000	0.000	1.000	1.000	0.000	0.161	1.305	3.719	14817.524	-376.800	93.310	0.000	0.100	0.100	738.973	376.800	0.000	0.000	7.449	0.000	0.000	0.000	1.000	213.100	17.200	-120.000	-115.400	31.700	-129.600	-49.500	0.000	0.000	0.000
3738955673.364	166.911	185.948	186.788	0.000	173.077	295.076	0.000	288.092	0.000	155.000	163.000	0.000	0.000	0.000	0.000	0.000	0.000	1.000	1.000	0.000	-0.142	-1.266	6.290	14817.524	-376.800	92.892	0.000	0.100	0.100	738.973	376.800	0.000	0.000	6.934	0.000	0.000	0.000	1.000	197.800	17.900	-120.000	-115.400	31.700	-129.600	-49.200	0.000	0.000	0.000
3738955683.364	166.877	185.905	186.755	0.000	173.059	295.082	0.000	288.085	0.000	155.000	163.000	0.000	0.000	0.000	0.000	0.000	0.000	1.000	1.000	0.000	0.464	-1.266	3.719	15112.908	-376.800	93.077	0.000	0.100	0.100	735.063	376.800	0.000	0.000	6.934	0.000	0.000	0.000	1.000	187.600	18.500	-120.200	-115.400	31.100	-129.600	-49.200	0.000	0.000	0.000
3738955693.366	166.844	185.858	186.698	0.000	173.017	295.088	0.000	288.084	0.000	155.000	163.000	0.000	0.000	0.000	0.000	0.000	0.000	1.000	1.000	0.000	-0.142	3.876	6.290	15112.908	-376.800	92.799	0.000	0.100	0.100	741.319	376.800	0.000	0.000	6.420	0.000	0.000	0.000	1.000	182.500	14.700	-120.800	-115.400	31.100	-129.600	-49.500	0.000	0.000	0.000
3738955703.365	166.852	185.828	186.661	0.000	173.001	295.090	0.000	288.084	0.000	155.000	163.000	0.000	0.000	0.000	0.000	0.000	0.000	1.000	1.000	0.000	-0.142	6.446	3.719	14817.524	-376.800	93.262	0.000	0.100	0.100	747.573	376.800	0.000	0.000	5.906	0.000	0.000	0.000	1.000	215.600	14.700	-120.200	-115.400	31.100	-129.600	-49.200	0.000	0.000	0.000
3738955713.364	166.796	185.780	186.616	0.000	172.975	295.090	0.000	288.077	0.000	155.000	163.000	0.000	0.000	0.000	0.000	0.000	0.000	1.000	1.000	0.000	0.161	3.876	1.149	14817.524	-376.800	92.845	0.000	0.100	0.100	745.228	376.800	0.000	0.000	4.878	0.000	0.000	0.000	1.000	187.600	15.300	-120.600	-115.400	31.700	-129.600	-49.200	0.000	0.000	0.000
3738955723.364	166.764	185.745	186.573	0.000	172.934	295.092	0.000	288.075	0.000	155.000	163.000	0.000	0.000	0.000	0.000	0.000	0.000	1.000	1.000	0.000	-0.142	3.876	6.290	15112.908	-376.800	93.309	0.000	0.100	0.100	744.446	376.800	0.000	0.000	5.906	0.000	0.000	0.000	1.000	187.600	17.200	-120.000	-115.400	31.700	-129.600	-49.200	0.000	0.000	0.000
3738955733.365	166.768	185.733	186.530	0.000	172.905	295.087	0.000	288.057	0.000	155.000	163.000	0.000	0.000	0.000	0.000	0.000	0.000	1.000	1.000	0.000	-0.142	1.305	6.290	14817.524	-376.800	92.939	0.000	0.100	0.100	750.701	376.800	0.000	0.000	5.392	0.000	0.000	0.000	1.000	211.200	13.400	-120.800	-115.400	30.600	-129.600	-49.500	0.000	0.000	0.000
3738955743.365	166.743	185.690	186.497	0.000	172.892	295.103	0.000	288.069	0.000	155.000	163.000	0.000	0.000	0.000	0.000	0.000	0.000	1.000	1.000	0.000	-0.142	3.876	6.290	15112.908	-376.800	93.541	0.000	0.100	0.100	747.573	376.800	0.000	0.000	4.878	0.000	0.000	0.000	1.000	196.500	14.700	-120.800	-115.400	31.100	-129.600	-49.500	0.000	0.000	0.000
3738955753.365	166.739	185.680	186.480	0.000	172.886	295.133	0.000	288.072	0.000	155.000	163.000	0.000	0.000	0.000	0.000	0.000	0.000	1.000	1.000	0.000	-0.142	1.305	3.719	15112.908	-376.800	93.078	0.000	0.100	0.100	737.409	376.800	0.000	0.000	3.849	0.000	0.000	0.000	1.000	224.600	17.900	-120.600	-115.400	30.600	-129.600	-49.200	0.000	0.000	0.000
3738955763.365	166.720	185.630	186.421	0.000	172.855	295.129	0.000	288.049	0.000	155.000	163.000	0.000	0.000	0.000	0.000	0.000	0.000	1.000	1.000	0.000	0.161	1.305	3.719	14817.524	-376.800	92.986	0.000	0.100	0.100	738.973	376.800	0.000	0.000	3.335	0.000	0.000	0.000	1.000	211.200	14.000	-120.800	-115.400	31.700	-129.600	-49.500	0.000	0.000	0.000
3738955773.364	166.697	185.591	186.378	0.000	172.829	295.133	0.000	288.055	0.000	155.000	163.000	0.000	0.000	0.000	0.000	0.000	0.000	1.000	1.000	0.000	0.161	-1.266	6.290	15112.908	-376.800	93.125	0.000	0.100	0.100	743.664	376.800	0.000	0.000	2.821	0.000	0.000	0.000	1.000	215.000	14.700	-120.800	-115.400	31.100	-129.600	-49.900	0.000	0.000	0.000
3738955783.365	166.670	185.557	186.328	0.000	172.794	295.113	0.000	288.046	0.000	155.000	163.000	0.000	0.000	0.000	0.000	0.000	0.000	1.000	1.000	0.000	-0.142	3.876	3.719	15112.908	-376.800	93.170	0.000	0.100	0.100	743.664	376.800	0.000	0.000	2.307	0.000	0.000	0.000	1.000	218.800	14.000	-120.200	-115.400	30.600	-129.600	-49.200	0.000	0.000	0.000
3738955793.364	166.663	185.525	186.308	0.000	172.769	295.112	0.000	288.054	0.000	155.000	163.000	0.000	0.000	0.000	0.000	0.000	0.000	1.000	1.000	0.000	0.161	1.305	6.290	15112.908	-376.800	94.097	0.000	0.100	0.100	749.137	376.800	0.000	0.000	2.307	0.000	0.000	0.000	1.000	188.200	14.700	-120.800	-115.700	30.600	-129.600	-49.900	0.000	0.000	0.000
3738955803.364	166.645	185.495	186.254	0.000	172.748	295.119	0.000	288.040	0.000	155.000	163.000	0.000	0.000	0.000	0.000	0.000	0.000	1.000	1.000	0.000	-0.142	1.305	6.290	15112.908	-376.800	93.448	0.000	0.100	0.100	749.137	376.800	0.000	0.000	2.821	0.000	0.000	0.000	1.000	175.500	14.000	-120.800	-115.400	31.700	-129.600	-49.500	0.000	0.000	0.000
3738955813.365	166.591	185.450	186.217	0.000	172.710	295.112	0.000	288.026	0.000	155.000	163.000	0.000	0.000	0.000	0.000	0.000	0.000	1.000	1.000	0.000	0.161	1.305	3.719	15112.908	-376.800	93.123	0.000	0.100	0.100	752.265	376.800	0.000	0.000	1.278	0.000	0.000	0.000	1.000	193.300	14.000	-120.800	-115.700	31.700	-129.600	-49.500	0.000	0.000	0.000
3738955823.365	166.561	185.410	186.171	0.000	172.682	295.115	0.000	288.042	0.000	155.000	163.000	0.000	0.000	0.000	0.000	0.000	0.000	1.000	1.000	0.000	-0.142	3.876	6.290	15112.908	-376.800	93.262	0.000	0.100	0.100	748.356	376.800	0.000	0.000	11.562	0.000	0.000	0.000	1.000	210.500	14.700	-121.100	-115.700	31.100	-129.600	-49.900	0.000	0.000	0.000
3738955833.364	166.516	185.370	186.124	0.000	172.657	295.105	0.000	288.032	0.000	155.000	163.000	0.000	0.000	0.000	0.000	0.000	0.000	1.000	1.000	0.000	0.464	6.446	1.149	15414.181	-376.800	93.169	0.000	0.100	0.100	748.355	376.800	0.000	0.000	10.534	0.000	0.000	0.000	1.000	202.900	14.700	-120.600	-115.700	31.700	-129.900	-49.500	0.000	0.000	0.000
3738955843.365	166.492	185.331	186.068	0.000	172.619	295.116	0.000	288.031	0.000	155.000	163.000	0.000	0.000	0.000	0.000	0.000	0.000	1.000	1.000	0.000	0.161	1.305	6.290	14817.524	-376.800	93.169	0.000	0.100	0.100	749.138	376.800	0.000	0.000	10.534	0.000	0.000	0.000	1.000	207.400	14.700	-120.200	-115.700	31.700	-129.600	-49.200	0.000	0.000	0.000
3738955853.366	166.477	185.294	186.036	0.000	172.583	295.115	0.000	288.025	0.000	155.000	163.000	0.000	0.000	0.000	0.000	0.000	0.000	1.000	1.000	0.000	0.766	1.305	1.149	15112.908	-376.800	93.447	0.000	0.100	0.100	738.191	376.800	0.000	0.000	10.020	0.000	0.000	0.000	1.000	216.300	14.700	-121.100	-115.700	31.100	-129.600	-49.900	0.000	0.000	0.000
3738955863.364	166.466	185.252	186.000	0.000	172.567	295.115	0.000	288.025	0.000	155.000	163.000	0.000	0.000	0.000	0.000	0.000	0.000	1.000	1.000	0.000	-0.142	3.876	3.719	15414.181	-376.800	93.262	0.000	0.100	0.100	746.791	376.800	0.000	0.000	8.991	0.000	0.000	0.000	1.000	183.100	16.000	-120.600	-115.700	31.700	-129.900	-49.500	0.000	0.000	0.000
3738955873.364	166.442	185.241	185.957	0.000	172.536	295.110	0.000	288.009	0.000	155.000	163.000	0.000	0.000	0.000	0.000	0.000	0.000	1.000	1.000	0.000	0.161	-1.266	3.719	15112.908	-376.800	93.216	0.000	0.100	0.100	749.137	376.800	0.000	0.000	8.991	0.000	0.000	0.000	1.000	192.700	14.700	-120.800	-116.100	30.600	-129.900	-49.900	0.000	0.000	0.000
3738955883.365	166.403	185.185	185.907	0.000	172.515	295.118	0.000	288.003	0.000	155.000	163.000	0.000	0.000	0.000	0.000	0.000	0.000	1.000	1.000	0.000	0.464	1.305	3.719	15112.908	-376.800	93.170	0.000	0.100	0.100	742.100	376.800	0.000	0.000	8.477	0.000	0.000	0.000	1.000	185.000	14.700	-121.100	-116.100	30.600	-129.600	-49.900	0.000	0.000	0.000
3738955893.364	166.417	185.178	185.877	0.000	172.496	295.133	0.000	288.007	0.000	155.000	163.000	0.000	0.000	0.000	0.000	0.000	0.000	1.000	1.000	0.000	0.161	1.305	3.719	15721.459	-376.800	93.865	0.000	0.100	0.100	744.446	376.800	0.000	0.000	8.477	0.000	0.000	0.000	1.000	200.300	15.300	-120.800	-115.700	31.700	-129.900	-49.900	0.000	0.000	0.000
3738955903.365	166.402	185.139	185.834	0.000	172.457	295.143	0.000	288.002	0.000	155.000	163.000	0.000	0.000	0.000	0.000	0.000	0.000	1.000	1.000	0.000	-0.142	3.876	6.290	15112.908	-376.800	93.449	0.000	0.100	0.100	737.409	376.800	0.000	0.000	7.963	0.000	0.000	0.000	1.000	190.800	17.900	-120.600	-116.100	30.600	-129.900	-49.500	0.000	0.000	0.000
3738955913.365	166.362	185.087	185.784	0.000	172.433	295.140	0.000	287.989	0.000	155.000	163.000	0.000	0.000	0.000	0.000	0.000	0.000	1.000	1.000	0.000	0.464	-1.266	3.719	15112.908	-376.800	93.264	0.000	0.100	0.100	734.282	376.800	0.000	0.000	7.449	0.000	0.000	0.000	1.000	206.700	17.900	-121.100	-116.100	30.600	-129.600	-49.900	0.000	0.000	0.000
3738955923.364	166.340	185.052	185.745	0.000	172.398	295.148	0.000	287.990	0.000	155.000	163.000	0.000	0.000	0.000	0.000	0.000	0.000	1.000	1.000	0.000	0.161	3.876	3.719	14527.913	-376.800	93.264	0.000	0.100	0.100	740.537	376.800	0.000	0.000	7.449	0.000	0.000	0.000	1.000	190.800	17.200	-120.600	-116.100	30.600	-129.900	-49.500	0.000	0.000	0.000
3738955933.364	166.303	185.018	185.706	0.000	172.361	295.143	0.000	287.980	0.000	155.000	163.000	0.000	0.000	0.000	0.000	0.000	0.000	1.000	1.000	0.000	0.161	-1.266	3.719	15112.908	-376.800	92.939	0.000	0.100	0.100	748.356	376.800	0.000	0.000	6.934	0.000	0.000	0.000	1.000	176.100	14.700	-121.100	-116.100	30.600	-129.900	-49.900	0.000	0.000	0.000
3738955943.365	166.275	184.975	185.648	0.000	172.332	295.139	0.000	287.988	0.000	155.000	163.000	0.000	0.000	0.000	0.000	0.000	0.000	1.000	1.000	0.000	-0.142	6.446	6.290	15112.908	-376.800	92.846	0.000	0.100	0.100	749.919	376.800	0.000	0.000	5.906	0.000	0.000	0.000	1.000	213.100	16.600	-120.600	-116.100	31.700	-129.900	-49.500	0.000	0.000	0.000
3738955953.364	166.247	184.950	185.609	0.000	172.309	295.133	0.000	288.011	0.000	155.000	163.000	0.000	0.000	0.000	0.000	0.000	0.000	1.000	1.000	0.000	0.161	1.305	3.719	15112.908	-376.800	93.123	0.000	0.100	0.100	752.265	376.800	0.000	0.000	5.906	0.000	0.000	0.000	1.000	192.000	14.700	-121.100	-116.100	30.600	-129.900	-49.900	0.000	0.000	0.000
3738955963.365	166.227	184.905	185.569	0.000	172.279	295.138	0.000	287.999	0.000	155.000	163.000	0.000	0.000	0.000	0.000	0.000	0.000	1.000	1.000	0.000	-0.142	3.876	6.290	14817.524	-376.800	92.706	0.000	0.100	0.100	746.792	376.800	0.000	0.000	5.906	0.000	0.000	0.000	1.000	211.200	16.600	-120.600	-116.100	31.100	-129.900	-49.500	0.000	0.000	0.000
3738955973.365	166.187	184.868	185.520	0.000	172.239	295.123	0.000	287.990	0.000	155.000	163.000	0.000	0.000	0.000	0.000	0.000	0.000	1.000	1.000	0.000	0.161	-1.266	3.719	15414.181	-376.800	93.262	0.000	0.100	0.100	733.499	376.800	0.000	0.000	4.878	0.000	0.000	0.000	1.000	192.700	17.200	-121.100	-116.100	30.600	-129.900	-49.900	0.000	0.000	0.000
3738955983.364	166.150	184.832	185.470	0.000	172.204	295.129	0.000	287.980	0.000	155.000	163.000	0.000	0.000	0.000	0.000	0.000	0.000	1.000	1.000	0.000	-0.142	1.305	3.719	15414.181	-376.800	92.938	0.000	0.100	0.100	753.047	376.800	0.000	0.000	4.363	0.000	0.000	0.000	1.000	223.900	14.000	-120.600	-116.100	31.100	-129.900	-49.900	0.000	0.000	0.000
3738955993.365	166.102	184.779	185.410	0.000	172.169	295.120	0.000	287.969	0.000	155.000	163.000	0.000	0.000	0.000	0.000	0.000	0.000	1.000	1.000	0.000	0.161	-1.266	3.719	15112.908	-376.800	93.216	0.000	0.100	0.100	741.319	376.800	0.000	0.000	3.849	0.000	0.000	0.000	1.000	211.200	17.900	-120.800	-116.100	30.600	-129.900	-49.900	0.000	0.000	0.000
3738956003.365	166.073	184.723	185.366	0.000	172.157	295.130	0.000	287.973	0.000	155.000	163.000	0.000	0.000	0.000	0.000	0.000	0.000	1.000	1.000	0.000	-0.142	1.305	3.719	15112.908	-376.800	92.568	0.000	0.100	0.100	746.792	376.800	0.000	0.000	3.335	0.000	0.000	0.000	1.000	190.800	14.000	-121.400	-116.100	30.600	-129.900	-50.400	0.000	0.000	0.000
3738956013.364	166.028	184.688	185.307	0.000	172.109	295.120	0.000	287.968	0.000	155.000	163.000	0.000	0.000	0.000	0.000	0.000	0.000	1.000	1.000	0.000	-0.142	1.305	6.290	15112.908	-376.800	93.959	0.000	0.100	0.100	745.228	376.800	0.000	0.000	3.849	0.000	0.000	0.000	1.000	190.800	14.700	-121.400	-116.100	31.100	-129.900	-50.400	0.000	0.000	0.000
3738956023.365	165.983	184.633	185.259	0.000	172.070	295.121	0.000	287.974	0.000	155.000	163.000	0.000	0.000	0.000	0.000	0.000	0.000	1.000	1.000	0.000	-0.142	-1.266	3.719	15112.908	-376.800	93.218	0.000	0.100	0.100	742.882	376.800	0.000	0.000	2.821	0.000	0.000	0.000	1.000	222.700	13.400	-121.100	-116.300	30.600	-129.900	-49.900	0.000	0.000	0.000
3738956033.364	165.958	184.603	185.225	0.000	172.059	295.119	0.000	287.962	0.000	155.000	163.000	0.000	0.000	0.000	0.000	0.000	0.000	1.000	1.000	0.000	0.464	3.876	3.719	14817.524	-376.800	92.938	0.000	0.100	0.100	738.973	376.800	0.000	0.000	2.307	0.000	0.000	0.000	1.000	208.000	14.000	-121.100	-116.100	31.700	-129.900	-50.400	0.000	0.000	0.000
3738956043.364	165.973	184.598	185.220	0.000	172.053	295.125	0.000	287.972	0.000	155.000	163.000	0.000	0.000	0.000	0.000	0.000	0.000	1.000	1.000	0.000	0.161	1.305	3.719	15112.908	-376.800	92.845	0.000	0.100	0.100	743.664	376.800	0.000	0.000	2.307	0.000	0.000	0.000	1.000	208.000	14.700	-121.700	-116.100	30.600	-129.900	-50.700	0.000	0.000	0.000
3738956053.365	165.933	184.528	185.160	0.000	172.013	295.105	0.000	287.953	0.000	155.000	163.000	0.000	0.000	0.000	0.000	0.000	0.000	1.000	1.000	0.000	-0.142	3.876	1.149	15112.908	-376.800	93.912	0.000	0.100	0.100	749.137	376.800	0.000	0.000	2.307	0.000	0.000	0.000	1.000	213.100	14.700	-121.100	-116.100	31.700	-129.900	-50.400	0.000	0.000	0.000
3738956063.366	165.915	184.501	185.128	0.000	171.963	295.118	0.000	287.949	0.000	155.000	163.000	0.000	0.000	0.000	0.000	0.000	0.000	1.000	1.000	0.000	0.161	1.305	1.149	15112.908	-376.800	93.913	0.000	0.100	0.100	747.573	376.800	0.000	0.000	8.477	0.000	0.000	0.000	1.000	223.300	17.200	-120.600	-116.300	30.600	-129.900	-49.900	0.000	0.000	0.000
3738956073.365	165.888	184.474	185.064	0.000	171.947	295.124	0.000	287.951	0.000	155.000	163.000	0.000	0.000	0.000	0.000	0.000	0.000	1.000	1.000	0.000	0.161	1.305	6.290	15112.908	-376.800	93.727	0.000	0.100	0.100	746.010	376.800	0.000	0.000	10.534	0.000	0.000	0.000	1.000	178.000	14.700	-121.700	-116.300	30.600	-129.900	-50.700	0.000	0.000	0.000
3738956083.364	165.873	184.457	185.052	0.000	171.932	295.115	0.000	287.951	0.000	155.000	163.000	0.000	0.000	0.000	0.000	0.000	0.000	1.000	1.000	0.000	0.464	1.305	1.149	15112.908	-376.800	93.171	0.000	0.100	0.100	748.356	376.800	0.000	0.000	10.534	0.000	0.000	0.000	1.000	172.900	14.000	-121.100	-116.300	31.700	-129.900	-49.900	0.000	0.000	0.000
3738956093.364	165.876	184.428	185.018	0.000	171.916	295.123	0.000	287.951	0.000	155.000	163.000	0.000	0.000	0.000	0.000	0.000	0.000	1.000	1.000	0.000	0.464	3.876	3.719	15112.908	-376.800	92.893	0.000	0.100	0.100	741.319	376.800	0.000	0.000	10.020	0.000	0.000	0.000	1.000	183.100	14.700	-121.100	-116.300	31.700	-129.900	-50.400	0.000	0.000	0.000
3738956103.365	165.878	184.402	184.980	0.000	171.882	295.115	0.000	287.953	0.000	155.000	163.000	0.000	0.000	0.000	0.000	0.000	0.000	1.000	1.000	0.000	0.464	6.446	1.149	15414.181	-376.800	93.541	0.000	0.100	0.100	753.829	376.800	0.000	0.000	10.020	0.000	0.000	0.000	1.000	208.600	14.700	-120.800	-116.300	31.700	-130.100	-49.900	0.000	0.000	0.000
3738956113.365	165.856	184.377	184.940	0.000	171.842	295.128	0.000	287.943	0.000	155.000	163.000	0.000	0.000	0.000	0.000	0.000	0.000	1.000	1.000	0.000	0.161	3.876	3.719	15112.908	-376.800	93.494	0.000	0.100	0.100	746.791	376.800	0.000	0.000	8.991	0.000	0.000	0.000	1.000	213.700	15.300	-121.100	-116.300	31.700	-130.100	-50.400	0.000	0.000	0.000
3738956123.364	165.864	184.344	184.918	0.000	171.842	295.129	0.000	287.940	0.000	155.000	163.000	0.000	0.000	0.000	0.000	0.000	0.000	1.000	1.000	0.000	0.161	3.876	1.149	15112.908	-376.800	93.078	0.000	0.100	0.100	746.010	376.800	0.000	0.000	8.477	0.000	0.000	0.000	1.000	191.400	17.200	-120.800	-116.300	31.100	-130.100	-49.900	0.000	0.000	0.000
3738956133.365	165.821	184.296	184.865	0.000	171.803	295.123	0.000	287.929	0.000	155.000	163.000	0.000	0.000	0.000	0.000	0.000	0.000	1.000	1.000	0.000	0.161	-1.266	3.719	15112.908	-376.800	92.893	0.000	0.100	0.100	742.883	376.800	0.000	0.000	7.963	0.000	0.000	0.000	1.000	211.200	14.000	-121.700	-116.300	30.600	-129.900	-50.700	0.000	0.000	0.000
3738956143.365	165.805	184.280	184.834	0.000	171.783	295.124	0.000	287.929	0.000	155.000	163.000	0.000	0.000	0.000	0.000	0.000	0.000	1.000	1.000	0.000	-0.142	1.305	3.719	14817.524	-376.800	93.264	0.000	0.100	0.100	744.446	376.800	0.000	0.000	7.449	0.000	0.000	0.000	1.000	216.300	13.400	-120.800	-116.300	31.700	-130.100	-50.400	0.000	0.000	0.000
3738956153.364	165.776	184.239	184.790	0.000	171.738	295.120	0.000	287.906	0.000	155.000	163.000	0.000	0.000	0.000	0.000	0.000	0.000	1.000	1.000	0.000	0.161	1.305	6.290	14817.524	-376.800	93.820	0.000	0.100	0.100	748.356	376.800	0.000	0.000	7.963	0.000	0.000	0.000	1.000	202.900	17.200	-120.800	-116.300	31.100	-130.400	-49.900	0.000	0.000	0.000
3738956163.366	165.772	184.239	184.773	0.000	171.741	295.132	0.000	287.914	0.000	155.000	163.000	0.000	0.000	0.000	0.000	0.000	0.000	1.000	1.000	0.000	0.161	1.305	3.719	14817.524	-376.800	92.801	0.000	0.100	0.100	755.393	376.800	0.000	0.000	6.934	0.000	0.000	0.000	1.000	189.500	17.900	-120.800	-116.300	30.600	-130.400	-49.900	0.000	0.000	0.000
3738956173.365	165.768	184.182	184.737	0.000	171.705	295.138	0.000	287.910	0.000	155.000	163.000	0.000	0.000	0.000	0.000	0.000	0.000	1.000	1.000	0.000	0.161	3.876	6.290	15112.908	-376.800	92.523	0.000	0.100	0.100	747.574	376.800	0.000	0.000	5.906	0.000	0.000	0.000	1.000	194.600	14.700	-121.700	-116.300	30.600	-130.100	-50.700	0.000	0.000	0.000
3738956183.364	165.756	184.184	184.695	0.000	171.685	295.150	0.000	287.894	0.000	155.000	163.000	0.000	0.000	0.000	0.000	0.000	0.000	1.000	1.000	0.000	-0.142	-1.266	6.290	15112.908	-376.800	93.681	0.000	0.100	0.100	743.664	376.800	0.000	0.000	5.906	0.000	0.000	0.000	1.000	203.500	17.200	-121.100	-116.300	30.600	-130.400	-49.900	0.000	0.000	0.000
3738956193.365	165.752	184.167	184.683	0.000	171.680	295.158	0.000	287.901	0.000	155.000	163.000	0.000	0.000	0.000	0.000	0.000	0.000	1.000	1.000	0.000	0.161	1.305	3.719	15112.908	-376.800	93.496	0.000	0.100	0.100	742.100	376.800	0.000	0.000	6.420	0.000	0.000	0.000	1.000	220.700	16.000	-121.700	-116.600	30.000	-130.400	-50.700	0.000	0.000	0.000
3738956203.365	165.701	184.107	184.615	0.000	171.624	295.135	0.000	287.878	0.000	155.000	163.000	0.000	0.000	0.000	0.000	0.000	0.000	1.000	1.000	0.000	0.464	1.305	1.149	14817.524	-376.800	92.940	0.000	0.100	0.100	742.101	376.800	0.000	0.000	4.363	0.000	0.000	0.000	1.000	213.700	14.700	-121.100	-116.300	31.700	-130.400	-50.700	0.000	0.000	0.000
3738956213.364	165.710	184.083	184.583	0.000	171.623	295.155	0.000	287.887	0.000	155.000	163.000	0.000	0.000	0.000	0.000	0.000	0.000	1.000	1.000	0.000	0.161	3.876	6.290	14817.524	-376.800	92.893	0.000	0.100	0.100	746.792	376.800	0.000	0.000	4.363	0.000	0.000	0.000	1.000	197.800	15.300	-121.400	-116.300	31.700	-130.400	-49.900	0.000	0.000	0.000
3738956223.365	165.672	184.058	184.566	0.000	171.593	295.154	0.000	287.875	0.000	155.000	163.000	0.000	0.000	0.000	0.000	0.000	0.000	1.000	1.000	0.000	0.161	3.876	6.290	15112.908	-376.800	94.515	0.000	0.100	0.100	750.701	376.800	0.000	0.000	4.878	0.000	0.000	0.000	1.000	221.400	14.700	-121.700	-116.600	30.000	-130.400	-50.700	0.000	0.000	0.000
3738956233.364	165.645	184.008	184.489	0.000	171.542	295.146	0.000	287.874	0.000	155.000	163.000	0.000	0.000	0.000	0.000	0.000	0.000	1.000	1.000	0.000	0.161	1.305	1.149	15112.908	-376.800	93.542	0.000	0.100	0.100	748.355	376.800	0.000	0.000	5.392	0.000	0.000	0.000	1.000	207.400	16.000	-121.700	-116.600	30.000	-130.400	-50.700	0.000	0.000	0.000
3738956243.365	165.626	183.964	184.459	0.000	171.526	295.146	0.000	287.864	0.000	155.000	163.000	0.000	0.000	0.000	0.000	0.000	0.000	1.000	1.000	0.000	-0.142	-1.266	1.149	14817.524	-376.800	93.032	0.000	0.100	0.100	736.627	376.800	0.000	0.000	3.849	0.000	0.000	0.000	1.000	207.400	14.000	-122.000	-116.600	30.600	-130.400	-50.700	0.000	0.000	0.000
3738956253.364	165.605	183.943	184.421	0.000	171.509	295.147	0.000	287.863	0.000	155.000	163.000	0.000	0.000	0.000	0.000	0.000	0.000	1.000	1.000	0.000	0.464	3.876	3.719	15112.908	-376.800	93.403	0.000	0.100	0.100	749.920	376.800	0.000	0.000	3.849	0.000	0.000	0.000	1.000	176.700	16.000	-121.700	-116.600	30.000	-130.400	-50.700	0.000	0.000	0.000
3738956263.365	165.586	183.914	184.381	0.000	171.489	295.153	0.000	287.866	0.000	155.000	163.000	0.000	0.000	0.000	0.000	0.000	0.000	1.000	1.000	0.000	0.161	1.305	3.719	14817.524	-376.800	93.680	0.000	0.100	0.100	745.228	376.800	0.000	0.000	2.821	0.000	0.000	0.000	1.000	204.200	14.700	-121.700	-116.600	30.600	-130.400	-50.400	0.000	0.000	0.000
3738956273.366	165.560	183.867	184.347	0.000	171.446	295.147	0.000	287.844	0.000	155.000	163.000	0.000	0.000	0.000	0.000	0.000	0.000	1.000	1.000	0.000	-0.142	1.305	1.149	15112.908	-376.800	92.754	0.000	0.100	0.100	746.010	376.800	0.000	0.000	2.307	0.000	0.000	0.000	1.000	188.200	14.000	-122.000	-116.600	30.600	-130.400	-50.700	0.000	0.000	0.000
3738956283.365	165.551	183.862	184.311	0.000	171.431	295.162	0.000	287.860	0.000	155.000	163.000	0.000	0.000	0.000	0.000	0.000	0.000	1.000	1.000	0.000	-0.142	1.305	1.149	14817.524	-376.800	93.032	0.000	0.100	0.100	754.611	376.800	0.000	0.000	2.821	0.000	0.000	0.000	1.000	218.200	17.200	-121.700	-116.600	30.000	-130.400	-50.700	0.000	0.000	0.000
3738956293.364	165.507	183.830	184.282	0.000	171.398	295.151	0.000	287.848	0.000	155.000	163.000	0.000	0.000	0.000	0.000	0.000	0.000	1.000	1.000	0.000	0.464	1.305	3.719	14817.524	-376.800	92.754	0.000	0.100	0.100	739.755	376.800	0.000	0.000	1.792	0.000	0.000	0.000	1.000	208.600	14.700	-122.000	-116.600	30.600	-130.400	-50.700	0.000	0.000	0.000
3738956303.365	165.472	183.778	184.231	0.000	171.372	295.153	0.000	287.857	0.000	155.000	163.000	0.000	0.000	0.000	0.000	0.000	0.000	1.000	1.000	0.000	0.161	1.305	3.719	14817.524	-376.800	93.124	0.000	0.100	0.100	738.973	376.800	0.000	0.000	3.335	0.000	0.000	0.000	1.000	216.900	14.000	-122.000	-116.600	30.000	-130.400	-50.700	0.000	0.000	0.000
3738956313.366	165.449	183.744	184.192	0.000	171.340	295.134	0.000	287.850	0.000	155.000	163.000	0.000	0.000	0.000	0.000	0.000	0.000	1.000	1.000	0.000	-0.142	1.305	1.149	15112.908	-376.800	93.447	0.000	0.100	0.100	741.318	376.800	0.000	0.000	11.048	0.000	0.000	0.000	1.000	212.500	14.000	-122.000	-116.600	30.600	-130.400	-50.700	0.000	0.000	0.000
3738956323.364	165.421	183.710	184.149	0.000	171.307	295.123	0.000	287.853	0.000	155.000	163.000	0.000	0.000	0.000	0.000	0.000	0.000	1.000	1.000	0.000	-0.142	1.305	1.149	15112.908	-376.800	93.169	0.000	0.100	0.100	750.701	376.800	0.000	0.000	10.534	0.000	0.000	0.000	1.000	218.800	14.700	-121.100	-116.600	30.600	-130.400	-50.700	0.000	0.000	0.000
3738956333.365	165.390	183.671	184.101	0.000	171.270	295.114	0.000	287.844	0.000	155.000	163.000	0.000	0.000	0.000	0.000	0.000	0.000	1.000	1.000	0.000	0.161	3.876	3.719	15112.908	-376.800	93.170	0.000	0.100	0.100	753.047	376.800	0.000	0.000	10.020	0.000	0.000	0.000	1.000	205.400	14.000	-121.700	-116.600	31.100	-130.400	-50.700	0.000	0.000	0.000
3738956343.364	165.344	183.621	184.042	0.000	171.239	295.125	0.000	287.845	0.000	155.000	163.000	0.000	0.000	0.000	0.000	0.000	0.000	1.000	1.000	0.000	0.464	1.305	3.719	15112.908	-376.800	93.681	0.000	0.100	0.100	751.483	376.800	0.000	0.000	9.505	0.000	0.000	0.000	1.000	178.000	14.000	-122.000	-116.600	30.000	-130.400	-50.700	0.000	0.000	0.000
3738956353.366	165.292	183.567	184.008	0.000	171.209	295.128	0.000	287.839	0.000	155.000	163.000	0.000	0.000	0.000	0.000	0.000	0.000	1.000	1.000	0.000	0.464	1.305	3.719	15112.908	-376.800	93.357	0.000	0.100	0.100	738.973	376.800	0.000	0.000	8.991	0.000	0.000	0.000	1.000	223.900	17.900	-121.700	-116.600	30.000	-130.400	-50.700	0.000	0.000	0.000
3738956363.365	165.267	183.539	183.960	0.000	171.172	295.124	0.000	287.837	0.000	155.000	163.000	0.000	0.000	0.000	0.000	0.000	0.000	1.000	1.000	0.000	-0.142	1.305	6.290	15112.908	-376.800	93.263	0.000	0.100	0.100	742.100	376.800	0.000	0.000	8.991	0.000	0.000	0.000	1.000	182.500	15.300	-121.700	-116.600	30.600	-130.700	-50.700	0.000	0.000	0.000
3738956373.365	165.240	183.498	183.920	0.000	171.144	295.128	0.000	287.828	0.000	155.000	163.000	0.000	0.000	0.000	0.000	0.000	0.000	1.000	1.000	0.000	0.464	1.305	3.719	15112.908	-376.800	93.447	0.000	0.100	0.100	749.920	376.800	0.000	0.000	8.477	0.000	0.000	0.000	1.000	172.300	15.300	-121.700	-116.600	30.600	-130.700	-50.700	0.000	0.000	0.000
3738956383.364	165.218	183.458	183.877	0.000	171.134	295.138	0.000	287.832	0.000	155.000	163.000	0.000	0.000	0.000	0.000	0.000	0.000	1.000	1.000	0.000	0.464	1.305	3.719	15112.908	-376.800	93.540	0.000	0.100	0.100	739.755	376.800	0.000	0.000	7.963	0.000	0.000	0.000	1.000	172.900	16.600	-121.100	-116.600	30.600	-130.700	-50.700	0.000	0.000	0.000
3738956393.365	165.206	183.457	183.841	0.000	171.109	295.163	0.000	287.848	0.000	155.000	163.000	0.000	0.000	0.000	0.000	0.000	0.000	1.000	1.000	0.000	-0.142	1.305	3.719	14817.524	-376.800	93.402	0.000	0.100	0.100	741.319	376.800	0.000	0.000	7.963	0.000	0.000	0.000	1.000	208.600	14.000	-122.000	-116.600	30.600	-130.700	-50.700	0.000	0.000	0.000
3738956403.365	165.181	183.404	183.804	0.000	171.079	295.157	0.000	287.850	0.000	155.000	163.000	0.000	0.000	0.000	0.000	0.000	0.000	1.000	1.000	0.000	-0.142	1.305	3.719	15112.908	-376.800	93.496	0.000	0.100	0.100	743.664	376.800	0.000	0.000	6.934	0.000	0.000	0.000	1.000	204.200	14.000	-122.000	-116.800	30.000	-130.700	-51.200	0.000	0.000	0.000
3738956413.365	165.110	183.348	183.745	0.000	171.027	295.152	0.000	287.822	0.000	155.000	163.000	0.000	0.000	0.000	0.000	0.000	0.000	1.000	1.000	0.000	0.161	-1.266	3.719	15112.908	-376.800	93.124	0.000	0.100	0.100	741.318	376.800	0.000	0.000	6.934	0.000	0.000	0.000	1.000	175.500	17.900	-121.400	-116.800	30.000	-130.700	-50.700	0.000	0.000	0.000
3738956423.365	165.071	183.297	183.684	0.000	170.992	295.159	0.000	287.828	0.000	155.000	163.000	0.000	0.000	0.000	0.000	0.000	0.000	1.000	1.000	0.000	0.464	1.305	1.149	15112.908	-376.800	94.235	0.000	0.100	0.100	753.047	376.800	0.000	0.000	5.906	0.000	0.000	0.000	1.000	202.900	14.700	-122.200	-116.800	30.000	-130.700	-51.200	0.000	0.000	0.000
3738956433.365	165.057	183.275	183.658	0.000	170.971	295.153	0.000	287.841	0.000	155.000	163.000	0.000	0.000	0.000	0.000	0.000	0.000	1.000	1.000	0.000	-0.142	3.876	6.290	14817.524	-376.800	93.217	0.000	0.100	0.100	742.883	376.800	0.000	0.000	6.420	0.000	0.000	0.000	1.000	175.500	17.200	-121.700	-116.800	30.000	-130.700	-50.700	0.000	0.000	0.000
3738956443.365	165.030	183.231	183.619	0.000	170.953	295.169	0.000	287.826	0.000	155.000	163.000	0.000	0.000	0.000	0.000	0.000	0.000	1.000	1.000	0.000	0.766	6.446	1.149	15112.908	-376.800	93.125	0.000	0.100	0.100	744.446	376.800	0.000	0.000	5.392	0.000	0.000	0.000	1.000	204.200	13.400	-122.000	-116.800	30.600	-130.700	-51.200	0.000	0.000	0.000
3738956453.365	164.998	183.203	183.571	0.000	170.917	295.164	0.000	287.821	0.000	155.000	163.000	0.000	0.000	0.000	0.000	0.000	0.000	1.000	1.000	0.000	0.161	1.305	3.719	15112.908	-376.800	93.865	0.000	0.100	0.100	745.227	376.800	0.000	0.000	5.392	0.000	0.000	0.000	1.000	173.500	14.700	-122.200	-117.200	30.000	-130.700	-50.700	0.000	0.000	0.000
3738956463.365	164.965	183.151	183.534	0.000	170.895	295.154	0.000	287.816	0.000	155.000	163.000	0.000	0.000	0.000	0.000	0.000	0.000	1.000	1.000	0.000	-0.142	1.305	3.719	15112.908	-376.800	93.586	0.000	0.100	0.100	741.318	376.800	0.000	0.000	4.878	0.000	0.000	0.000	1.000	208.000	15.300	-122.000	-116.800	30.600	-130.700	-50.700	0.000	0.000	0.000
3738956473.366	164.938	183.113	183.493	0.000	170.860	295.162	0.000	287.824	0.000	155.000	163.000	0.000	0.000	0.000	0.000	0.000	0.000	1.000	1.000	0.000	-0.142	1.305	3.719	15112.908	-376.800	93.866	0.000	0.100	0.100	749.137	376.800	0.000	0.000	4.363	0.000	0.000	0.000	1.000	175.500	16.000	-122.000	-117.200	30.000	-130.700	-50.700	0.000	0.000	0.000
3738956483.366	164.903	183.088	183.447	0.000	170.847	295.173	0.000	287.824	0.000	155.000	163.000	0.000	0.000	0.000	0.000	0.000	0.000	1.000	1.000	0.000	0.161	1.305	3.719	14817.524	-376.800	92.939	0.000	0.100	0.100	747.574	376.800	0.000	0.000	4.363	0.000	0.000	0.000	1.000	218.200	14.700	-121.700	-116.800	30.600	-130.700	-51.200	0.000	0.000	0.000
3738956493.364	164.930	183.082	183.439	0.000	170.845	295.187	0.000	287.843	0.000	155.000	163.000	0.000	0.000	0.000	0.000	0.000	0.000	1.000	1.000	0.000	0.161	-1.266	1.149	15112.908	-376.800	92.892	0.000	0.100	0.100	735.063	376.800	0.000	0.000	3.849	0.000	0.000	0.000	1.000	211.200	17.200	-121.700	-117.200	30.000	-130.700	-50.700	0.000	0.000	0.000
3738956503.364	164.903	183.044	183.392	0.000	170.807	295.190	0.000	287.839	0.000	155.000	163.000	0.000	0.000	0.000	0.000	0.000	0.000	1.000	1.000	0.000	-0.142	-1.266	6.290	15112.908	-376.800	93.401	0.000	0.100	0.100	739.754	376.800	0.000	0.000	3.335	0.000	0.000	0.000	1.000	202.200	13.400	-122.200	-117.200	30.600	-130.700	-51.200	0.000	0.000	0.000
3738956513.364	164.891	183.014	183.364	0.000	170.789	295.189	0.000	287.829	0.000	155.000	163.000	0.000	0.000	0.000	0.000	0.000	0.000	1.000	1.000	0.000	0.161	3.876	3.719	15112.908	-376.800	93.124	0.000	0.100	0.100	749.137	376.800	0.000	0.000	3.335	0.000	0.000	0.000	1.000	197.800	14.000	-122.200	-117.200	30.000	-130.700	-51.200	0.000	0.000	0.000
3738956523.364	164.847	182.972	183.317	0.000	170.742	295.173	0.000	287.813	0.000	155.000	163.000	0.000	0.000	0.000	0.000	0.000	0.000	1.000	1.000	0.000	0.161	3.876	3.719	14817.524	-376.800	93.542	0.000	0.100	0.100	755.393	376.800	0.000	0.000	2.307	0.000	0.000	0.000	1.000	213.100	14.000	-121.700	-117.200	30.600	-130.700	-50.700	0.000	0.000	0.000
3738956533.364	164.844	182.948	183.289	0.000	170.734	295.180	0.000	287.807	0.000	155.000	163.000	0.000	0.000	0.000	0.000	0.000	0.000	1.000	1.000	0.000	-0.142	3.876	3.719	15112.908	-376.800	93.310	0.000	0.100	0.100	751.484	376.800	0.000	0.000	2.307	0.000	0.000	0.000	1.000	178.000	12.800	-122.200	-117.200	30.000	-130.700	-51.200	0.000	0.000	0.000
3738956543.364	164.827	182.915	183.249	0.000	170.705	295.165	0.000	287.804	0.000	155.000	163.000	0.000	0.000	0.000	0.000	0.000	0.000	1.000	1.000	0.000	0.161	3.876	1.149	14817.524	-376.800	92.800	0.000	0.100	0.100	749.137	376.800	0.000	0.000	1.792	0.000	0.000	0.000	1.000	202.200	15.300	-122.000	-117.200	30.600	-130.700	-50.700	0.000	0.000	0.000
3738956553.364	164.811	182.895	183.215	0.000	170.676	295.164	0.000	287.799	0.000	155.000	163.000	0.000	0.000	0.000	0.000	0.000	0.000	1.000	1.000	0.000	0.161	-1.266	6.290	14817.524	-376.800	92.985	0.000	0.100	0.100	736.627	376.800	0.000	0.000	9.505	0.000	0.000	0.000	1.000	201.600	14.700	-122.200	-117.200	30.600	-130.900	-50.700	0.000	0.000	0.000
3738956563.366	164.812	182.876	183.212	0.000	170.675	295.190	0.000	287.806	0.000	155.000	163.000	0.000	0.000	0.000	0.000	0.000	0.000	1.000	1.000	0.000	0.464	1.305	1.149	14817.524	-376.800	93.123	0.000	0.100	0.100	738.973	376.800	0.000	0.000	10.534	0.000	0.000	0.000	1.000	172.300	14.700	-122.500	-117.200	30.000	-130.700	-51.200	0.000	0.000	0.000
3738956573.365	164.810	182.870	183.166	0.000	170.655	295.178	0.000	287.795	0.000	155.000	163.000	0.000	0.000	0.000	0.000	0.000	0.000	1.000	1.000	0.000	-0.142	3.876	3.719	15414.181	-376.800	93.772	0.000	0.100	0.100	745.228	376.800	0.000	0.000	10.020	0.000	0.000	0.000	1.000	218.200	13.400	-121.700	-117.200	30.600	-130.900	-50.700	0.000	0.000	0.000
3738956583.366	164.767	182.810	183.129	0.000	170.633	295.160	0.000	287.786	0.000	155.000	163.000	0.000	0.000	0.000	0.000	0.000	0.000	1.000	1.000	0.000	-0.142	1.305	3.719	15112.908	-376.800	93.216	0.000	0.100	0.100	751.483	376.800	0.000	0.000	10.020	0.000	0.000	0.000	1.000	201.000	17.200	-121.700	-117.200	30.000	-130.900	-50.700	0.000	0.000	0.000
3738956593.365	164.739	182.761	183.070	0.000	170.569	295.153	0.000	287.788	0.000	155.000	163.000	0.000	0.000	0.000	0.000	0.000	0.000	1.000	1.000	0.000	0.161	3.876	6.290	14817.524	-376.800	93.123	0.000	0.100	0.100	743.664	376.800	0.000	0.000	10.020	0.000	0.000	0.000	1.000	179.300	13.400	-122.200	-117.200	30.000	-130.700	-51.500	0.000	0.000	0.000
3738956603.365	164.682	182.705	183.015	0.000	170.545	295.137	0.000	287.778	0.000	155.000	163.000	0.000	0.000	0.000	0.000	0.000	0.000	1.000	1.000	0.000	0.464	1.305	1.149	14817.524	-376.800	93.077	0.000	0.100	0.100	746.010	376.800	0.000	0.000	8.991	0.000	0.000	0.000	1.000	219.500	13.400	-121.700	-117.200	30.000	-130.900	-50.700	0.000	0.000	0.000
3738956613.364	164.678	182.696	182.988	0.000	170.524	295.138	0.000	287.786	0.000	155.000	163.000	0.000	0.000	0.000	0.000	0.000	0.000	1.000	1.000	0.000	-0.142	3.876	1.149	15112.908	-376.800	93.124	0.000	0.100	0.100	738.973	376.800	0.000	0.000	8.991	0.000	0.000	0.000	1.000	204.200	13.400	-122.200	-117.200	30.000	-130.900	-50.700	0.000	0.000	0.000
3738956623.365	164.649	182.676	182.950	0.000	170.494	295.147	0.000	287.784	0.000	155.000	163.000	0.000	0.000	0.000	0.000	0.000	0.000	1.000	1.000	0.000	-0.142	3.876	6.290	15112.908	-376.800	93.171	0.000	0.100	0.100	741.318	376.800	0.000	0.000	7.449	0.000	0.000	0.000	1.000	173.500	17.900	-122.000	-117.500	29.500	-130.900	-50.700	0.000	0.000	0.000
3738956633.364	164.638	182.646	182.934	0.000	170.484	295.136	0.000	287.779	0.000	155.000	163.000	0.000	0.000	0.000	0.000	0.000	0.000	1.000	1.000	0.000	0.161	3.876	3.719	15112.908	-376.800	93.032	0.000	0.100	0.100	749.138	376.800	0.000	0.000	6.934	0.000	0.000	0.000	1.000	201.000	15.300	-122.200	-117.200	30.600	-130.900	-51.200	0.000	0.000	0.000
3738956643.366	164.615	182.598	182.886	0.000	170.448	295.128	0.000	287.773	0.000	155.000	163.000	0.000	0.000	0.000	0.000	0.000	0.000	1.000	1.000	0.000	0.161	1.305	3.719	15112.908	-376.800	92.986	0.000	0.100	0.100	738.191	376.800	0.000	0.000	7.449	0.000	0.000	0.000	1.000	180.600	14.000	-122.000	-117.200	30.000	-130.900	-51.200	0.000	0.000	0.000
3738956653.365	164.588	182.568	182.839	0.000	170.404	295.132	0.000	287.765	0.000	155.000	163.000	0.000	0.000	0.000	0.000	0.000	0.000	1.000	1.000	0.000	-0.142	-1.266	3.719	15112.908	-376.800	92.337	0.000	0.100	0.100	747.574	376.800	0.000	0.000	7.963	0.000	0.000	0.000	1.000	185.700	15.300	-122.200	-117.200	30.600	-130.900	-51.200	0.000	0.000	0.000
3738956663.364	164.553	182.546	182.789	0.000	170.395	295.154	0.000	287.783	0.000	155.000	163.000	0.000	0.000	0.000	0.000	0.000	0.000	1.000	1.000	0.000	0.464	6.446	3.719	14817.524	-376.800	92.522	0.000	0.100	0.100	745.228	376.800	0.000	0.000	6.934	0.000	0.000	0.000	1.000	172.300	17.200	-122.200	-117.500	29.500	-130.900	-51.200	0.000	0.000	0.000
3738956673.366	164.530	182.496	182.758	0.000	170.369	295.155	0.000	287.759	0.000	155.000	163.000	0.000	0.000	0.000	0.000	0.000	0.000	1.000	1.000	0.000	-0.445	-1.266	3.719	14817.524	-376.800	92.939	0.000	0.100	0.100	753.047	376.800	0.000	0.000	6.420	0.000	0.000	0.000	1.000	174.800	16.600	-122.000	-117.500	30.000	-130.900	-51.500	0.000	0.000	0.000
3738956683.364	164.520	182.475	182.719	0.000	170.337	295.155	0.000	287.764	0.000	155.000	163.000	0.000	0.000	0.000	0.000	0.000	0.000	1.000	1.000	0.000	0.161	3.876	3.719	15112.908	-376.800	93.774	0.000	0.100	0.100	744.446	376.800	0.000	0.000	5.392	0.000	0.000	0.000	1.000	169.700	12.800	-122.000	-117.500	30.600	-130.900	-51.200	0.000	0.000	0.000
3738956693.366	164.491	182.437	182.685	0.000	170.304	295.158	0.000	287.755	0.000	155.000	163.000	0.000	0.000	0.000	0.000	0.000	0.000	1.000	1.000	0.000	0.161	1.305	3.719	15112.908	-376.800	93.032	0.000	0.100	0.100	747.574	376.800	0.000	0.000	5.392	0.000	0.000	0.000	1.000	208.600	12.800	-122.500	-117.500	29.500	-130.900	-51.500	0.000	0.000	0.000
3738956703.365	164.478	182.407	182.658	0.000	170.289	295.168	0.000	287.748	0.000	155.000	163.000	0.000	0.000	0.000	0.000	0.000	0.000	1.000	1.000	0.000	-0.142	-1.266	3.719	15112.908	-376.800	93.356	0.000	0.100	0.100	739.754	376.800	0.000	0.000	4.878	0.000	0.000	0.000	1.000	174.200	14.000	-122.800	-117.500	30.000	-130.900	-51.500	0.000	0.000	0.000
3738956713.366	164.463	182.383	182.622	0.000	170.260	295.177	0.000	287.740	0.000	155.000	163.000	0.000	0.000	0.000	0.000	0.000	0.000	1.000	1.000	0.000	-0.142	3.876	6.290	15112.908	-376.800	92.893	0.000	0.100	0.100	749.137	376.800	0.000	0.000	4.363	0.000	0.000	0.000	1.000	188.200	14.700	-122.500	-117.500	29.500	-130.900	-51.200	0.000	0.000	0.000
3738956723.364	164.417	182.344	182.569	0.000	170.231	295.156	0.000	287.724	0.000	155.000	163.000	0.000	0.000	0.000	0.000	0.000	0.000	1.000	1.000	0.000	0.161	-1.266	6.290	15414.181	-376.800	93.680	0.000	0.100	0.100	741.318	376.800	0.000	0.000	4.363	0.000	0.000	0.000	1.000	182.500	14.000	-122.800	-117.500	30.000	-130.900	-51.500	0.000	0.000	0.000
3738956733.364	164.417	182.328	182.555	0.000	170.196	295.173	0.000	287.725	0.000	155.000	163.000	0.000	0.000	0.000	0.000	0.000	0.000	1.000	1.000	0.000	0.464	-1.266	1.149	15112.908	-376.800	92.891	0.000	0.100	0.100	741.319	376.800	0.000	0.000	3.849	0.000	0.000	0.000	1.000	188.200	13.400	-122.800	-117.500	29.500	-130.900	-51.500	0.000	0.000	0.000
3738956743.366	164.420	182.322	182.549	0.000	170.211	295.174	0.000	287.729	0.000	155.000	163.000	0.000	0.000	0.000	0.000	0.000	0.000	1.000	1.000	0.000	0.161	1.305	3.719	15112.908	-376.800	93.865	0.000	0.100	0.100	746.791	376.800	0.000	0.000	3.335	0.000	0.000	0.000	1.000	188.200	17.900	-122.800	-117.500	30.000	-130.900	-51.500	0.000	0.000	0.000
3738956753.365	164.404	182.290	182.505	0.000	170.192	295.179	0.000	287.733	0.000	155.000	163.000	0.000	0.000	0.000	0.000	0.000	0.000	1.000	1.000	0.000	-0.142	6.446	1.149	14817.524	-376.800	93.217	0.000	0.100	0.100	737.409	376.800	0.000	0.000	3.335	0.000	0.000	0.000	1.000	183.100	16.600	-122.000	-117.500	30.000	-130.900	-50.700	0.000	0.000	0.000
3738956763.366	164.418	182.257	182.475	0.000	170.149	295.161	0.000	287.728	0.000	155.000	163.000	0.000	0.000	0.000	0.000	0.000	0.000	1.000	1.000	0.000	-0.142	3.876	3.719	15112.908	-376.800	93.125	0.000	0.100	0.100	735.063	376.800	0.000	0.000	2.307	0.000	0.000	0.000	1.000	178.000	16.600	-122.000	-117.500	30.000	-130.900	-51.500	0.000	0.000	0.000
3738956773.364	164.364	182.215	182.416	0.000	170.111	295.158	0.000	287.711	0.000	155.000	163.000	0.000	0.000	0.000	0.000	0.000	0.000	1.000	1.000	0.000	-0.142	3.876	6.290	15112.908	-376.800	93.171	0.000	0.100	0.100	747.573	376.800	0.000	0.000	2.821	0.000	0.000	0.000	1.000	215.000	14.000	-122.800	-117.500	30.000	-130.900	-51.500	0.000	0.000	0.000
3738956783.366	164.325	182.161	182.372	0.000	170.085	295.159	0.000	287.708	0.000	155.000	163.000	0.000	0.000	0.000	0.000	0.000	0.000	1.000	1.000	0.000	0.161	1.305	1.149	14817.524	-376.800	93.355	0.000	0.100	0.100	742.100	376.800	0.000	0.000	1.792	0.000	0.000	0.000	1.000	171.000	14.700	-122.200	-117.500	30.600	-131.200	-51.500	0.000	0.000	0.000
3738956793.364	164.291	182.152	182.335	0.000	170.046	295.153	0.000	287.700	0.000	155.000	163.000	0.000	0.000	0.000	0.000	0.000	0.000	1.000	1.000	0.000	-0.142	1.305	6.290	14817.524	-376.800	93.355	0.000	0.100	0.100	747.574	376.800	0.000	0.000	4.363	0.000	0.000	0.000	1.000	187.600	14.700	-122.200	-117.500	30.600	-131.200	-51.200	0.000	0.000	0.000
3738956803.364	164.262	182.106	182.300	0.000	170.029	295.163	0.000	287.706	0.000	155.000	163.000	0.000	0.000	0.000	0.000	0.000	0.000	1.000	1.000	0.000	0.161	-1.266	6.290	14817.524	-376.800	93.403	0.000	0.100	0.100	747.574	376.800	0.000	0.000	10.534	0.000	0.000	0.000	1.000	181.200	14.000	-122.800	-117.500	30.600	-131.200	-51.500	0.000	0.000	0.000
3738956813.364	164.217	182.054	182.245	0.000	169.997	295.163	0.000	287.715	0.000	155.000	163.000	0.000	0.000	0.000	0.000	0.000	0.000	1.000	1.000	0.000	-0.142	1.305	6.290	14817.524	-376.800	94.006	0.000	0.100	0.100	751.483	376.800	0.000	0.000	10.020	0.000	0.000	0.000	1.000	196.500	14.000	-122.200	-117.700	30.000	-131.200	-51.200	0.000	0.000	0.000
3738956823.365	164.226	182.055	182.237	0.000	169.993	295.179	0.000	287.724	0.000	155.000	163.000	0.000	0.000	0.000	0.000	0.000	0.000	1.000	1.000	0.000	-0.142	3.876	1.149	15112.908	-376.800	93.263	0.000	0.100	0.100	749.920	376.800	0.000	0.000	10.534	0.000	0.000	0.000	1.000	202.900	14.700	-122.500	-117.500	30.000	-131.200	-51.200	0.000	0.000	0.000
3738956833.365	164.192	182.016	182.196	0.000	169.957	295.171	0.000	287.714	0.000	155.000	163.000	0.000	0.000	0.000	0.000	0.000	0.000	1.000	1.000	0.000	0.161	-1.266	6.290	14817.524	-376.800	94.375	0.000	0.100	0.100	753.828	376.800	0.000	0.000	9.505	0.000	0.000	0.000	1.000	213.100	15.300	-122.500	-117.500	30.600	-131.200	-51.500	0.000	0.000	0.000
3738956843.365	164.190	181.996	182.166	0.000	169.937	295.183	0.000	287.712	0.000	155.000	163.000	0.000	0.000	0.000	0.000	0.000	0.000	1.000	1.000	0.000	0.766	1.305	3.719	14817.524	-376.800	92.891	0.000	0.100	0.100	746.010	376.800	0.000	0.000	9.505	0.000	0.000	0.000	1.000	190.800	14.000	-122.200	-117.700	30.000	-131.200	-51.200	0.000	0.000	0.000
3738956853.365	164.156	181.954	182.134	0.000	169.904	295.167	0.000	287.686	0.000	155.000	163.000	0.000	0.000	0.000	0.000	0.000	0.000	1.000	1.000	0.000	0.464	1.305	1.149	15112.908	-376.800	92.938	0.000	0.100	0.100	740.537	376.800	0.000	0.000	10.020	0.000	0.000	0.000	1.000	178.000	14.000	-122.200	-117.700	30.000	-131.200	-51.500	0.000	0.000	0.000
3738956863.365	164.128	181.909	182.074	0.000	169.868	295.166	0.000	287.679	0.000	155.000	163.000	0.000	0.000	0.000	0.000	0.000	0.000	1.000	1.000	0.000	0.161	-1.266	3.719	14817.524	-376.800	93.171	0.000	0.100	0.100	749.919	376.800	0.000	0.000	8.477	0.000	0.000	0.000	1.000	215.600	15.300	-122.800	-117.700	29.500	-131.200	-51.500	0.000	0.000	0.000
3738956873.365	164.107	181.884	182.047	0.000	169.848	295.173	0.000	287.693	0.000	155.000	163.000	0.000	0.000	0.000	0.000	0.000	0.000	1.000	1.000	0.000	-0.142	1.305	6.290	15112.908	-376.800	93.959	0.000	0.100	0.100	753.829	376.800	0.000	0.000	7.963	0.000	0.000	0.000	1.000	187.600	16.000	-122.200	-117.700	30.000	-131.200	-51.500	0.000	0.000	0.000
3738956883.364	164.102	181.870	182.027	0.000	169.845	295.180	0.000	287.687	0.000	155.000	163.000	0.000	0.000	0.000	0.000	0.000	0.000	1.000	1.000	0.000	0.464	3.876	6.290	14817.524	-376.800	93.679	0.000	0.100	0.100	741.318	376.800	0.000	0.000	7.449	0.000	0.000	0.000	1.000	172.300	14.000	-122.800	-117.700	30.000	-131.500	-51.500	0.000	0.000	0.000
3738956893.364	164.068	181.831	181.982	0.000	169.794	295.172	0.000	287.667	0.000	155.000	163.000	0.000	0.000	0.000	0.000	0.000	0.000	1.000	1.000	0.000	0.161	3.876	6.290	15112.908	-376.800	93.309	0.000	0.100	0.100	746.010	376.800	0.000	0.000	6.934	0.000	0.000	0.000	1.000	219.500	17.200	-122.200	-117.700	29.500	-131.200	-51.500	0.000	0.000	0.000
3738956903.365	164.055	181.798	181.960	0.000	169.779	295.182	0.000	287.684	0.000	155.000	163.000	0.000	0.000	0.000	0.000	0.000	0.000	1.000	1.000	0.000	0.464	1.305	6.290	14817.524	-376.800	93.449	0.000	0.100	0.100	738.191	376.800	0.000	0.000	6.934	0.000	0.000	0.000	1.000	183.100	17.200	-122.800	-117.700	29.500	-131.500	-51.500	0.000	0.000	0.000
3738956913.365	164.054	181.767	181.908	0.000	169.748	295.185	0.000	287.674	0.000	155.000	163.000	0.000	0.000	0.000	0.000	0.000	0.000	1.000	1.000	0.000	0.161	1.305	1.149	15112.908	-376.800	92.707	0.000	0.100	0.100	741.319	376.800	0.000	0.000	6.420	0.000	0.000	0.000	1.000	198.400	14.700	-123.100	-117.700	29.500	-131.200	-51.900	0.000	0.000	0.000
3738956923.364	164.020	181.729	181.882	0.000	169.710	295.184	0.000	287.660	0.000	155.000	163.000	0.000	0.000	0.000	0.000	0.000	0.000	1.000	1.000	0.000	0.161	-1.266	3.719	15112.908	-376.800	92.939	0.000	0.100	0.100	747.574	376.800	0.000	0.000	6.420	0.000	0.000	0.000	1.000	172.900	16.000	-122.200	-117.700	30.000	-131.500	-51.500	0.000	0.000	0.000
3738956933.364	164.026	181.718	181.843	0.000	169.701	295.198	0.000	287.660	0.000	155.000	163.000	0.000	0.000	0.000	0.000	0.000	0.000	1.000	1.000	0.000	0.161	1.305	1.149	14817.524	-376.800	92.613	0.000	0.100	0.100	734.281	376.800	0.000	0.000	5.906	0.000	0.000	0.000	1.000	184.400	13.400	-123.100	-117.700	30.000	-131.200	-51.500	0.000	0.000	0.000
3738956943.366	164.004	181.693	181.818	0.000	169.690	295.192	0.000	287.652	0.000	155.000	163.000	0.000	0.000	0.000	0.000	0.000	0.000	1.000	1.000	0.000	-0.142	1.305	3.719	14817.524	-376.800	93.447	0.000	0.100	0.100	739.754	376.800	0.000	0.000	4.878	0.000	0.000	0.000	1.000	202.200	17.200	-122.500	-117.700	30.000	-131.500	-51.500	0.000	0.000	0.000
3738956953.365	163.987	181.660	181.779	0.000	169.677	295.186	0.000	287.654	0.000	155.000	163.000	0.000	0.000	0.000	0.000	0.000	0.000	1.000	1.000	0.000	-0.142	3.876	3.719	15112.908	-376.800	93.076	0.000	0.100	0.100	742.100	376.800	0.000	0.000	4.878	0.000	0.000	0.000	1.000	167.800	13.400	-123.100	-117.700	30.600	-131.500	-51.500	0.000	0.000	0.000
3738956963.365	163.976	181.642	181.762	0.000	169.653	295.202	0.000	287.665	0.000	155.000	163.000	0.000	0.000	0.000	0.000	0.000	0.000	1.000	1.000	0.000	0.161	3.876	6.290	14527.913	-376.800	93.540	0.000	0.100	0.100	746.009	376.800	0.000	0.000	4.363	0.000	0.000	0.000	1.000	198.400	13.400	-123.100	-117.700	30.600	-131.500	-51.500	0.000	0.000	0.000
3738956973.365	163.984	181.642	181.744	0.000	169.648	295.203	0.000	287.656	0.000	155.000	163.000	0.000	0.000	0.000	0.000	0.000	0.000	1.000	1.000	0.000	0.161	-1.266	1.149	14817.524	-376.800	93.772	0.000	0.100	0.100	744.446	376.800	0.000	0.000	4.363	0.000	0.000	0.000	1.000	197.800	14.000	-123.100	-117.700	29.500	-131.500	-51.500	0.000	0.000	0.000
3738956983.365	163.954	181.591	181.682	0.000	169.598	295.195	0.000	287.655	0.000	155.000	163.000	0.000	0.000	0.000	0.000	0.000	0.000	1.000	1.000	0.000	-0.142	3.876	6.290	15112.908	-376.800	93.633	0.000	0.100	0.100	740.536	376.800	0.000	0.000	3.335	0.000	0.000	0.000	1.000	185.700	14.700	-122.800	-117.700	30.600	-131.500	-51.900	0.000	0.000	0.000
3738956993.365	163.933	181.562	181.655	0.000	169.583	295.191	0.000	287.649	0.000	155.000	163.000	0.000	0.000	0.000	0.000	0.000	0.000	1.000	1.000	0.000	0.161	1.305	1.149	14817.524	-376.800	93.216	0.000	0.100	0.100	738.973	376.800	0.000	0.000	3.849	0.000	0.000	0.000	1.000	211.800	16.000	-123.100	-118.000	29.500	-131.500	-51.500	0.000	0.000	0.000
3738957003.365	163.909	181.540	181.623	0.000	169.556	295.189	0.000	287.636	0.000	155.000	163.000	0.000	0.000	0.000	0.000	0.000	0.000	1.000	1.000	0.000	0.161	1.305	6.290	14817.524	-376.800	93.170	0.000	0.100	0.100	744.446	376.800	0.000	0.000	3.335	0.000	0.000	0.000	1.000	183.100	14.000	-123.300	-117.700	29.500	-131.500	-52.200	0.000	0.000	0.000
3738957013.365	163.899	181.489	181.576	0.000	169.525	295.184	0.000	287.618	0.000	155.000	163.000	0.000	0.000	0.000	0.000	0.000	0.000	1.000	1.000	0.000	0.161	1.305	3.719	14817.524	-376.800	93.634	0.000	0.100	0.100	748.355	376.800	0.000	0.000	2.821	0.000	0.000	0.000	1.000	203.500	16.000	-123.100	-118.000	29.500	-131.500	-51.500	0.000	0.000	0.000
3738957023.365	163.878	181.476	181.556	0.000	169.527	295.193	0.000	287.637	0.000	155.000	163.000	0.000	0.000	0.000	0.000	0.000	0.000	1.000	1.000	0.000	0.161	1.305	3.719	15112.908	-376.800	93.123	0.000	0.100	0.100	741.318	376.800	0.000	0.000	2.307	0.000	0.000	0.000	1.000	190.800	17.200	-12.000	-0.000	30.000	-131.500	-52.200	0.000	0.000	0.000
3738957033.366	163.872	181.452	181.526	0.000	169.495	295.199	0.000	287.629	0.000	155.000	163.000	0.000	0.000	0.000	0.000	0.000	0.000	1.000	1.000	0.000	-0.142	3.876	3.719	15112.908	-376.800	92.567	0.000	0.100	0.100	742.100	376.800	0.000	0.000	1.792	0.000	0.000	0.000	1.000	170.300	17.200	-122.800	-118.000	29.500	-131.500	-51.900	0.000	0.000	0.000
3738957043.364	163.865	181.424	181.488	0.000	169.480	295.193	0.000	287.641	0.000	155.000	163.000	0.000	0.000	0.000	0.000	0.000	0.000	1.000	1.000	0.000	0.161	1.305	3.719	15414.181	-376.800	93.494	0.000	0.100	0.100	749.920	376.800	0.000	0.000	11.048	0.000	0.000	0.000	1.000	213.700	13.400	-123.300	-118.000	30.000	-131.500	-52.200	0.000	0.000	0.000
3738957053.365	163.860	181.421	181.469	0.000	169.465	295.198	0.000	287.640	0.000	155.000	163.000	0.000	0.000	0.000	0.000	0.000	0.000	1.000	1.000	0.000	-0.142	1.305	3.719	14817.524	-376.800	93.401	0.000	0.100	0.100	745.227	376.800	0.000	0.000	10.534	0.000	0.000	0.000	1.000	167.200	14.700	-122.800	-117.700	30.000	-131.500	-51.500	0.000	0.000	0.000
3738957063.365	163.834	181.374	181.428	0.000	169.442	295.195	0.000	287.623	0.000	155.000	163.000	0.000	0.000	0.000	0.000	0.000	0.000	1.000	1.000	0.000	-0.142	6.446	3.719	15112.908	-376.800	93.030	0.000	0.100	0.100	746.792	376.800	0.000	0.000	10.020	0.000	0.000	0.000	1.000	198.400	12.800	-123.300	-118.000	29.500	-131.500	-51.900	0.000	0.000	0.000
3738957073.365	163.811	181.346	181.402	0.000	169.418	295.201	0.000	287.613	0.000	155.000	163.000	0.000	0.000	0.000	0.000	0.000	0.000	1.000	1.000	0.000	0.161	3.876	3.719	14817.524	-376.800	93.030	0.000	0.100	0.100	752.265	376.800	0.000	0.000	9.505	0.000	0.000	0.000	1.000	192.700	14.000	-122.500	-118.000	30.000	-131.500	-51.500	0.000	0.000	0.000
3738957083.365	163.769	181.314	181.360	0.000	169.377	295.195	0.000	287.606	0.000	155.000	163.000	0.000	0.000	0.000	0.000	0.000	0.000	1.000	1.000	0.000	-0.142	1.305	3.719	14817.524	-376.800	93.494	0.000	0.100	0.100	750.701	376.800	0.000	0.000	10.020	0.000	0.000	0.000	1.000	197.800	13.400	-123.100	-118.000	30.000	-131.500	-51.500	0.000	0.000	0.000
3738957093.365	163.771	181.273	181.321	0.000	169.357	295.184	0.000	287.603	0.000	155.000	163.000	0.000	0.000	0.000	0.000	0.000	0.000	1.000	1.000	0.000	0.464	3.876	6.290	14817.524	-376.800	93.449	0.000	0.100	0.100	749.138	376.800	0.000	0.000	8.991	0.000	0.000	0.000	1.000	192.700	16.600	-123.100	-118.000	29.500	-131.500	-52.200	0.000	0.000	0.000
3738957103.364	163.771	181.263	181.295	0.000	169.351	295.197	0.000	287.608	0.000	155.000	163.000	0.000	0.000	0.000	0.000	0.000	0.000	1.000	1.000	0.000	0.464	-1.266	3.719	14817.524	-376.800	93.264	0.000	0.100	0.100	748.355	376.800	0.000	0.000	8.477	0.000	0.000	0.000	1.000	202.900	16.000	-123.100	-118.000	29.500	-131.500	-51.900	0.000	0.000	0.000
3738957113.365	163.732	181.229	181.263	0.000	169.319	295.188	0.000	287.589	0.000	155.000	163.000	0.000	0.000	0.000	0.000	0.000	0.000	1.000	1.000	0.000	0.161	1.305	3.719	14527.913	-376.800	93.588	0.000	0.100	0.100	742.882	376.800	0.000	0.000	8.477	0.000	0.000	0.000	1.000	218.200	17.200	-123.100	-118.000	29.500	-131.500	-51.500	0.000	0.000	0.000
3738957123.365	163.695	181.181	181.207	0.000	169.271	295.163	0.000	287.591	0.000	155.000	163.000	0.000	0.000	0.000	0.000	0.000	0.000	1.000	1.000	0.000	0.464	3.876	6.290	15112.908	-376.800	93.773	0.000	0.100	0.100	743.664	376.800	0.000	0.000	7.963	0.000	0.000	0.000	1.000	179.300	16.000	-123.100	-118.000	29.500	-131.500	-52.200	0.000	0.000	0.000
3738957133.364	163.688	181.153	181.190	0.000	169.269	295.189	0.000	287.596	0.000	155.000	163.000	0.000	0.000	0.000	0.000	0.000	0.000	1.000	1.000	0.000	0.161	3.876	6.290	15112.908	-376.800	92.939	0.000	0.100	0.100	741.319	376.800	0.000	0.000	7.449	0.000	0.000	0.000	1.000	197.800	13.400	-122.800	-118.000	30.600	-131.500	-52.200	0.000	0.000	0.000
3738957143.365	163.645	181.116	181.131	0.000	169.247	295.172	0.000	287.584	0.000	155.000	163.000	0.000	0.000	0.000	0.000	0.000	0.000	1.000	1.000	0.000	0.161	1.305	6.290	14817.524	-376.800	93.958	0.000	0.100	0.100	748.356	376.800	0.000	0.000	6.934	0.000	0.000	0.000	1.000	187.600	17.200	-123.100	-118.000	29.500	-131.500	-52.200	0.000	0.000	0.000
3738957153.364	163.671	181.106	181.131	0.000	169.246	295.181	0.000	287.588	0.000	155.000	163.000	0.000	0.000	0.000	0.000	0.000	0.000	1.000	1.000	0.000	-0.142	1.305	6.290	14817.524	-376.800	93.818	0.000	0.100	0.100	749.137	376.800	0.000	0.000	3.335	0.000	0.000	0.000	1.000	186.300	16.600	-122.800	-118.000	30.000	-131.500	-52.200	0.000	0.000	0.000
3738957163.365	163.675	181.094	181.103	0.000	169.272	295.173	0.000	287.585	0.000	155.000	163.000	0.000	0.000	0.000	0.000	0.000	0.000	1.000	1.000	0.000	0.161	1.305	3.719	15112.908	-376.800	93.401	0.000	0.100	0.100	747.573	376.800	0.000	0.000	5.392	0.000	0.000	0.000	1.000	177.400	14.000	-123.100	-118.000	30.600	-131.500	-51.900	0.000	0.000	0.000
3738957173.364	163.662	181.045	181.068	0.000	169.233	295.168	0.000	287.582	0.000	155.000	163.000	0.000	0.000	0.000	0.000	0.000	0.000	1.000	1.000	0.000	0.161	-1.266	6.290	14817.524	-376.800	93.077	0.000	0.100	0.100	744.446	376.800	0.000	0.000	5.906	0.000	0.000	0.000	1.000	201.000	16.600	-122.800	-118.000	30.000	-131.700	-51.500	0.000	0.000	0.000
3738957183.364	163.661	181.024	181.031	0.000	169.207	295.177	0.000	287.571	0.000	155.000	163.000	0.000	0.000	0.000	0.000	0.000	0.000	1.000	1.000	0.000	0.766	1.305	3.719	15112.908	-376.800	93.542	0.000	0.100	0.100	743.664	376.800	0.000	0.000	5.392	0.000	0.000	0.000	1.000	175.500	16.600	-122.800	-118.000	30.000	-131.700	-51.500	0.000	0.000	0.000
3738957193.364	163.641	180.996	181.007	0.000	169.191	295.176	0.000	287.560	0.000	155.000	163.000	0.000	0.000	0.000	0.000	0.000	0.000	1.000	1.000	0.000	0.464	1.305	6.290	14817.524	-376.800	93.542	0.000	0.100	0.100	748.355	376.800	0.000	0.000	4.363	0.000	0.000	0.000	1.000	177.400	17.200	-123.100	-118.200	29.500	-131.500	-52.200	0.000	0.000	0.000
3738957203.366	163.639	180.967	180.967	0.000	169.178	295.176	0.000	287.562	0.000	155.000	163.000	0.000	0.000	0.000	0.000	0.000	0.000	1.000	1.000	0.000	0.161	3.876	3.719	14817.524	-376.800	93.681	0.000	0.100	0.100	753.047	376.800	0.000	0.000	4.363	0.000	0.000	0.000	1.000	203.500	12.800	-123.300	-118.200	29.500	-131.500	-52.200	0.000	0.000	0.000
3738957213.365	163.610	180.932	180.938	0.000	169.154	295.181	0.000	287.556	0.000	155.000	163.000	0.000	0.000	0.000	0.000	0.000	0.000	1.000	1.000	0.000	0.464	1.305	3.719	14817.524	-376.800	93.311	0.000	0.100	0.100	737.409	376.800	0.000	0.000	3.849	0.000	0.000	0.000	1.000	167.800	14.000	-123.300	-118.200	30.000	-131.700	-51.500	0.000	0.000	0.000
3738957223.364	163.591	180.887	180.886	0.000	169.121	295.168	0.000	287.536	0.000	155.000	163.000	0.000	0.000	0.000	0.000	0.000	0.000	1.000	1.000	0.000	0.464	1.305	3.719	15112.908	-376.800	93.310	0.000	0.100	0.100	750.701	376.800	0.000	0.000	4.363	0.000	0.000	0.000	1.000	177.400	16.000	-123.100	-118.200	30.000	-131.500	-52.200	0.000	0.000	0.000
3738957233.365	163.573	180.861	180.848	0.000	169.095	295.164	0.000	287.537	0.000	155.000	163.000	0.000	0.000	0.000	0.000	0.000	0.000	1.000	1.000	0.000	-0.142	3.876	3.719	14817.524	-376.800	93.866	0.000	0.100	0.100	748.355	376.800	0.000	0.000	3.335	0.000	0.000	0.000	1.000	200.300	17.200	-123.100	-118.200	29.500	-131.700	-52.200	0.000	0.000	0.000
3738957243.366	163.535	180.829	180.824	0.000	169.094	295.178	0.000	287.541	0.000	155.000	163.000	0.000	0.000	0.000	0.000	0.000	0.000	1.000	1.000	0.000	-0.142	3.876	1.149	14817.524	-376.800	94.097	0.000	0.100	0.100	746.009	376.800	0.000	0.000	2.821	0.000	0.000	0.000	1.000	192.700	14.700	-123.100	-118.000	30.600	-131.700	-52.200	0.000	0.000	0.000
3738957253.365	163.529	180.820	180.788	0.000	169.070	295.168	0.000	287.529	0.000	155.000	163.000	0.000	0.000	0.000	0.000	0.000	0.000	1.000	1.000	0.000	0.161	3.876	1.149	14817.524	-376.800	93.957	0.000	0.100	0.100	747.573	376.800	0.000	0.000	2.307	0.000	0.000	0.000	1.000	167.800	13.400	-123.300	-118.200	29.500	-131.700	-52.200	0.000	0.000	0.000
3738957263.365	163.478	180.754	180.738	0.000	169.023	295.161	0.000	287.536	0.000	155.000	163.000	0.000	0.000	0.000	0.000	0.000	0.000	1.000	1.000	0.000	-0.445	1.305	6.290	14817.524	-376.800	93.215	0.000	0.100	0.100	742.882	376.800	0.000	0.000	2.307	0.000	0.000	0.000	1.000	198.400	17.200	-122.800	-118.200	29.500	-131.700	-51.900	0.000	0.000	0.000
3738957273.365	163.438	180.704	180.691	0.000	169.004	295.159	0.000	287.535	0.000	155.000	163.000	0.000	0.000	0.000	0.000	0.000	0.000	1.000	1.000	0.000	-0.142	6.446	3.719	15112.908	-376.800	93.540	0.000	0.100	0.100	746.792	376.800	0.000	0.000	9.505	0.000	0.000	0.000	1.000	208.000	14.000	-123.600	-118.200	30.000	-131.700	-52.200	0.000	0.000	0.000
3738957283.364	163.394	180.691	180.660	0.000	168.987	295.175	0.000	287.536	0.000	155.000	163.000	0.000	0.000	0.000	0.000	0.000	0.000	1.000	1.000	0.000	0.464	1.305	1.149	15112.908	-376.800	93.308	0.000	0.100	0.100	742.882	376.800	0.000	0.000	7.449	0.000	0.000	0.000	1.000	182.500	13.400	-123.100	-118.200	30.000	-131.700	-51.900	0.000	0.000	0.000
3738957293.364	163.384	180.635	180.620	0.000	168.948	295.169	0.000	287.528	0.000	155.000	163.000	0.000	0.000	0.000	0.000	0.000	0.000	1.000	1.000	0.000	-0.445	1.305	6.290	15112.908	-376.800	93.725	0.000	0.100	0.100	746.791	376.800	0.000	0.000	11.048	0.000	0.000	0.000	1.000	204.800	14.000	-122.800	-118.200	30.000	-131.700	-51.500	0.000	0.000	0.000
3738957303.365	163.369	180.618	180.593	0.000	168.926	295.181	0.000	287.512	0.000	155.000	163.000	0.000	0.000	0.000	0.000	0.000	0.000	1.000	1.000	0.000	0.161	-1.266	3.719	15112.908	-376.800	92.567	0.000	0.100	0.100	752.265	376.800	0.000	0.000	10.020	0.000	0.000	0.000	1.000	197.800	14.000	-123.600	-118.200	30.000	-131.700	-52.200	0.000	0.000	0.000
3738957313.366	163.367	180.603	180.567	0.000	168.917	295.186	0.000	287.511	0.000	155.000	163.000	0.000	0.000	0.000	0.000	0.000	0.000	1.000	1.000	0.000	0.161	3.876	1.149	14527.913	-376.800	92.659	0.000	0.100	0.100	748.355	376.800	0.000	0.000	10.020	0.000	0.000	0.000	1.000	167.800	14.000	-122.800	-118.200	30.000	-131.700	-52.200	0.000	0.000	0.000
3738957323.365	163.355	180.578	180.548	0.000	168.896	295.175	0.000	287.518	0.000	155.000	163.000	0.000	0.000	0.000	0.000	0.000	0.000	1.000	1.000	0.000	0.161	1.305	3.719	14817.524	-376.800	92.798	0.000	0.100	0.100	742.883	376.800	0.000	0.000	10.020	0.000	0.000	0.000	1.000	188.200	14.000	-123.600	-118.200	29.500	-131.700	-52.200	0.000	0.000	0.000
3738957333.366	163.314	180.538	180.493	0.000	168.865	295.175	0.000	287.515	0.000	155.000	163.000	0.000	0.000	0.000	0.000	0.000	0.000	1.000	1.000	0.000	-0.142	1.305	6.290	14817.524	-376.800	93.864	0.000	0.100	0.100	748.355	376.800	0.000	0.000	8.991	0.000	0.000	0.000	1.000	192.700	16.600	-122.800	-118.200	30.000	-131.700	-51.900	0.000	0.000	0.000
3738957343.365	163.299	180.497	180.463	0.000	168.815	295.179	0.000	287.518	0.000	155.000	163.000	0.000	0.000	0.000	0.000	0.000	0.000	1.000	1.000	0.000	0.161	1.305	3.719	15112.908	-376.800	93.123	0.000	0.100	0.100	738.191	376.800	0.000	0.000	8.477	0.000	0.000	0.000	1.000	182.500	12.800	-123.600	-118.200	30.000	-131.700	-51.900	0.000	0.000	0.000
3738957353.365	163.279	180.452	180.401	0.000	168.794	295.169	0.000	287.189	0.000	155.000	163.000	0.000	0.000	0.000	0.000	0.000	0.000	1.000	1.000	0.000	0.161	1.305	3.719	14817.524	-376.800	93.170	0.000	0.100	0.100	743.664	376.800	0.000	0.000	8.477	0.000	0.000	0.000	1.000	208.600	13.400	-123.300	-118.200	30.600	-131.700	-52.200	0.000	0.000	0.000
3738957363.364	163.252	180.428	180.376	0.000	168.781	295.159	0.000	287.348	0.000	155.000	163.000	0.000	0.000	0.000	0.000	0.000	0.000	1.000	1.000	0.000	0.161	-1.266	6.290	15112.908	-376.800	93.262	0.000	0.100	0.100	746.792	376.800	0.000	0.000	7.963	0.000	0.000	0.000	1.000	165.900	14.000	-123.300	-118.200	30.600	-131.700	-52.200	0.000	0.000	0.000
3738957373.365	163.200	180.395	180.337	0.000	168.744	295.147	0.000	287.394	0.000	155.000	163.000	0.000	0.000	0.000	0.000	0.000	0.000	1.000	1.000	0.000	0.161	3.876	1.149	15112.908	-376.800	93.587	0.000	0.100	0.100	741.318	376.800	0.000	0.000	7.449	0.000	0.000	0.000	1.000	195.900	14.700	-123.100	-118.200	30.600	-131.700	-52.200	0.000	0.000	0.000
3738957383.365	163.183	180.359	180.305	0.000	168.737	295.173	0.000	287.446	0.000	155.000	163.000	0.000	0.000	0.000	0.000	0.000	0.000	1.000	1.000	0.000	0.464	3.876	3.719	14817.524	-376.800	93.448	0.000	0.100	0.100	744.446	376.800	0.000	0.000	7.449	0.000	0.000	0.000	1.000	169.100	17.200	-123.100	-118.200	29.500	-131.700	-51.900	0.000	0.000	0.000
3738957393.365	163.136	180.331	180.265	0.000	168.697	295.171	0.000	287.460	0.000	155.000	163.000	0.000	0.000	0.000	0.000	0.000	0.000	1.000	1.000	0.000	-0.142	1.305	1.149	14817.524	-376.800	92.753	0.000	0.100	0.100	746.010	376.800	0.000	0.000	3.849	0.000	0.000	0.000	1.000	172.900	14.700	-123.300	-118.200	30.600	-131.700	-52.200	0.000	0.000	0.000
3738957403.364	163.145	180.318	180.244	0.000	168.684	295.183	0.000	287.464	0.000	155.000	163.000	0.000	0.000	0.000	0.000	0.000	0.000	1.000	1.000	0.000	0.161	3.876	6.290	15112.908	-376.800	93.170	0.000	0.100	0.100	742.100	376.800	0.000	0.000	2.821	0.000	0.000	0.000	1.000	165.200	13.400	-123.100	-118.200	30.000	-131.700	-52.200	0.000	0.000	0.000
3738957413.364	163.126	180.269	180.197	0.000	168.658	295.185	0.000	287.453	0.000	155.000	163.000	0.000	0.000	0.000	0.000	0.000	0.000	1.000	1.000	0.000	0.464	1.305	3.719	15112.908	-376.800	93.587	0.000	0.100	0.100	746.791	376.800	0.000	0.000	5.392	0.000	0.000	0.000	1.000	167.800	12.800	-123.600	-118.200	30.000	-131.700	-52.200	0.000	0.000	0.000
3738957423.365	163.101	180.233	180.163	0.000	168.630	295.168	0.000	287.456	0.000	155.000	163.000	0.000	0.000	0.000	0.000	0.000	0.000	1.000	1.000	0.000	0.464	3.876	1.149	14817.524	-376.800	93.031	0.000	0.100	0.100	749.138	376.800	0.000	0.000	2.821	0.000	0.000	0.000	1.000	206.700	13.400	-123.900	-118.200	30.000	-131.700	-52.200	0.000	0.000	0.000
3738957433.365	163.089	180.196	180.122	0.000	168.596	295.157	0.000	287.446	0.000	155.000	163.000	0.000	0.000	0.000	0.000	0.000	0.000	1.000	1.000	0.000	0.766	-1.266	3.719	14817.524	-376.800	92.520	0.000	0.100	0.100	741.319	376.800	0.000	0.000	5.392	0.000	0.000	0.000	1.000	208.600	14.000	-123.900	-118.200	29.500	-131.700	-52.200	0.000	0.000	0.000
3738957443.364	163.084	180.190	180.117	0.000	168.597	295.177	0.000	287.461	0.000	155.000	163.000	0.000	0.000	0.000	0.000	0.000	0.000	1.000	1.000	0.000	0.161	-1.266	3.719	15112.908	-376.800	93.772	0.000	0.100	0.100	738.191	376.800	0.000	0.000	4.363	0.000	0.000	0.000	1.000	172.900	12.100	-123.900	-118.600	29.500	-131.700	-52.200	0.000	0.000	0.000
3738957453.364	163.083	180.171	180.092	0.000	168.573	295.171	0.000	287.450	0.000	155.000	163.000	0.000	0.000	0.000	0.000	0.000	0.000	1.000	1.000	0.000	0.464	3.876	1.149	14527.913	-376.800	93.216	0.000	0.100	0.100	739.755	376.800	0.000	0.000	1.278	0.000	0.000	0.000	1.000	195.200	14.000	-123.900	-118.200	29.500	-131.700	-52.200	0.000	0.000	0.000
3738957463.365	163.051	180.128	180.052	0.000	168.535	295.169	0.000	287.446	0.000	155.000	163.000	0.000	0.000	0.000	0.000	0.000	0.000	1.000	1.000	0.000	0.464	6.446	6.290	15112.908	-376.800	93.681	0.000	0.100	0.100	742.100	376.800	0.000	0.000	3.849	0.000	0.000	0.000	1.000	169.100	12.800	-123.100	-118.200	30.000	-131.700	-52.200	0.000	0.000	0.000
3738957473.365	163.018	180.088	179.985	0.000	168.509	295.160	0.000	287.433	0.000	155.000	163.000	0.000	0.000	0.000	0.000	0.000	0.000	1.000	1.000	0.000	0.464	3.876	1.149	14817.524	-376.800	93.125	0.000	0.100	0.100	749.920	376.800	0.000	0.000	3.335	0.000	0.000	0.000	1.000	196.500	16.600	-123.600	-118.600	29.500	-131.700	-52.200	0.000	0.000	0.000
3738957483.364	162.993	180.059	179.971	0.000	168.481	295.165	0.000	287.433	0.000	155.000	163.000	0.000	0.000	0.000	0.000	0.000	0.000	1.000	1.000	0.000	0.464	-1.266	3.719	14817.524	-376.800	92.476	0.000	0.100	0.100	738.973	376.800	0.000	0.000	10.020	0.000	0.000	0.000	1.000	197.100	14.000	-123.600	-118.600	30.000	-131.700	-52.700	0.000	0.000	0.000
3738957493.364	162.972	180.031	179.930	0.000	168.467	295.176	0.000	287.448	0.000	155.000	163.000	0.000	0.000	0.000	0.000	0.000	0.000	1.000	1.000	0.000	0.161	3.876	3.719	14817.524	-376.800	93.726	0.000	0.100	0.100	745.227	376.800	0.000	0.000	8.991	0.000	0.000	0.000	1.000	196.500	14.000	-123.900	-118.600	30.000	-131.700	-52.700	0.000	0.000	0.000
3738957503.364	162.939	180.001	179.892	0.000	168.440	295.172	0.000	287.434	0.000	155.000	163.000	0.000	0.000	0.000	0.000	0.000	0.000	1.000	1.000	0.000	-0.142	6.446	3.719	14817.524	-376.800	93.633	0.000	0.100	0.100	746.791	376.800	0.000	0.000	8.991	0.000	0.000	0.000	1.000	179.300	12.800	-123.600	-118.600	30.000	-131.700	-52.200	0.000	0.000	0.000
3738957513.364	162.925	179.971	179.877	0.000	168.423	295.175	0.000	287.446	0.000	155.000	163.000	0.000	0.000	0.000	0.000	0.000	0.000	1.000	1.000	0.000	0.464	1.305	6.290	14817.524	-376.800	92.474	0.000	0.100	0.100	746.792	376.800	0.000	0.000	9.505	0.000	0.000	0.000	1.000	208.000	14.000	-123.100	-118.600	30.000	-132.000	-52.200	0.000	0.000	0.000
3738957523.365	162.906	179.926	179.808	0.000	168.385	295.166	0.000	287.436	0.000	155.000	163.000	0.000	0.000	0.000	0.000	0.000	0.000	1.000	1.000	0.000	0.464	3.876	1.149	15112.908	-376.800	92.799	0.000	0.100	0.100	739.755	376.800	0.000	0.000	8.477	0.000	0.000	0.000	1.000	208.600	14.000	-123.600	-118.600	30.000	-131.700	-52.200	0.000	0.000	0.000
3738957533.364	162.874	179.888	179.786	0.000	168.356	295.169	0.000	287.439	0.000	155.000	163.000	0.000	0.000	0.000	0.000	0.000	0.000	1.000	1.000	0.000	-0.142	-1.266	3.719	15414.181	-376.800	93.728	0.000	0.100	0.100	751.483	376.800	0.000	0.000	8.477	0.000	0.000	0.000	1.000	208.000	16.000	-123.600	-118.600	29.500	-132.000	-52.200	0.000	0.000	0.000
3738957543.364	162.854	179.890	179.763	0.000	168.346	295.180	0.000	287.434	0.000	155.000	163.000	0.000	0.000	0.000	0.000	0.000	0.000	1.000	1.000	0.000	-0.142	1.305	3.719	15112.908	-376.800	93.078	0.000	0.100	0.100	745.228	376.800	0.000	0.000	7.963	0.000	0.000	0.000	1.000	205.400	17.200	-123.300	-118.600	29.500	-132.000	-52.200	0.000	0.000	0.000
3738957553.364	162.841	179.828	179.729	0.000	168.318	295.183	0.000	287.431	0.000	155.000	163.000	0.000	0.000	0.000	0.000	0.000	0.000	1.000	1.000	0.000	0.161	-1.266	1.149	15112.908	-376.800	93.123	0.000	0.100	0.100	746.009	376.800	0.000	0.000	6.934	0.000	0.000	0.000	1.000	171.000	16.600	-123.900	-118.600	30.000	-131.700	-52.200	0.000	0.000	0.000
3738957563.365	162.815	179.793	179.682	0.000	168.291	295.179	0.000	287.424	0.000	155.000	163.000	0.000	0.000	0.000	0.000	0.000	0.000	1.000	1.000	0.000	0.464	1.305	3.719	14817.524	-376.800	93.078	0.000	0.100	0.100	740.537	376.800	0.000	0.000	7.449	0.000	0.000	0.000	1.000	172.900	14.700	-123.300	-118.600	29.500	-132.000	-52.200	0.000	0.000	0.000
3738957573.364	162.781	179.770	179.652	0.000	168.258	295.178	0.000	287.425	0.000	155.000	163.000	0.000	0.000	0.000	0.000	0.000	0.000	1.000	1.000	0.000	0.464	1.305	1.149	14817.524	-376.800	93.032	0.000	0.100	0.100	743.664	376.800	0.000	0.000	6.420	0.000	0.000	0.000	1.000	166.500	13.400	-123.900	-118.600	30.000	-131.700	-52.200	0.000	0.000	0.000
3738957583.364	162.785	179.753	179.617	0.000	168.247	295.176	0.000	287.411	0.000	155.000	163.000	0.000	0.000	0.000	0.000	0.000	0.000	1.000	1.000	0.000	-0.142	3.876	6.290	14817.524	-376.800	93.169	0.000	0.100	0.100	731.154	376.800	0.000	0.000	6.420	0.000	0.000	0.000	1.000	197.800	13.400	-123.900	-118.600	30.000	-132.000	-52.200	0.000	0.000	0.000
3738957593.365	162.778	179.733	179.596	0.000	168.228	295.177	0.000	287.416	0.000	155.000	163.000	0.000	0.000	0.000	0.000	0.000	0.000	1.000	1.000	0.000	0.161	1.305	3.719	15112.908	-376.800	93.681	0.000	0.100	0.100	751.483	376.800	0.000	0.000	5.392	0.000	0.000	0.000	1.000	165.900	14.000	-123.300	-118.600	30.000	-132.000	-52.200	0.000	0.000	0.000
3738957603.364	162.778	179.703	179.588	0.000	168.222	295.188	0.000	287.431	0.000	155.000	163.000	0.000	0.000	0.000	0.000	0.000	0.000	1.000	1.000	0.000	-0.142	-1.266	8.861	14817.524	-376.800	94.005	0.000	0.100	0.100	746.792	376.800	0.000	0.000	5.392	0.000	0.000	0.000	1.000	183.100	16.600	-123.100	-118.600	29.500	-132.000	-52.200	0.000	0.000	0.000
3738957613.364	162.762	179.669	179.531	0.000	168.174	295.183	0.000	287.390	0.000	155.000	163.000	0.000	0.000	0.000	0.000	0.000	0.000	1.000	1.000	0.000	0.161	1.305	3.719	15112.908	-376.800	92.891	0.000	0.100	0.100	753.047	376.800	0.000	0.000	5.392	0.000	0.000	0.000	1.000	171.000	12.100	-123.900	-118.600	29.500	-132.000	-52.200	0.000	0.000	0.000
3738957623.365	162.735	179.650	179.520	0.000	168.165	295.204	0.000	287.406	0.000	155.000	163.000	0.000	0.000	0.000	0.000	0.000	0.000	1.000	1.000	0.000	0.464	6.446	1.149	14817.524	-376.800	93.262	0.000	0.100	0.100	749.919	376.800	0.000	0.000	4.363	0.000	0.000	0.000	1.000	195.200	17.200	-123.300	-118.600	29.500	-132.000	-52.200	0.000	0.000	0.000
3738957633.365	162.720	179.622	179.482	0.000	168.152	295.193	0.000	287.413	0.000	155.000	163.000	0.000	0.000	0.000	0.000	0.000	0.000	1.000	1.000	0.000	-0.142	1.305	6.290	15112.908	-376.800	93.911	0.000	0.100	0.100	743.665	376.800	0.000	0.000	3.849	0.000	0.000	0.000	1.000	185.000	14.700	-123.300	-118.600	30.600	-132.000	-52.200	0.000	0.000	0.000
3738957643.365	162.697	179.609	179.463	0.000	168.133	295.198	0.000	287.402	0.000	155.000	163.000	0.000	0.000	0.000	0.000	0.000	0.000	1.000	1.000	0.000	-0.142	3.876	3.719	15112.908	-376.800	93.958	0.000	0.100	0.100	740.536	376.800	0.000	0.000	3.849	0.000	0.000	0.000	1.000	192.700	13.400	-123.900	-118.600	29.500	-132.000	-52.700	0.000	0.000	0.000
3738957653.364	162.672	179.555	179.396	0.000	168.086	295.191	0.000	287.387	0.000	155.000	163.000	0.000	0.000	0.000	0.000	0.000	0.000	1.000	1.000	0.000	0.161	6.446	6.290	15112.908	-376.800	93.542	0.000	0.100	0.100	737.409	376.800	0.000	0.000	3.335	0.000	0.000	0.000	1.000	204.800	12.800	-123.900	-118.600	29.500	-132.000	-52.200	0.000	0.000	0.000
3738957663.365	162.650	179.519	179.372	0.000	168.073	295.201	0.000	287.411	0.000	155.000	163.000	0.000	0.000	0.000	0.000	0.000	0.000	1.000	1.000	0.000	0.464	3.876	6.290	14817.524	-376.800	93.866	0.000	0.100	0.100	744.446	376.800	0.000	0.000	3.335	0.000	0.000	0.000	1.000	167.800	14.000	-124.200	-118.600	29.500	-132.000	-52.700	0.000	0.000	0.000
3738957673.364	162.645	179.504	179.342	0.000	168.056	295.187	0.000	287.391	0.000	155.000	163.000	0.000	0.000	0.000	0.000	0.000	0.000	1.000	1.000	0.000	0.464	3.876	6.290	14527.913	-376.800	94.189	0.000	0.100	0.100	752.265	376.800	0.000	0.000	2.821	0.000	0.000	0.000	1.000	194.000	16.000	-123.300	-118.600	29.500	-132.000	-52.200	0.000	0.000	0.000
3738957683.364	162.611	179.465	179.319	0.000	168.031	295.186	0.000	287.393	0.000	155.000	163.000	0.000	0.000	0.000	0.000	0.000	0.000	1.000	1.000	0.000	-0.142	-1.266	6.290	15112.908	-376.800	93.586	0.000	0.100	0.100	741.319	376.800	0.000	0.000	2.821	0.000	0.000	0.000	1.000	164.600	16.000	-124.200	-118.600	29.500	-132.000	-52.700	0.000	0.000	0.000
3738957693.366	162.582	179.443	179.282	0.000	168.006	295.176	0.000	287.384	0.000	155.000	163.000	0.000	0.000	0.000	0.000	0.000	0.000	1.000	1.000	0.000	0.464	1.305	3.719	15112.908	-376.800	93.170	0.000	0.100	0.100	746.792	376.800	0.000	0.000	1.278	0.000	0.000	0.000	1.000	167.800	13.400	-123.900	-118.600	29.500	-132.000	-52.700	0.000	0.000	0.000
3738957703.364	162.592	179.422	179.255	0.000	167.991	295.198	0.000	287.392	0.000	155.000	163.000	0.000	0.000	0.000	0.000	0.000	0.000	1.000	1.000	0.000	0.464	-1.266	6.290	15112.908	-376.800	93.820	0.000	0.100	0.100	749.919	376.800	0.000	0.000	8.991	0.000	0.000	0.000	1.000	188.200	17.200	-123.300	-118.900	29.500	-132.000	-52.200	0.000	0.000	0.000
3738957713.366	162.562	179.397	179.224	0.000	167.957	295.191	0.000	287.373	0.000	155.000	163.000	0.000	0.000	0.000	0.000	0.000	0.000	1.000	1.000	0.000	-0.142	3.876	6.290	15112.908	-376.800	94.050	0.000	0.100	0.100	745.228	376.800	0.000	0.000	10.534	0.000	0.000	0.000	1.000	167.800	12.800	-123.300	-118.600	30.000	-132.000	-52.200	0.000	0.000	0.000
3738957723.365	162.576	179.373	179.220	0.000	167.969	295.202	0.000	287.385	0.000	155.000	163.000	0.000	0.000	0.000	0.000	0.000	0.000	1.000	1.000	0.000	0.161	6.446	6.290	14817.524	-376.800	92.938	0.000	0.100	0.100	747.574	376.800	0.000	0.000	10.020	0.000	0.000	0.000	1.000	197.800	14.000	-123.300	-118.900	30.000	-132.000	-52.200	0.000	0.000	0.000
3738957733.364	162.543	179.340	179.154	0.000	167.930	295.185	0.000	287.373	0.000	155.000	163.000	0.000	0.000	0.000	0.000	0.000	0.000	1.000	1.000	0.000	0.161	3.876	3.719	14817.524	-376.800	94.052	0.000	0.100	0.100	744.446	376.800	0.000	0.000	9.505	0.000	0.000	0.000	1.000	195.200	14.000	-124.200	-118.900	29.500	-132.000	-52.700	0.000	0.000	0.000
3738957743.364	162.531	179.314	179.128	0.000	167.904	295.182	0.000	287.370	0.000	155.000	163.000	0.000	0.000	0.000	0.000	0.000	0.000	1.000	1.000	0.000	0.766	3.876	3.719	15112.908	-376.800	92.337	0.000	0.100	0.100	738.191	376.800	0.000	0.000	9.505	0.000	0.000	0.000	1.000	167.200	16.000	-123.300	-118.900	29.500	-132.000	-52.200	0.000	0.000	0.000
3738957753.364	162.536	179.317	179.119	0.000	167.918	295.196	0.000	287.355	0.000	155.000	163.000	0.000	0.000	0.000	0.000	0.000	0.000	1.000	1.000	0.000	0.161	1.305	3.719	15414.181	-376.800	93.588	0.000	0.100	0.100	742.100	376.800	0.000	0.000	8.991	0.000	0.000	0.000	1.000	187.600	14.000	-123.300	-118.900	30.000	-132.000	-52.200	0.000	0.000	0.000
3738957763.365	162.549	179.297	179.107	0.000	167.899	295.196	0.000	287.363	0.000	155.000	163.000	0.000	0.000	0.000	0.000	0.000	0.000	1.000	1.000	0.000	0.161	-1.266	6.290	15112.908	-376.800	93.263	0.000	0.100	0.100	742.100	376.800	0.000	0.000	8.477	0.000	0.000	0.000	1.000	179.300	17.200	-123.300	-118.900	29.500	-132.000	-52.200	0.000	0.000	0.000
3738957773.364	162.515	179.260	179.057	0.000	167.870	295.193	0.000	287.360	0.000	155.000	163.000	0.000	0.000	0.000	0.000	0.000	0.000	1.000	1.000	0.000	-0.142	3.876	1.149	14817.524	-376.800	92.984	0.000	0.100	0.100	751.483	376.800	0.000	0.000	7.449	0.000	0.000	0.000	1.000	197.800	17.200	-123.300	-118.900	29.500	-132.000	-52.200	0.000	0.000	0.000
3738957783.365	162.512	179.234	179.014	0.000	167.840	295.191	0.000	287.360	0.000	155.000	163.000	0.000	0.000	0.000	0.000	0.000	0.000	1.000	1.000	0.000	-0.142	-1.266	6.290	15112.908	-376.800	93.680	0.000	0.100	0.100	744.446	376.800	0.000	0.000	7.963	0.000	0.000	0.000	1.000	208.600	17.200	-123.300	-118.900	29.500	-132.000	-52.200	0.000	0.000	0.000
3738957793.365	162.481	179.202	178.992	0.000	167.818	295.176	0.000	287.357	0.000	155.000	163.000	0.000	0.000	0.000	0.000	0.000	0.000	1.000	1.000	0.000	-0.142	3.876	6.290	14817.524	-376.800	92.661	0.000	0.100	0.100	744.446	376.800	0.000	0.000	7.963	0.000	0.000	0.000	1.000	198.400	14.000	-123.900	-118.900	30.000	-132.000	-52.700	0.000	0.000	0.000
3738957803.366	162.449	179.161	178.942	0.000	167.789	295.178	0.000	287.354	0.000	155.000	163.000	0.000	0.000	0.000	0.000	0.000	0.000	1.000	1.000	0.000	0.161	6.446	3.719	15414.181	-376.800	93.588	0.000	0.100	0.100	750.702	376.800	0.000	0.000	6.934	0.000	0.000	0.000	1.000	182.500	14.700	-123.600	-118.900	30.000	-132.000	-52.700	0.000	0.000	0.000
3738957813.364	162.420	179.116	178.892	0.000	167.761	295.164	0.000	287.356	0.000	155.000	163.000	0.000	0.000	0.000	0.000	0.000	0.000	1.000	1.000	0.000	0.161	1.305	3.719	14817.524	-376.800	93.495	0.000	0.100	0.100	749.919	376.800	0.000	0.000	6.420	0.000	0.000	0.000	1.000	178.000	14.000	-124.200	-118.900	29.500	-132.000	-53.000	0.000	0.000	0.000
3738957823.365	162.415	179.113	178.865	0.000	167.743	295.172	0.000	287.351	0.000	155.000	163.000	0.000	0.000	0.000	0.000	0.000	0.000	1.000	1.000	0.000	0.161	3.876	3.719	14817.524	-376.800	93.030	0.000	0.100	0.100	747.574	376.800	0.000	0.000	6.934	0.000	0.000	0.000	1.000	198.400	13.400	-124.200	-118.900	30.000	-132.000	-52.700	0.000	0.000	0.000
3738957833.364	162.432	179.094	178.871	0.000	167.750	295.196	0.000	287.351	0.000	155.000	163.000	0.000	0.000	0.000	0.000	0.000	0.000	1.000	1.000	0.000	-0.142	3.876	1.149	14817.524	-376.800	93.123	0.000	0.100	0.100	745.228	376.800	0.000	0.000	5.906	0.000	0.000	0.000	1.000	208.000	16.600	-123.900	-118.900	30.000	-132.000	-52.700	0.000	0.000	0.000
3738957843.365	162.411	179.075	178.833	0.000	167.715	295.180	0.000	287.330	0.000	155.000	163.000	0.000	0.000	0.000	0.000	0.000	0.000	1.000	1.000	0.000	-0.142	3.876	1.149	14527.913	-376.800	93.449	0.000	0.100	0.100	746.010	376.800	0.000	0.000	5.392	0.000	0.000	0.000	1.000	192.700	13.400	-124.200	-118.900	30.000	-132.200	-52.200	0.000	0.000	0.000
3738957853.365	162.384	179.037	178.799	0.000	167.697	295.183	0.000	287.321	0.000	155.000	163.000	0.000	0.000	0.000	0.000	0.000	0.000	1.000	1.000	0.000	-0.142	1.305	8.861	14817.524	-376.800	92.569	0.000	0.100	0.100	742.101	376.800	0.000	0.000	4.878	0.000	0.000	0.000	1.000	211.800	13.400	-124.200	-118.900	29.500	-132.000	-53.000	0.000	0.000	0.000
3738957863.365	162.396	179.033	178.794	0.000	167.687	295.186	0.000	287.322	0.000	155.000	163.000	0.000	0.000	0.000	0.000	0.000	0.000	1.000	1.000	0.000	0.161	3.876	3.719	14817.524	-376.800	93.403	0.000	0.100	0.100	747.573	376.800	0.000	0.000	4.878	0.000	0.000	0.000	1.000	198.400	15.300	-124.200	-118.900	29.500	-132.000	-52.700	0.000	0.000	0.000
3738957873.364	162.386	179.003	178.759	0.000	167.666	295.186	0.000	287.315	0.000	155.000	163.000	0.000	0.000	0.000	0.000	0.000	0.000	1.000	1.000	0.000	-0.142	-1.266	6.290	14817.524	-376.800	93.402	0.000	0.100	0.100	738.972	376.800	0.000	0.000	4.363	0.000	0.000	0.000	1.000	192.700	13.400	-124.200	-118.900	29.500	-132.000	-52.700	0.000	0.000	0.000
3738957883.364	162.373	178.985	178.733	0.000	167.658	295.184	0.000	287.314	0.000	155.000	163.000	0.000	0.000	0.000	0.000	0.000	0.000	1.000	1.000	0.000	0.161	1.305	3.719	14243.963	-376.800	93.216	0.000	0.100	0.100	753.047	376.800	0.000	0.000	4.363	0.000	0.000	0.000	1.000	165.200	17.200	-123.600	-118.900	29.500	-132.200	-52.200	0.000	0.000	0.000
3738957893.364	162.374	178.974	178.729	0.000	167.645	295.194	0.000	287.315	0.000	155.000	163.000	0.000	0.000	0.000	0.000	0.000	0.000	1.000	1.000	0.000	0.161	6.446	3.719	15112.908	-376.800	93.957	0.000	0.100	0.100	746.010	376.800	0.000	0.000	3.849	0.000	0.000	0.000	1.000	184.400	14.700	-124.200	-118.900	29.500	-132.000	-53.000	0.000	0.000	0.000
3738957903.364	162.366	178.951	178.691	0.000	167.636	295.178	0.000	287.319	0.000	155.000	163.000	0.000	0.000	0.000	0.000	0.000	0.000	1.000	1.000	0.000	0.161	6.446	3.719	14817.524	-376.800	93.216	0.000	0.100	0.100	742.100	376.800	0.000	0.000	2.821	0.000	0.000	0.000	1.000	203.500	14.700	-123.900	-118.900	29.500	-132.200	-52.200	0.000	0.000	0.000
3738957913.365	162.350	178.912	178.648	0.000	167.595	295.163	0.000	287.305	0.000	155.000	163.000	0.000	0.000	0.000	0.000	0.000	0.000	1.000	1.000	0.000	0.161	1.305	6.290	15112.908	-376.800	94.144	0.000	0.100	0.100	745.228	376.800	0.000	0.000	2.821	0.000	0.000	0.000	1.000	187.600	15.300	-123.300	-118.900	30.000	-132.200	-52.200	0.000	0.000	0.000
3738957923.364	162.348	178.892	178.620	0.000	167.568	295.158	0.000	287.306	0.000	155.000	163.000	0.000	0.000	0.000	0.000	0.000	0.000	1.000	1.000	0.000	-0.142	3.876	6.290	15112.908	-376.800	93.450	0.000	0.100	0.100	743.664	376.800	0.000	0.000	2.307	0.000	0.000	0.000	1.000	205.400	14.700	-123.900	-118.900	30.000	-132.200	-52.700	0.000	0.000	0.000
3738957933.365	162.331	178.854	178.578	0.000	167.536	295.160	0.000	287.281	0.000	155.000	163.000	0.000	0.000	0.000	0.000	0.000	0.000	1.000	1.000	0.000	0.161	3.876	3.719	14817.524	-376.800	92.986	0.000	0.100	0.100	751.482	376.800	0.000	0.000	2.307	0.000	0.000	0.000	1.000	205.400	12.800	-124.200	-118.900	29.500	-132.200	-52.700	0.000	0.000	0.000
3738957943.366	162.319	178.845	178.578	0.000	167.524	295.168	0.000	287.275	0.000	155.000	163.000	0.000	0.000	0.000	0.000	0.000	0.000	1.000	1.000	0.000	0.464	3.876	3.719	14817.524	-376.800	92.615	0.000	0.100	0.100	749.137	376.800	0.000	0.000	4.878	0.000	0.000	0.000	1.000	185.700	15.300	-124.200	-119.100	29.500	-132.200	-52.700	0.000	0.000	0.000
3738957953.364	162.300	178.826	178.539	0.000	167.509	295.159	0.000	287.270	0.000	155.000	163.000	0.000	0.000	0.000	0.000	0.000	0.000	1.000	1.000	0.000	0.464	1.305	1.149	15112.908	-376.800	92.522	0.000	0.100	0.100	742.101	376.800	0.000	0.000	10.534	0.000	0.000	0.000	1.000	173.500	15.300	-124.200	-119.100	29.500	-132.200	-52.700	0.000	0.000	0.000
3738957963.364	162.293	178.789	178.500	0.000	167.476	295.164	0.000	287.272	0.000	155.000	163.000	0.000	0.000	0.000	0.000	0.000	0.000	1.000	1.000	0.000	0.464	3.876	1.149	14527.913	-376.800	93.773	0.000	0.100	0.100	745.228	376.800	0.000	0.000	10.020	0.000	0.000	0.000	1.000	167.800	14.000	-123.900	-119.100	29.500	-132.600	-52.200	0.000	0.000	0.000
3738957973.364	162.262	178.758	178.462	0.000	167.454	295.160	0.000	287.260	0.000	155.000	163.000	0.000	0.000	0.000	0.000	0.000	0.000	1.000	1.000	0.000	0.161	3.876	3.719	15112.908	-376.800	92.752	0.000	0.100	0.100	738.191	376.800	0.000	0.000	10.020	0.000	0.000	0.000	1.000	208.000	14.000	-123.900	-118.900	29.500	-132.600	-52.200	0.000	0.000	0.000
3738957983.364	162.276	178.763	178.450	0.000	167.456	295.169	0.000	287.261	0.000	155.000	163.000	0.000	0.000	0.000	0.000	0.000	0.000	1.000	1.000	0.000	-0.142	6.446	6.290	14527.913	-376.800	93.309	0.000	0.100	0.100	743.664	376.800	0.000	0.000	8.991	0.000	0.000	0.000	1.000	174.800	16.600	-123.600	-119.100	29.500	-132.600	-52.200	0.000	0.000	0.000
3738957993.365	162.256	178.722	178.419	0.000	167.431	295.168	0.000	287.268	0.000	155.000	163.000	0.000	0.000	0.000	0.000	0.000	0.000	1.000	1.000	0.000	0.161	-1.266	8.861	14817.524	-376.800	93.124	0.000	0.100	0.100	746.792	376.800	0.000	0.000	8.991	0.000	0.000	0.000	1.000	195.200	14.000	-124.200	-118.900	30.000	-132.200	-52.700	0.000	0.000	0.000
3738958003.365	162.241	178.683	178.373	0.000	167.395	295.161	0.000	287.260	0.000	155.000	163.000	0.000	0.000	0.000	0.000	0.000	0.000	1.000	1.000	0.000	0.161	3.876	6.290	14817.524	-376.800	93.542	0.000	0.100	0.100	752.265	376.800	0.000	0.000	8.991	0.000	0.000	0.000	1.000	201.600	15.300	-124.200	-119.100	28.900	-132.600	-52.700	0.000	0.000	0.000
3738958013.364	162.214	178.664	178.337	0.000	167.378	295.148	0.000	287.250	0.000	155.000	163.000	0.000	0.000	0.000	0.000	0.000	0.000	1.000	1.000	0.000	0.161	3.876	3.719	14817.524	-376.800	93.727	0.000	0.100	0.100	745.228	376.800	0.000	0.000	8.477	0.000	0.000	0.000	1.000	196.500	14.000	-124.200	-118.900	30.000	-132.600	-53.000	0.000	0.000	0.000
3738958023.366	162.205	178.652	178.321	0.000	167.360	295.165	0.000	287.259	0.000	155.000	163.000	0.000	0.000	0.000	0.000	0.000	0.000	1.000	1.000	0.000	-0.445	3.876	3.719	15414.181	-376.800	93.125	0.000	0.100	0.100	746.010	376.800	0.000	0.000	7.963	0.000	0.000	0.000	1.000	211.200	13.400	-124.400	-119.100	30.000	-132.600	-53.000	0.000	0.000	0.000
3738958033.365	162.202	178.610	178.287	0.000	167.333	295.166	0.000	287.250	0.000	155.000	163.000	0.000	0.000	0.000	0.000	0.000	0.000	1.000	1.000	0.000	-0.142	1.305	3.719	14817.524	-376.800	92.662	0.000	0.100	0.100	746.010	376.800	0.000	0.000	7.449	0.000	0.000	0.000	1.000	177.400	12.800	-124.200	-119.100	30.000	-132.600	-52.700	0.000	0.000	0.000
3738958043.365	162.167	178.586	178.258	0.000	167.300	295.165	0.000	287.242	0.000	155.000	163.000	0.000	0.000	0.000	0.000	0.000	0.000	1.000	1.000	0.000	-0.142	3.876	6.290	14817.524	-376.800	93.635	0.000	0.100	0.100	749.919	376.800	0.000	0.000	7.449	0.000	0.000	0.000	1.000	196.500	17.200	-123.900	-119.500	28.900	-132.600	-53.000	0.000	0.000	0.000
3738958053.365	162.164	178.575	178.238	0.000	167.298	295.171	0.000	287.256	0.000	155.000	163.000	0.000	0.000	0.000	0.000	0.000	0.000	1.000	1.000	0.000	-0.142	6.446	3.719	14527.913	-376.800	93.728	0.000	0.100	0.100	743.664	376.800	0.000	0.000	6.934	0.000	0.000	0.000	1.000	180.600	16.000	-124.200	-119.500	28.900	-132.600	-53.000	0.000	0.000	0.000
3738958063.366	162.125	178.522	178.202	0.000	167.269	295.151	0.000	287.248	0.000	155.000	163.000	0.000	0.000	0.000	0.000	0.000	0.000	1.000	1.000	0.000	0.161	6.446	3.719	14817.524	-376.800	92.660	0.000	0.100	0.100	748.356	376.800	0.000	0.000	6.420	0.000	0.000	0.000	1.000	208.000	14.700	-124.400	-119.500	29.500	-132.600	-53.000	0.000	0.000	0.000
3738958073.365	162.106	178.486	178.173	0.000	167.251	295.164	0.000	287.242	0.000	155.000	163.000	0.000	0.000	0.000	0.000	0.000	0.000	1.000	1.000	0.000	0.161	1.305	6.290	14817.524	-376.800	93.864	0.000	0.100	0.100	746.010	376.800	0.000	0.000	5.906	0.000	0.000	0.000	1.000	212.500	14.000	-123.900	-119.100	30.000	-132.600	-52.700	0.000	0.000	0.000
3738958083.364	162.095	178.492	178.156	0.000	167.246	295.164	0.000	287.229	0.000	155.000	163.000	0.000	0.000	0.000	0.000	0.000	0.000	1.000	1.000	0.000	0.161	1.305	3.719	15112.908	-376.800	93.077	0.000	0.100	0.100	743.664	376.800	0.000	0.000	5.392	0.000	0.000	0.000	1.000	197.800	17.200	-124.200	-119.500	29.500	-132.600	-52.700	0.000	0.000	0.000
3738958093.364	162.098	178.488	178.151	0.000	167.240	295.178	0.000	287.240	0.000	155.000	163.000	0.000	0.000	0.000	0.000	0.000	0.000	1.000	1.000	0.000	0.161	1.305	3.719	14817.524	-376.800	93.958	0.000	0.100	0.100	747.574	376.800	0.000	0.000	4.878	0.000	0.000	0.000	1.000	167.200	17.200	-124.200	-119.500	29.500	-132.600	-52.700	0.000	0.000	0.000
3738958103.365	162.087	178.461	178.103	0.000	167.203	295.159	0.000	287.240	0.000	155.000	163.000	0.000	0.000	0.000	0.000	0.000	0.000	1.000	1.000	0.000	-0.142	3.876	3.719	14817.524	-376.800	93.402	0.000	0.100	0.100	751.483	376.800	0.000	0.000	5.392	0.000	0.000	0.000	1.000	195.900	17.200	-124.400	-119.500	29.500	-132.600	-53.000	0.000	0.000	0.000
3738958113.365	162.058	178.412	178.074	0.000	167.185	295.160	0.000	287.233	0.000	155.000	163.000	0.000	0.000	0.000	0.000	0.000	0.000	1.000	1.000	0.000	0.464	6.446	1.149	15112.908	-376.800	93.078	0.000	0.100	0.100	732.718	376.800	0.000	0.000	3.849	0.000	0.000	0.000	1.000	198.400	16.600	-123.900	-119.500	29.500	-132.600	-53.000	0.000	0.000	0.000
3738958123.364	162.053	178.403	178.046	0.000	167.165	295.139	0.000	286.874	0.000	155.000	163.000	0.000	0.000	0.000	0.000	0.000	0.000	1.000	1.000	0.000	0.464	3.876	3.719	15112.908	-376.800	93.820	0.000	0.100	0.100	741.319	376.800	0.000	0.000	4.363	0.000	0.000	0.000	1.000	190.800	13.400	-124.400	-119.500	29.500	-132.600	-53.000	0.000	0.000	0.000
3738958133.366	162.061	178.387	178.037	0.000	167.155	295.158	0.000	287.005	0.000	155.000	163.000	0.000	0.000	0.000	0.000	0.000	0.000	1.000	1.000	0.000	0.161	-1.266	3.719	14817.524	-376.800	92.986	0.000	0.100	0.100	746.792	376.800	0.000	0.000	4.363	0.000	0.000	0.000	1.000	192.700	13.400	-124.400	-119.500	29.500	-132.600	-53.000	0.000	0.000	0.000
3738958143.365	162.061	178.376	178.025	0.000	167.148	295.170	0.000	287.117	0.000	155.000	163.000	0.000	0.000	0.000	0.000	0.000	0.000	1.000	1.000	0.000	-0.142	3.876	3.719	15112.908	-376.800	92.893	0.000	0.100	0.100	740.537	376.800	0.000	0.000	2.821	0.000	0.000	0.000	1.000	192.700	16.600	-123.900	-119.500	29.500	-132.600	-52.700	0.000	0.000	0.000
3738958153.364	162.049	178.344	177.983	0.000	167.144	295.165	0.000	287.134	0.000	155.000	163.000	0.000	0.000	0.000	0.000	0.000	0.000	1.000	1.000	0.000	-0.142	1.305	3.719	15112.908	-376.800	93.170	0.000	0.100	0.100	746.010	376.800	0.000	0.000	2.821	0.000	0.000	0.000	1.000	203.500	12.800	-124.200	-119.500	30.000	-132.600	-53.000	0.000	0.000	0.000
3738958163.366	162.051	178.340	177.991	0.000	167.124	295.161	0.000	287.154	0.000	155.000	163.000	0.000	0.000	0.000	0.000	0.000	0.000	1.000	1.000	0.000	0.161	1.305	3.719	15112.908	-376.800	92.567	0.000	0.100	0.100	735.063	376.800	0.000	0.000	2.821	0.000	0.000	0.000	1.000	167.200	14.700	-124.200	-119.500	30.000	-132.600	-53.000	0.000	0.000	0.000
3738958173.365	162.039	178.319	177.941	0.000	167.099	295.143	0.000	287.175	0.000	155.000	163.000	0.000	0.000	0.000	0.000	0.000	0.000	1.000	1.000	0.000	0.161	-1.266	6.290	14817.524	-376.800	93.401	0.000	0.100	0.100	736.627	376.800	0.000	0.000	2.307	0.000	0.000	0.000	1.000	211.200	14.700	-124.200	-119.500	30.000	-132.600	-53.000	0.000	0.000	0.000
3738958183.364	162.017	178.283	177.900	0.000	167.084	295.147	0.000	287.188	0.000	155.000	163.000	0.000	0.000	0.000	0.000	0.000	0.000	1.000	1.000	0.000	0.161	1.305	6.290	14817.524	-376.800	93.217	0.000	0.100	0.100	751.483	376.800	0.000	0.000	1.278	0.000	0.000	0.000	1.000	190.800	16.000	-123.900	-119.500	29.500	-132.600	-53.000	0.000	0.000	0.000
3738958193.364	161.997	178.253	177.869	0.000	167.047	295.143	0.000	287.180	0.000	155.000	163.000	0.000	0.000	0.000	0.000	0.000	0.000	1.000	1.000	0.000	-0.445	1.305	6.290	15112.908	-376.800	93.680	0.000	0.100	0.100	737.409	376.800	0.000	0.000	11.048	0.000	0.000	0.000	1.000	166.500	16.600	-124.200	-119.500	29.500	-132.600	-53.000	0.000	0.000	0.000
3738958203.364	161.980	178.222	177.843	0.000	167.026	295.154	0.000	287.187	0.000	155.000	163.000	0.000	0.000	0.000	0.000	0.000	0.000	1.000	1.000	0.000	0.464	3.876	3.719	14817.524	-376.800	94.004	0.000	0.100	0.100	739.755	376.800	0.000	0.000	11.562	0.000	0.000	0.000	1.000	188.200	12.800	-124.700	-119.500	29.500	-132.600	-53.000	0.000	0.000	0.000
3738958213.366	161.947	178.185	177.788	0.000	166.997	295.130	0.000	287.185	0.000	155.000	163.000	0.000	0.000	0.000	0.000	0.000	0.000	1.000	1.000	0.000	0.161	3.876	6.290	14527.913	-376.800	92.891	0.000	0.100	0.100	738.191	376.800	0.000	0.000	10.020	0.000	0.000	0.000	1.000	209.900	12.800	-124.400	-119.500	30.000	-132.600	-53.000	0.000	0.000	0.000
3738958223.364	161.927	178.152	177.772	0.000	166.972	295.135	0.000	287.169	0.000	155.000	163.000	0.000	0.000	0.000	0.000	0.000	0.000	1.000	1.000	0.000	0.161	1.305	3.719	15112.908	-376.800	93.447	0.000	0.100	0.100	746.792	376.800	0.000	0.000	10.020	0.000	0.000	0.000	1.000	213.700	17.200	-124.200	-119.500	29.500	-132.600	-52.700	0.000	0.000	0.000
3738958233.366	161.930	178.134	177.739	0.000	166.958	295.137	0.000	287.174	0.000	155.000	163.000	0.000	0.000	0.000	0.000	0.000	0.000	1.000	1.000	0.000	0.161	-1.266	3.719	14817.524	-376.800	93.309	0.000	0.100	0.100	750.702	376.800	0.000	0.000	8.991	0.000	0.000	0.000	1.000	191.400	13.400	-124.200	-119.500	30.000	-132.600	-53.000	0.000	0.000	0.000
3738958243.365	161.886	178.100	177.703	0.000	166.919	295.136	0.000	287.146	0.000	155.000	163.000	0.000	0.000	0.000	0.000	0.000	0.000	1.000	1.000	0.000	-0.142	1.305	3.719	15112.908	-376.800	93.402	0.000	0.100	0.100	742.101	376.800	0.000	0.000	8.991	0.000	0.000	0.000	1.000	202.900	17.200	-124.200	-119.500	29.500	-132.600	-52.700	0.000	0.000	0.000
3738958253.365	161.874	178.069	177.674	0.000	166.890	295.128	0.000	287.163	0.000	155.000	163.000	0.000	0.000	0.000	0.000	0.000	0.000	1.000	1.000	0.000	0.161	3.876	3.719	15112.908	-376.800	92.615	0.000	0.100	0.100	749.138	376.800	0.000	0.000	8.991	0.000	0.000	0.000	1.000	193.300	13.400	-124.700	-119.500	29.500	-132.600	-53.000	0.000	0.000	0.000
3738958263.365	161.843	178.047	177.628	0.000	166.872	295.131	0.000	287.162	0.000	155.000	163.000	0.000	0.000	0.000	0.000	0.000	0.000	1.000	1.000	0.000	0.161	3.876	1.149	14817.524	-376.800	92.800	0.000	0.100	0.100	752.265	376.800	0.000	0.000	7.963	0.000	0.000	0.000	1.000	192.700	14.000	-124.200	-119.500	29.500	-132.600	-53.000	0.000	0.000	0.000
3738958273.364	161.835	178.038	177.622	0.000	166.863	295.142	0.000	287.151	0.000	155.000	163.000	0.000	0.000	0.000	0.000	0.000	0.000	1.000	1.000	0.000	0.161	1.305	3.719	15112.908	-376.800	92.891	0.000	0.100	0.100	746.791	376.800	0.000	0.000	7.963	0.000	0.000	0.000	1.000	197.100	14.700	-124.700	-119.500	28.400	-132.600	-53.000	0.000	0.000	0.000
3738958283.365	161.813	178.002	177.613	0.000	166.848	295.140	0.000	287.161	0.000	155.000	163.000	0.000	0.000	0.000	0.000	0.000	0.000	1.000	1.000	0.000	0.464	1.305	6.290	14817.524	-376.800	92.335	0.000	0.100	0.100	753.829	376.800	0.000	0.000	6.934	0.000	0.000	0.000	1.000	167.800	12.100	-124.700	-119.500	28.400	-132.600	-53.000	0.000	0.000	0.000
3738958293.365	161.773	177.962	177.564	0.000	166.821	295.133	0.000	287.151	0.000	155.000	163.000	0.000	0.000	0.000	0.000	0.000	0.000	1.000	1.000	0.000	-0.142	3.876	6.290	14817.524	-376.800	92.288	0.000	0.100	0.100	747.574	376.800	0.000	0.000	6.934	0.000	0.000	0.000	1.000	178.000	16.600	-124.200	-119.700	28.900	-132.800	-52.700	0.000	0.000	0.000
3738958303.364	161.760	177.930	177.537	0.000	166.804	295.148	0.000	287.146	0.000	155.000	163.000	0.000	0.000	0.000	0.000	0.000	0.000	1.000	1.000	0.000	-0.142	3.876	3.719	14817.524	-376.800	92.335	0.000	0.100	0.100	745.228	376.800	0.000	0.000	6.934	0.000	0.000	0.000	1.000	194.000	14.000	-124.200	-119.500	29.500	-132.800	-53.000	0.000	0.000	0.000
3738958313.364	161.723	177.882	177.489	0.000	166.777	295.137	0.000	287.140	0.000	155.000	163.000	0.000	0.000	0.000	0.000	0.000	0.000	1.000	1.000	0.000	-0.142	1.305	3.719	14817.524	-376.800	92.984	0.000	0.100	0.100	743.664	376.800	0.000	0.000	6.420	0.000	0.000	0.000	1.000	183.100	12.800	-124.700	-119.500	28.400	-132.600	-53.500	0.000	0.000	0.000
3738958323.364	161.690	177.850	177.457	0.000	166.753	295.140	0.000	287.136	0.000	155.000	163.000	0.000	0.000	0.000	0.000	0.000	0.000	1.000	1.000	0.000	0.464	3.876	1.149	14817.524	-376.800	93.401	0.000	0.100	0.100	743.664	376.800	0.000	0.000	5.392	0.000	0.000	0.000	1.000	197.800	13.400	-124.700	-119.500	29.500	-132.800	-53.000	0.000	0.000	0.000
3738958333.364	161.692	177.845	177.432	0.000	166.729	295.144	0.000	287.140	0.000	155.000	163.000	0.000	0.000	0.000	0.000	0.000	0.000	1.000	1.000	0.000	0.161	9.017	6.290	14817.524	-376.800	93.679	0.000	0.100	0.100	741.318	376.800	0.000	0.000	5.392	0.000	0.000	0.000	1.000	195.200	17.200	-124.200	-119.700	28.400	-132.800	-53.000	0.000	0.000	0.000
3738958343.364	161.649	177.791	177.403	0.000	166.691	295.144	0.000	287.148	0.000	155.000	163.000	0.000	0.000	0.000	0.000	0.000	0.000	1.000	1.000	0.000	-0.142	1.305	6.290	15112.908	-376.800	92.984	0.000	0.100	0.100	754.611	376.800	0.000	0.000	4.878	0.000	0.000	0.000	1.000	178.000	15.300	-124.200	-119.700	28.400	-132.800	-53.000	0.000	0.000	0.000
3738958353.364	161.634	177.773	177.354	0.000	166.671	295.146	0.000	287.148	0.000	155.000	163.000	0.000	0.000	0.000	0.000	0.000	0.000	1.000	1.000	0.000	0.464	3.876	3.719	15112.908	-376.800	93.540	0.000	0.100	0.100	732.718	376.800	0.000	0.000	4.363	0.000	0.000	0.000	1.000	208.000	16.600	-124.200	-119.700	27.800	-132.800	-52.700	0.000	0.000	0.000
3738958363.364	161.617	177.751	177.338	0.000	166.663	295.151	0.000	287.159	0.000	155.000	163.000	0.000	0.000	0.000	0.000	0.000	0.000	1.000	1.000	0.000	-0.142	1.305	6.290	14527.913	-376.800	93.958	0.000	0.100	0.100	741.319	376.800	0.000	0.000	3.849	0.000	0.000	0.000	1.000	194.600	12.800	-124.700	-119.500	28.400	-132.800	-53.000	0.000	0.000	0.000
3738958373.365	161.608	177.732	177.303	0.000	166.641	295.159	0.000	287.150	0.000	155.000	163.000	0.000	0.000	0.000	0.000	0.000	0.000	1.000	1.000	0.000	0.161	1.305	3.719	14527.913	-376.800	93.912	0.000	0.100	0.100	742.100	376.800	0.000	0.000	3.335	0.000	0.000	0.000	1.000	167.200	12.800	-124.200	-119.700	27.800	-132.800	-52.700	0.000	0.000	0.000
3738958383.366	161.561	177.668	177.255	0.000	166.608	295.148	0.000	287.134	0.000	155.000	163.000	0.000	0.000	0.000	0.000	0.000	0.000	1.000	1.000	0.000	0.161	1.305	3.719	14817.524	-376.800	93.542	0.000	0.100	0.100	737.409	376.800	0.000	0.000	3.335	0.000	0.000	0.000	1.000	167.800	14.700	-124.400	-119.700	28.400	-132.800	-53.000	0.000	0.000	0.000
3738958393.365	161.531	177.640	177.245	0.000	166.590	295.157	0.000	287.139	0.000	155.000	163.000	0.000	0.000	0.000	0.000	0.000	0.000	1.000	1.000	0.000	-0.142	1.305	3.719	15112.908	-376.800	93.681	0.000	0.100	0.100	738.973	376.800	0.000	0.000	3.335	0.000	0.000	0.000	1.000	208.600	12.800	-124.200	-119.700	27.800	-132.800	-53.000	0.000	0.000	0.000
3738958403.365	161.527	177.606	177.203	0.000	166.555	295.144	0.000	287.135	0.000	155.000	163.000	0.000	0.000	0.000	0.000	0.000	0.000	1.000	1.000	0.000	0.464	3.876	6.290	14527.913	-376.800	93.357	0.000	0.100	0.100	743.664	376.800	0.000	0.000	2.307	0.000	0.000	0.000	1.000	185.000	12.800	-124.400	-119.700	28.400	-132.800	-53.000	0.000	0.000	0.000
3738958413.365	161.504	177.593	177.166	0.000	166.540	295.140	0.000	287.135	0.000	155.000	163.000	0.000	0.000	0.000	0.000	0.000	0.000	1.000	1.000	0.000	-0.142	6.446	3.719	14527.913	-376.800	93.310	0.000	0.100	0.100	748.355	376.800	0.000	0.000	1.792	0.000	0.000	0.000	1.000	208.000	12.800	-125.000	-119.700	27.800	-132.800	-53.500	0.000	0.000	0.000
3738958423.364	161.496	177.583	177.161	0.000	166.545	295.154	0.000	287.120	0.000	155.000	163.000	0.000	0.000	0.000	0.000	0.000	0.000	1.000	1.000	0.000	-0.142	3.876	6.290	14527.913	-376.800	93.589	0.000	0.100	0.100	746.010	376.800	0.000	0.000	2.307	0.000	0.000	0.000	1.000	203.500	17.200	-124.400	-119.700	27.300	-132.800	-53.000	0.000	0.000	0.000
3738958433.365	161.513	177.573	177.158	0.000	166.544	295.169	0.000	287.133	0.000	155.000	163.000	0.000	0.000	0.000	0.000	0.000	0.000	1.000	1.000	0.000	0.161	3.876	3.719	14527.913	-376.800	92.893	0.000	0.100	0.100	738.191	376.800	0.000	0.000	7.449	0.000	0.000	0.000	1.000	195.200	16.000	-124.400	-119.700	27.300	-132.800	-53.000	0.000	0.000	0.000
3738958443.365	161.499	177.536	177.113	0.000	166.513	295.151	0.000	287.118	0.000	155.000	163.000	0.000	0.000	0.000	0.000	0.000	0.000	1.000	1.000	0.000	-0.142	1.305	3.719	14817.524	-376.800	93.125	0.000	0.100	0.100	744.446	376.800	0.000	0.000	11.048	0.000	0.000	0.000	1.000	194.000	12.800	-125.000	-119.700	27.800	-132.800	-53.000	0.000	0.000	0.000
3738958453.365	161.495	177.509	177.080	0.000	166.480	295.143	0.000	287.108	0.000	155.000	163.000	0.000	0.000	0.000	0.000	0.000	0.000	1.000	1.000	0.000	0.464	1.305	3.719	14527.913	-376.800	92.475	0.000	0.100	0.100	742.882	376.800	0.000	0.000	10.534	0.000	0.000	0.000	1.000	162.700	12.800	-125.000	-119.700	27.800	-132.800	-53.000	0.000	0.000	0.000
3738958463.366	161.488	177.502	177.063	0.000	166.472	295.145	0.000	287.117	0.000	155.000	163.000	0.000	0.000	0.000	0.000	0.000	0.000	1.000	1.000	0.000	-0.445	1.305	3.719	14817.524	-376.800	93.354	0.000	0.100	0.100	749.920	376.800	0.000	0.000	10.020	0.000	0.000	0.000	1.000	176.100	16.600	-124.400	-119.700	26.700	-132.800	-53.000	0.000	0.000	0.000
3738958473.365	161.480	177.471	177.028	0.000	166.465	295.148	0.000	287.126	0.000	155.000	163.000	0.000	0.000	0.000	0.000	0.000	0.000	1.000	1.000	0.000	0.464	1.305	6.290	14817.524	-376.800	93.401	0.000	0.100	0.100	751.483	376.800	0.000	0.000	9.505	0.000	0.000	0.000	1.000	187.600	12.800	-125.000	-119.700	27.800	-132.800	-53.500	0.000	0.000	0.000
3738958483.365	161.446	177.434	176.995	0.000	166.437	295.135	0.000	287.113	0.000	155.000	163.000	0.000	0.000	0.000	0.000	0.000	0.000	1.000	1.000	0.000	0.161	1.305	3.719	14817.524	-376.800	92.614	0.000	0.100	0.100	738.191	376.800	0.000	0.000	8.477	0.000	0.000	0.000	1.000	195.200	16.600	-124.400	-119.700	26.700	-132.800	-53.000	0.000	0.000	0.000
3738958493.366	161.425	177.416	176.958	0.000	166.409	295.141	0.000	287.119	0.000	155.000	163.000	0.000	0.000	0.000	0.000	0.000	0.000	1.000	1.000	0.000	-0.142	1.305	6.290	14527.913	-376.800	93.170	0.000	0.100	0.100	749.138	376.800	0.000	0.000	8.991	0.000	0.000	0.000	1.000	167.800	17.200	-124.400	-119.700	26.700	-132.800	-53.000	0.000	0.000	0.000
3738958503.365	161.408	177.370	176.934	0.000	166.379	295.132	0.000	287.110	0.000	155.000	163.000	0.000	0.000	0.000	0.000	0.000	0.000	1.000	1.000	0.000	0.464	6.446	3.719	14527.913	-376.800	93.309	0.000	0.100	0.100	745.228	376.800	0.000	0.000	8.477	0.000	0.000	0.000	1.000	198.400	16.000	-124.700	-119.700	26.700	-132.800	-53.000	0.000	0.000	0.000
3738958513.365	161.388	177.353	176.894	0.000	166.365	295.135	0.000	287.107	0.000	155.000	163.000	0.000	0.000	0.000	0.000	0.000	0.000	1.000	1.000	0.000	0.464	1.305	3.719	15112.908	-376.800	93.262	0.000	0.100	0.100	746.792	376.800	0.000	0.000	7.963	0.000	0.000	0.000	1.000	207.400	13.400	-125.000	-119.700	27.800	-132.800	-53.000	0.000	0.000	0.000
3738958523.364	161.400	177.351	176.896	0.000	166.350	295.148	0.000	287.116	0.000	155.000	163.000	0.000	0.000	0.000	0.000	0.000	0.000	1.000	1.000	0.000	-0.142	1.305	3.719	14817.524	-376.800	93.123	0.000	0.100	0.100	748.356	376.800	0.000	0.000	7.963	0.000	0.000	0.000	1.000	181.200	16.000	-124.700	-119.700	26.700	-132.800	-53.000	0.000	0.000	0.000
3738958533.366	161.357	177.314	176.862	0.000	166.319	295.143	0.000	287.106	0.000	155.000	163.000	0.000	0.000	0.000	0.000	0.000	0.000	1.000	1.000	0.000	0.464	3.876	1.149	14817.524	-376.800	94.005	0.000	0.100	0.100	751.484	376.800	0.000	0.000	7.449	0.000	0.000	0.000	1.000	160.100	12.800	-125.000	-119.700	27.800	-132.800	-53.000	0.000	0.000	0.000
3738958543.365	161.342	177.288	176.823	0.000	166.305	295.144	0.000	287.101	0.000	155.000	163.000	0.000	0.000	0.000	0.000	0.000	0.000	1.000	1.000	0.000	0.161	3.876	1.149	14817.524	-376.800	93.773	0.000	0.100	0.100	744.446	376.800	0.000	0.000	6.420	0.000	0.000	0.000	1.000	186.300	16.000	-125.000	-119.700	26.300	-132.800	-53.500	0.000	0.000	0.000
3738958553.364	161.313	177.264	176.806	0.000	166.301	295.154	0.000	287.091	0.000	155.000	163.000	0.000	0.000	0.000	0.000	0.000	0.000	1.000	1.000	0.000	0.464	1.305	3.719	14527.913	-376.800	93.357	0.000	0.100	0.100	746.792	376.800	0.000	0.000	6.934	0.000	0.000	0.000	1.000	191.400	12.800	-125.000	-119.700	27.300	-132.800	-53.500	0.000	0.000	0.000
3738958563.364	161.284	177.236	176.780	0.000	166.266	295.156	0.000	287.080	0.000	155.000	163.000	0.000	0.000	0.000	0.000	0.000	0.000	1.000	1.000	0.000	-0.142	3.876	1.149	15112.908	-376.800	92.569	0.000	0.100	0.100	739.754	376.800	0.000	0.000	6.420	0.000	0.000	0.000	1.000	190.800	15.300	-124.400	-119.700	27.300	-133.000	-53.000	0.000	0.000	0.000
3738958573.364	161.253	177.188	176.726	0.000	166.222	295.154	0.000	287.081	0.000	155.000	163.000	0.000	0.000	0.000	0.000	0.000	0.000	1.000	1.000	0.000	-0.142	1.305	3.719	15112.908	-376.800	92.986	0.000	0.100	0.100	748.355	376.800	0.000	0.000	4.878	0.000	0.000	0.000	1.000	194.000	15.300	-125.000	-119.700	26.300	-133.000	-53.000	0.000	0.000	0.000
3738958583.365	161.262	177.178	176.705	0.000	166.221	295.167	0.000	287.092	0.000	155.000	163.000	0.000	0.000	0.000	0.000	0.000	0.000	1.000	1.000	0.000	0.464	1.305	6.290	14527.913	-376.800	93.727	0.000	0.100	0.100	746.791	376.800	0.000	0.000	4.878	0.000	0.000	0.000	1.000	180.600	12.800	-125.000	-119.700	27.300	-132.800	-53.500	0.000	0.000	0.000
3738958593.364	161.247	177.164	176.689	0.000	166.207	295.176	0.000	287.097	0.000	155.000	163.000	0.000	0.000	0.000	0.000	0.000	0.000	1.000	1.000	0.000	0.464	-1.266	6.290	14527.913	-376.800	93.496	0.000	0.100	0.100	738.973	376.800	0.000	0.000	4.878	0.000	0.000	0.000	1.000	208.000	15.300	-125.000	-119.700	27.300	-133.000	-53.000	0.000	0.000	0.000
3738958603.365	161.237	177.128	176.675	0.000	166.206	295.181	0.000	287.097	0.000	155.000	163.000	0.000	0.000	0.000	0.000	0.000	0.000	1.000	1.000	0.000	0.464	3.876	1.149	14817.524	-376.800	93.867	0.000	0.100	0.100	749.137	376.800	0.000	0.000	4.363	0.000	0.000	0.000	1.000	192.700	16.000	-125.000	-120.000	26.300	-133.000	-53.500	0.000	0.000	0.000
3738958613.365	161.214	177.111	176.644	0.000	166.170	295.172	0.000	287.078	0.000	155.000	163.000	0.000	0.000	0.000	0.000	0.000	0.000	1.000	1.000	0.000	-0.142	1.305	8.861	15112.908	-376.800	93.774	0.000	0.100	0.100	746.010	376.800	0.000	0.000	4.363	0.000	0.000	0.000	1.000	202.900	14.000	-125.000	-119.700	27.800	-133.000	-53.500	0.000	0.000	0.000
3738958623.365	161.206	177.086	176.621	0.000	166.145	295.182	0.000	287.074	0.000	155.000	163.000	0.000	0.000	0.000	0.000	0.000	0.000	1.000	1.000	0.000	0.161	3.876	6.290	15112.908	-376.800	93.402	0.000	0.100	0.100	745.227	376.800	0.000	0.000	3.849	0.000	0.000	0.000	1.000	211.800	16.000	-125.000	-120.000	26.700	-133.000	-53.000	0.000	0.000	0.000
3738958633.364	161.197	177.070	176.592	0.000	166.129	295.181	0.000	287.077	0.000	155.000	163.000	0.000	0.000	0.000	0.000	0.000	0.000	1.000	1.000	0.000	0.161	3.876	6.290	14817.524	-376.800	93.588	0.000	0.100	0.100	747.573	376.800	0.000	0.000	3.335	0.000	0.000	0.000	1.000	160.800	14.000	-124.400	-120.000	27.300	-133.000	-53.000	0.000	0.000	0.000
3738958643.366	161.162	177.020	176.543	0.000	166.109	295.164	0.000	287.072	0.000	155.000	163.000	0.000	0.000	0.000	0.000	0.000	0.000	1.000	1.000	0.000	-0.142	6.446	3.719	14527.913	-376.800	92.845	0.000	0.100	0.100	740.536	376.800	0.000	0.000	2.307	0.000	0.000	0.000	1.000	190.800	12.800	-125.300	-120.000	27.300	-133.000	-53.800	0.000	0.000	0.000
3738958653.365	161.123	176.985	176.516	0.000	166.073	295.156	0.000	287.062	0.000	155.000	163.000	0.000	0.000	0.000	0.000	0.000	0.000	1.000	1.000	0.000	0.464	3.876	3.719	14817.524	-376.800	93.357	0.000	0.100	0.100	744.446	376.800	0.000	0.000	2.821	0.000	0.000	0.000	1.000	208.600	13.400	-125.300	-120.000	27.300	-133.000	-53.800	0.000	0.000	0.000
3738958663.364	161.144	177.001	176.508	0.000	166.088	295.160	0.000	286.794	0.000	155.000	163.000	0.000	0.000	0.000	0.000	0.000	0.000	1.000	1.000	0.000	0.161	1.305	6.290	14817.524	-376.800	92.752	0.000	0.100	0.100	753.047	376.800	0.000	0.000	1.792	0.000	0.000	0.000	1.000	167.200	16.600	-124.400	-120.000	26.700	-133.000	-53.000	0.000	0.000	0.000
3738958673.365	161.141	176.973	176.494	0.000	166.073	295.169	0.000	286.938	0.000	155.000	163.000	0.000	0.000	0.000	0.000	0.000	0.000	1.000	1.000	0.000	0.161	3.876	6.290	15112.908	-376.800	93.819	0.000	0.100	0.100	745.228	376.800	0.000	0.000	2.821	0.000	0.000	0.000	1.000	163.300	15.300	-125.000	-120.000	27.300	-133.000	-53.800	0.000	0.000	0.000
3738958683.365	161.108	176.931	176.449	0.000	166.041	295.161	0.000	286.966	0.000	155.000	163.000	0.000	0.000	0.000	0.000	0.000	0.000	1.000	1.000	0.000	0.161	3.876	6.290	14817.524	-376.800	93.077	0.000	0.100	0.100	755.392	376.800	0.000	0.000	10.534	0.000	0.000	0.000	1.000	185.700	14.700	-125.300	-120.000	26.700	-133.000	-53.000	0.000	0.000	0.000
3738958693.365	161.087	176.901	176.438	0.000	166.021	295.162	0.000	287.007	0.000	155.000	163.000	0.000	0.000	0.000	0.000	0.000	0.000	1.000	1.000	0.000	-0.142	3.876	6.290	14817.524	-376.800	92.800	0.000	0.100	0.100	741.319	376.800	0.000	0.000	10.534	0.000	0.000	0.000	1.000	192.700	16.000	-125.000	-120.000	26.700	-133.000	-53.000	0.000	0.000	0.000
3738958703.364	161.055	176.873	176.381	0.000	165.993	295.143	0.000	287.015	0.000	155.000	163.000	0.000	0.000	0.000	0.000	0.000	0.000	1.000	1.000	0.000	-0.142	6.446	6.290	15112.908	-376.800	93.588	0.000	0.100	0.100	736.627	376.800	0.000	0.000	10.020	0.000	0.000	0.000	1.000	207.400	12.800	-125.300	-120.000	27.800	-133.000	-53.800	0.000	0.000	0.000
3738958713.364	161.048	176.851	176.366	0.000	165.975	295.164	0.000	287.034	0.000	155.000	163.000	0.000	0.000	0.000	0.000	0.000	0.000	1.000	1.000	0.000	0.161	1.305	3.719	15112.908	-376.800	93.171	0.000	0.100	0.100	751.483	376.800	0.000	0.000	9.505	0.000	0.000	0.000	1.000	179.300	16.600	-124.700	-120.000	27.300	-133.000	-53.000	0.000	0.000	0.000
3738958723.364	161.010	176.806	176.322	0.000	165.954	295.152	0.000	287.027	0.000	155.000	163.000	0.000	0.000	0.000	0.000	0.000	0.000	1.000	1.000	0.000	0.161	1.305	6.290	15112.908	-376.800	93.263	0.000	0.100	0.100	749.920	376.800	0.000	0.000	9.505	0.000	0.000	0.000	1.000	193.300	16.000	-125.500	-120.000	27.300	-133.000	-53.800	0.000	0.000	0.000
3738958733.364	160.976	176.776	176.285	0.000	165.931	295.157	0.000	287.012	0.000	155.000	163.000	0.000	0.000	0.000	0.000	0.000	0.000	1.000	1.000	0.000	0.161	3.876	3.719	15112.908	-376.800	93.355	0.000	0.100	0.100	743.664	376.800	0.000	0.000	8.991	0.000	0.000	0.000	1.000	188.200	12.100	-125.000	-120.000	27.800	-133.000	-53.800	0.000	0.000	0.000
3738958743.365	160.974	176.767	176.271	0.000	165.913	295.162	0.000	287.017	0.000	155.000	163.000	0.000	0.000	0.000	0.000	0.000	0.000	1.000	1.000	0.000	0.464	3.876	1.149	14817.524	-376.800	93.311	0.000	0.100	0.100	749.138	376.800	0.000	0.000	7.963	0.000	0.000	0.000	1.000	204.800	16.600	-124.700	-120.000	27.300	-133.000	-53.800	0.000	0.000	0.000
3738958753.364	161.003	176.767	176.267	0.000	165.926	295.173	0.000	287.033	0.000	155.000	163.000	0.000	0.000	0.000	0.000	0.000	0.000	1.000	1.000	0.000	0.464	1.305	3.719	14527.913	-376.800	93.633	0.000	0.100	0.100	749.919	376.800	0.000	0.000	8.477	0.000	0.000	0.000	1.000	187.600	15.300	-124.700	-120.000	27.800	-133.000	-53.800	0.000	0.000	0.000
3738958763.365	160.979	176.740	176.231	0.000	165.885	295.171	0.000	287.031	0.000	155.000	163.000	0.000	0.000	0.000	0.000	0.000	0.000	1.000	1.000	0.000	0.161	3.876	3.719	14817.524	-376.800	92.568	0.000	0.100	0.100	745.228	376.800	0.000	0.000	7.963	0.000	0.000	0.000	1.000	201.000	12.800	-125.300	-120.000	27.800	-133.000	-53.800	0.000	0.000	0.000
3738958773.365	160.952	176.708	176.205	0.000	165.873	295.175	0.000	287.038	0.000	155.000	163.000	0.000	0.000	0.000	0.000	0.000	0.000	1.000	1.000	0.000	0.464	1.305	1.149	14817.524	-376.800	93.773	0.000	0.100	0.100	747.574	376.800	0.000	0.000	7.449	0.000	0.000	0.000	1.000	183.100	16.000	-124.700	-120.000	27.300	-133.000	-53.000	0.000	0.000	0.000
3738958783.364	160.943	176.702	176.184	0.000	165.872	295.171	0.000	287.056	0.000	155.000	163.000	0.000	0.000	0.000	0.000	0.000	0.000	1.000	1.000	0.000	0.161	-1.266	3.719	15112.908	-376.800	93.633	0.000	0.100	0.100	745.229	376.800	0.000	0.000	6.934	0.000	0.000	0.000	1.000	208.600	13.400	-125.500	-120.000	27.300	-133.000	-53.800	0.000	0.000	0.000
3738958793.364	160.899	176.645	176.134	0.000	165.844	295.153	0.000	287.044	0.000	155.000	163.000	0.000	0.000	0.000	0.000	0.000	0.000	1.000	1.000	0.000	-0.142	-1.266	1.149	14527.913	-376.800	93.772	0.000	0.100	0.100	745.228	376.800	0.000	0.000	6.420	0.000	0.000	0.000	1.000	167.200	16.600	-125.000	-120.000	27.300	-133.000	-53.500	0.000	0.000	0.000
3738958803.365	160.881	176.624	176.100	0.000	165.822	295.149	0.000	287.043	0.000	155.000	163.000	0.000	0.000	0.000	0.000	0.000	0.000	1.000	1.000	0.000	0.161	3.876	6.290	14817.524	-376.800	93.079	0.000	0.100	0.100	741.319	376.800	0.000	0.000	5.906	0.000	0.000	0.000	1.000	167.800	16.000	-125.300	-120.000	27.300	-133.000	-53.500	0.000	0.000	0.000
3738958813.364	160.854	176.600	176.076	0.000	165.784	295.141	0.000	287.030	0.000	155.000	163.000	0.000	0.000	0.000	0.000	0.000	0.000	1.000	1.000	0.000	-0.445	1.305	3.719	14817.524	-376.800	92.891	0.000	0.100	0.100	738.191	376.800	0.000	0.000	5.392	0.000	0.000	0.000	1.000	185.700	16.000	-125.300	-120.000	27.300	-133.000	-53.800	0.000	0.000	0.000
3738958823.365	160.856	176.596	176.079	0.000	165.788	295.150	0.000	287.017	0.000	155.000	163.000	0.000	0.000	0.000	0.000	0.000	0.000	1.000	1.000	0.000	0.161	1.305	3.719	14817.524	-376.800	93.494	0.000	0.100	0.100	741.318	376.800	0.000	0.000	4.878	0.000	0.000	0.000	1.000	158.900	12.800	-125.300	-120.000	28.400	-133.000	-53.800	0.000	0.000	0.000
3738958833.365	160.841	176.552	176.037	0.000	165.758	295.139	0.000	287.027	0.000	155.000	163.000	0.000	0.000	0.000	0.000	0.000	0.000	1.000	1.000	0.000	-0.142	3.876	-1.422	14527.913	-376.800	93.031	0.000	0.100	0.100	746.010	376.800	0.000	0.000	4.878	0.000	0.000	0.000	1.000	161.400	12.800	-125.000	-120.000	27.800	-133.300	-53.500	0.000	0.000	0.000
3738958843.365	160.827	176.540	176.024	0.000	165.745	295.131	0.000	287.024	0.000	155.000	163.000	0.000	0.000	0.000	0.000	0.000	0.000	1.000	1.000	0.000	0.464	3.876	6.290	14817.524	-376.800	93.774	0.000	0.100	0.100	743.664	376.800	0.000	0.000	4.363	0.000	0.000	0.000	1.000	188.200	13.400	-125.500	-120.000	27.800	-133.000	-53.800	0.000	0.000	0.000
3738958853.365	160.821	176.498	175.974	0.000	165.716	295.119	0.000	287.012	0.000	155.000	163.000	0.000	0.000	0.000	0.000	0.000	0.000	1.000	1.000	0.000	-0.142	1.305	6.290	14817.524	-376.800	93.403	0.000	0.100	0.100	747.573	376.800	0.000	0.000	4.363	0.000	0.000	0.000	1.000	160.100	14.000	-125.300	-120.000	28.400	-133.000	-53.800	0.000	0.000	0.000
3738958863.365	160.811	176.474	175.955	0.000	165.713	295.126	0.000	287.039	0.000	155.000	163.000	0.000	0.000	0.000	0.000	0.000	0.000	1.000	1.000	0.000	0.161	-1.266	1.149	14527.913	-376.800	92.847	0.000	0.100	0.100	738.973	376.800	0.000	0.000	3.849	0.000	0.000	0.000	1.000	208.600	12.100	-125.500	-120.000	28.400	-133.300	-53.800	0.000	0.000	0.000
3738958873.364	160.786	176.451	175.926	0.000	165.681	295.116	0.000	287.023	0.000	155.000	163.000	0.000	0.000	0.000	0.000	0.000	0.000	1.000	1.000	0.000	-0.142	-1.266	3.719	14817.524	-376.800	92.937	0.000	0.100	0.100	738.973	376.800	0.000	0.000	3.335	0.000	0.000	0.000	1.000	177.400	16.000	-125.300	-120.200	27.800	-133.000	-53.800	0.000	0.000	0.000
3738958883.365	160.776	176.447	175.906	0.000	165.667	295.128	0.000	287.038	0.000	155.000	163.000	0.000	0.000	0.000	0.000	0.000	0.000	1.000	1.000	0.000	0.161	-1.266	3.719	14527.913	-376.800	93.355	0.000	0.100	0.100	749.137	376.800	0.000	0.000	2.821	0.000	0.000	0.000	1.000	204.200	14.000	-125.000	-120.000	28.400	-133.300	-53.000	0.000	0.000	0.000
3738958893.365	160.756	176.398	175.870	0.000	165.641	295.119	0.000	287.026	0.000	155.000	163.000	0.000	0.000	0.000	0.000	0.000	0.000	1.000	1.000	0.000	0.464	3.876	3.719	14527.913	-376.800	92.984	0.000	0.100	0.100	741.318	376.800	0.000	0.000	2.821	0.000	0.000	0.000	1.000	160.800	12.800	-125.500	-120.000	28.400	-133.000	-53.800	0.000	0.000	0.000
3738958903.364	160.730	176.367	175.821	0.000	165.598	295.105	0.000	287.005	0.000	155.000	163.000	0.000	0.000	0.000	0.000	0.000	0.000	1.000	1.000	0.000	0.161	3.876	3.719	14817.524	-376.800	92.892	0.000	0.100	0.100	746.792	376.800	0.000	0.000	2.821	0.000	0.000	0.000	1.000	202.900	15.300	-125.300	-120.200	27.800	-133.300	-53.800	0.000	0.000	0.000
3738958913.364	160.720	176.344	175.806	0.000	165.592	295.120	0.000	287.003	0.000	155.000	163.000	0.000	0.000	0.000	0.000	0.000	0.000	1.000	1.000	0.000	0.766	1.305	1.149	14817.524	-376.800	92.520	0.000	0.100	0.100	749.138	376.800	0.000	0.000	1.278	0.000	0.000	0.000	1.000	192.700	12.800	-125.500	-120.200	27.800	-133.000	-53.800	0.000	0.000	0.000
3738958923.365	160.691	176.313	175.785	0.000	165.562	295.107	0.000	286.996	0.000	155.000	163.000	0.000	0.000	0.000	0.000	0.000	0.000	1.000	1.000	0.000	0.464	-1.266	3.719	14527.913	-376.800	93.216	0.000	0.100	0.100	742.100	376.800	0.000	0.000	8.991	0.000	0.000	0.000	1.000	178.000	15.300	-125.300	-120.200	27.800	-133.300	-53.800	0.000	0.000	0.000
3738958933.364	160.660	176.293	175.740	0.000	165.547	295.116	0.000	286.988	0.000	155.000	163.000	0.000	0.000	0.000	0.000	0.000	0.000	1.000	1.000	0.000	0.161	1.305	6.290	14817.524	-376.800	94.004	0.000	0.100	0.100	749.919	376.800	0.000	0.000	10.020	0.000	0.000	0.000	1.000	178.000	13.400	-125.500	-120.000	28.900	-133.300	-53.800	0.000	0.000	0.000
3738958943.365	160.684	176.285	175.744	0.000	165.549	295.119	0.000	287.013	0.000	155.000	163.000	0.000	0.000	0.000	0.000	0.000	0.000	1.000	1.000	0.000	-0.142	3.876	3.719	14817.524	-376.800	93.588	0.000	0.100	0.100	740.536	376.800	0.000	0.000	10.534	0.000	0.000	0.000	1.000	193.300	16.000	-125.300	-120.200	27.800	-133.300	-53.800	0.000	0.000	0.000
3738958953.365	160.662	176.256	175.699	0.000	165.535	295.118	0.000	286.988	0.000	155.000	163.000	0.000	0.000	0.000	0.000	0.000	0.000	1.000	1.000	0.000	0.161	-1.266	8.861	15112.908	-376.800	93.077	0.000	0.100	0.100	736.627	376.800	0.000	0.000	10.020	0.000	0.000	0.000	1.000	163.300	16.000	-125.300	-120.200	28.400	-133.300	-53.800	0.000	0.000	0.000
3738958963.365	160.643	176.225	175.682	0.000	165.500	295.116	0.000	286.993	0.000	155.000	163.000	0.000	0.000	0.000	0.000	0.000	0.000	1.000	1.000	0.000	0.161	3.876	3.719	14817.524	-376.800	93.448	0.000	0.100	0.100	746.791	376.800	0.000	0.000	8.991	0.000	0.000	0.000	1.000	206.700	12.800	-125.000	-120.200	29.500	-133.300	-53.800	0.000	0.000	0.000
3738958973.365	160.632	176.198	175.655	0.000	165.480	295.126	0.000	286.986	0.000	155.000	163.000	0.000	0.000	0.000	0.000	0.000	0.000	1.000	1.000	0.000	0.464	1.305	3.719	14527.913	-376.800	92.847	0.000	0.100	0.100	742.882	376.800	0.000	0.000	9.505	0.000	0.000	0.000	1.000	174.800	12.800	-125.500	-120.000	29.500	-133.300	-53.800	0.000	0.000	0.000
3738958983.364	160.613	176.179	175.620	0.000	165.476	295.131	0.000	286.991	0.000	155.000	163.000	0.000	0.000	0.000	0.000	0.000	0.000	1.000	1.000	0.000	-0.142	1.305	6.290	14527.913	-376.800	92.846	0.000	0.100	0.100	738.191	376.800	0.000	0.000	8.477	0.000	0.000	0.000	1.000	203.500	11.500	-125.500	-120.200	28.400	-133.300	-53.800	0.000	0.000	0.000
3738958993.365	160.606	176.165	175.596	0.000	165.451	295.127	0.000	286.984	0.000	155.000	163.000	0.000	0.000	0.000	0.000	0.000	0.000	1.000	1.000	0.000	0.161	1.305	3.719	14817.524	-376.800	93.217	0.000	0.100	0.100	743.664	376.800	0.000	0.000	7.963	0.000	0.000	0.000	1.000	204.800	12.800	-125.000	-120.200	28.900	-133.300	-53.800	0.000	0.000	0.000
3738959003.364	160.600	176.126	175.566	0.000	165.436	295.126	0.000	286.986	0.000	155.000	163.000	0.000	0.000	0.000	0.000	0.000	0.000	1.000	1.000	0.000	0.161	1.305	3.719	14527.913	-376.800	92.753	0.000	0.100	0.100	739.755	376.800	0.000	0.000	7.963	0.000	0.000	0.000	1.000	175.500	16.000	-125.500	-120.200	28.400	-133.500	-53.800	0.000	0.000	0.000
3738959013.364	160.582	176.095	175.553	0.000	165.412	295.126	0.000	286.992	0.000	155.000	163.000	0.000	0.000	0.000	0.000	0.000	0.000	1.000	1.000	0.000	-0.142	1.305	6.290	14817.524	-376.800	93.308	0.000	0.100	0.100	750.701	376.800	0.000	0.000	7.449	0.000	0.000	0.000	1.000	167.800	13.400	-125.800	-120.200	29.500	-133.300	-54.200	0.000	0.000	0.000
3738959023.364	160.559	176.086	175.528	0.000	165.387	295.137	0.000	286.977	0.000	155.000	163.000	0.000	0.000	0.000	0.000	0.000	0.000	1.000	1.000	0.000	-0.142	1.305	6.290	14527.913	-376.800	92.429	0.000	0.100	0.100	740.537	376.800	0.000	0.000	7.449	0.000	0.000	0.000	1.000	202.900	15.300	-125.500	-120.200	28.400	-133.300	-53.800	0.000	0.000	0.000
3738959033.364	160.568	176.066	175.495	0.000	165.375	295.127	0.000	286.984	0.000	155.000	163.000	0.000	0.000	0.000	0.000	0.000	0.000	1.000	1.000	0.000	-0.142	1.305	6.290	14527.913	-376.800	93.357	0.000	0.100	0.100	744.446	376.800	0.000	0.000	6.934	0.000	0.000	0.000	1.000	167.200	16.600	-125.300	-120.200	28.900	-133.500	-53.800	0.000	0.000	0.000
3738959043.365	160.558	176.049	175.481	0.000	165.361	295.137	0.000	286.977	0.000	155.000	163.000	0.000	0.000	0.000	0.000	0.000	0.000	1.000	1.000	0.000	0.161	1.305	3.719	14527.913	-376.800	92.567	0.000	0.100	0.100	747.573	376.800	0.000	0.000	6.420	0.000	0.000	0.000	1.000	162.700	15.300	-125.500	-120.600	28.900	-133.500	-53.800	0.000	0.000	0.000
3738959053.364	160.566	176.049	175.461	0.000	165.363	295.135	0.000	286.983	0.000	155.000	163.000	0.000	0.000	0.000	0.000	0.000	0.000	1.000	1.000	0.000	0.161	-1.266	6.290	14527.913	-376.800	92.938	0.000	0.100	0.100	751.483	376.800	0.000	0.000	5.906	0.000	0.000	0.000	1.000	187.600	14.700	-125.300	-120.200	30.000	-133.500	-53.800	0.000	0.000	0.000
3738959063.365	160.529	176.006	175.414	0.000	165.323	295.125	0.000	286.974	0.000	155.000	163.000	0.000	0.000	0.000	0.000	0.000	0.000	1.000	1.000	0.000	0.161	1.305	6.290	15112.908	-376.800	93.589	0.000	0.100	0.100	736.627	376.800	0.000	0.000	5.392	0.000	0.000	0.000	1.000	192.700	16.000	-125.500	-120.200	29.500	-133.300	-53.800	0.000	0.000	0.000
3738959073.364	160.544	175.997	175.421	0.000	165.311	295.125	0.000	286.980	0.000	155.000	163.000	0.000	0.000	0.000	0.000	0.000	0.000	1.000	1.000	0.000	0.161	1.305	1.149	14527.913	-376.800	93.820	0.000	0.100	0.100	741.318	376.800	0.000	0.000	4.878	0.000	0.000	0.000	1.000	183.100	14.000	-125.500	-120.200	30.000	-133.500	-53.800	0.000	0.000	0.000
3738959083.365	160.494	175.951	175.382	0.000	165.289	295.116	0.000	286.960	0.000	155.000	163.000	0.000	0.000	0.000	0.000	0.000	0.000	1.000	1.000	0.000	-0.142	3.876	3.719	14527.913	-376.800	92.660	0.000	0.100	0.100	743.664	376.800	0.000	0.000	4.363	0.000	0.000	0.000	1.000	177.400	12.100	-125.800	-120.600	29.500	-133.500	-53.800	0.000	0.000	0.000
3738959093.365	160.473	175.931	175.342	0.000	165.251	295.117	0.000	286.960	0.000	155.000	163.000	0.000	0.000	0.000	0.000	0.000	0.000	1.000	1.000	0.000	-0.142	1.305	6.290	14527.913	-376.800	93.354	0.000	0.100	0.100	738.972	376.800	0.000	0.000	3.849	0.000	0.000	0.000	1.000	193.300	16.000	-125.500	-120.600	29.500	-133.300	-54.200	0.000	0.000	0.000
3738959103.365	160.410	175.868	175.283	0.000	165.232	295.105	0.000	286.944	0.000	155.000	163.000	0.000	0.000	0.000	0.000	0.000	0.000	1.000	1.000	0.000	-0.142	1.305	3.719	14527.913	-376.800	93.587	0.000	0.100	0.100	744.446	376.800	0.000	0.000	3.335	0.000	0.000	0.000	1.000	165.900	13.400	-125.300	-120.200	30.000	-133.500	-53.800	0.000	0.000	0.000
3738959113.364	160.410	175.858	175.261	0.000	165.216	295.115	0.000	286.963	0.000	155.000	163.000	0.000	0.000	0.000	0.000	0.000	0.000	1.000	1.000	0.000	0.161	3.876	3.719	14527.913	-376.800	93.218	0.000	0.100	0.100	744.446	376.800	0.000	0.000	3.849	0.000	0.000	0.000	1.000	192.000	16.000	-125.500	-120.600	29.500	-133.500	-53.800	0.000	0.000	0.000
3738959123.364	160.375	175.832	175.243	0.000	165.194	295.116	0.000	286.956	0.000	155.000	163.000	0.000	0.000	0.000	0.000	0.000	0.000	1.000	1.000	0.000	0.161	1.305	3.719	14817.524	-376.800	94.051	0.000	0.100	0.100	750.701	376.800	0.000	0.000	2.821	0.000	0.000	0.000	1.000	207.400	16.000	-125.500	-120.600	29.500	-133.500	-53.800	0.000	0.000	0.000
3738959133.364	160.387	175.823	175.243	0.000	165.203	295.122	0.000	286.949	0.000	155.000	163.000	0.000	0.000	0.000	0.000	0.000	0.000	1.000	1.000	0.000	-0.142	-1.266	3.719	14817.524	-376.800	92.428	0.000	0.100	0.100	740.537	376.800	0.000	0.000	2.821	0.000	0.000	0.000	1.000	159.500	12.800	-125.500	-120.200	30.000	-133.500	-53.800	0.000	0.000	0.000
3738959143.365	160.410	175.825	175.230	0.000	165.198	295.116	0.000	286.953	0.000	155.000	163.000	0.000	0.000	0.000	0.000	0.000	0.000	1.000	1.000	0.000	-0.142	3.876	3.719	14817.524	-376.800	93.032	0.000	0.100	0.100	738.191	376.800	0.000	0.000	2.821	0.000	0.000	0.000	1.000	186.300	16.600	-125.000	-120.600	29.500	-133.500	-53.800	0.000	0.000	0.000
3738959153.364	160.409	175.789	175.208	0.000	165.181	295.125	0.000	286.928	0.000	155.000	163.000	0.000	0.000	0.000	0.000	0.000	0.000	1.000	1.000	0.000	-0.142	3.876	3.719	14817.524	-376.800	93.402	0.000	0.100	0.100	749.919	376.800	0.000	0.000	1.792	0.000	0.000	0.000	1.000	167.800	16.000	-125.000	-120.600	30.000	-133.500	-53.800	0.000	0.000	0.000
3738959163.365	160.391	175.751	175.165	0.000	165.160	295.120	0.000	286.920	0.000	155.000	163.000	0.000	0.000	0.000	0.000	0.000	0.000	1.000	1.000	0.000	-0.142	3.876	3.719	14817.524	-376.800	92.845	0.000	0.100	0.100	748.355	376.800	0.000	0.000	4.363	0.000	0.000	0.000	1.000	174.800	13.400	-125.800	-120.600	29.500	-133.300	-54.200	0.000	0.000	0.000
3738959173.366	160.373	175.738	175.145	0.000	165.145	295.125	0.000	286.917	0.000	155.000	163.000	0.000	0.000	0.000	0.000	0.000	0.000	1.000	1.000	0.000	0.161	1.305	3.719	14243.963	-376.800	93.031	0.000	0.100	0.100	755.393	376.800	0.000	0.000	11.048	0.000	0.000	0.000	1.000	182.500	14.000	-125.500	-120.600	30.600	-133.500	-53.800	0.000	0.000	0.000
3738959183.365	160.323	175.688	175.088	0.000	165.081	295.118	0.000	286.914	0.000	155.000	163.000	0.000	0.000	0.000	0.000	0.000	0.000	1.000	1.000	0.000	-0.142	3.876	3.719	14527.913	-376.800	93.310	0.000	0.100	0.100	745.228	376.800	0.000	0.000	11.048	0.000	0.000	0.000	1.000	208.600	12.800	-125.800	-120.600	29.500	-133.300	-53.800	0.000	0.000	0.000
3738959193.365	160.301	175.673	175.075	0.000	165.081	295.129	0.000	286.922	0.000	155.000	163.000	0.000	0.000	0.000	0.000	0.000	0.000	1.000	1.000	0.000	0.464	1.305	3.719	14527.913	-376.800	93.171	0.000	0.100	0.100	750.701	376.800	0.000	0.000	10.534	0.000	0.000	0.000	1.000	178.000	16.000	-125.800	-120.600	30.000	-133.300	-53.800	0.000	0.000	0.000
3738959203.365	160.308	175.663	175.067	0.000	165.088	295.132	0.000	286.927	0.000	155.000	163.000	0.000	0.000	0.000	0.000	0.000	0.000	1.000	1.000	0.000	0.161	1.305	1.149	14817.524	-376.800	93.725	0.000	0.100	0.100	744.446	376.800	0.000	0.000	9.505	0.000	0.000	0.000	1.000	180.600	16.000	-125.500	-120.600	29.500	-133.300	-53.800	0.000	0.000	0.000
3738959213.364	160.286	175.622	175.023	0.000	165.053	295.121	0.000	286.902	0.000	155.000	163.000	0.000	0.000	0.000	0.000	0.000	0.000	1.000	1.000	0.000	0.161	1.305	6.290	14527.913	-376.800	93.449	0.000	0.100	0.100	752.265	376.800	0.000	0.000	8.991	0.000	0.000	0.000	1.000	198.400	12.100	-125.800	-120.600	29.500	-133.500	-53.800	0.000	0.000	0.000
3738959223.364	160.287	175.624	175.037	0.000	165.052	295.139	0.000	286.925	0.000	155.000	163.000	0.000	0.000	0.000	0.000	0.000	0.000	1.000	1.000	0.000	0.464	3.876	3.719	14527.913	-376.800	93.496	0.000	0.100	0.100	746.792	376.800	0.000	0.000	8.477	0.000	0.000	0.000	1.000	175.500	14.000	-125.500	-120.600	30.000	-133.300	-53.800	0.000	0.000	0.000
3738959233.365	160.279	175.597	174.999	0.000	165.035	295.137	0.000	286.923	0.000	155.000	163.000	0.000	0.000	0.000	0.000	0.000	0.000	1.000	1.000	0.000	-0.142	1.305	6.290	14527.913	-376.800	93.819	0.000	0.100	0.100	742.100	376.800	0.000	0.000	8.477	0.000	0.000	0.000	1.000	164.000	16.600	-125.300	-120.600	29.500	-133.500	-53.800	0.000	0.000	0.000
3738959243.365	160.280	175.581	174.959	0.000	165.019	295.129	0.000	286.912	0.000	155.000	163.000	0.000	0.000	0.000	0.000	0.000	0.000	1.000	1.000	0.000	-0.142	1.305	3.719	14243.963	-376.800	92.845	0.000	0.100	0.100	754.611	376.800	0.000	0.000	7.963	0.000	0.000	0.000	1.000	172.900	14.700	-125.500	-120.600	29.500	-133.300	-53.800	0.000	0.000	0.000
3738959253.365	160.287	175.573	174.952	0.000	165.003	295.132	0.000	286.925	0.000	155.000	163.000	0.000	0.000	0.000	0.000	0.000	0.000	1.000	1.000	0.000	0.161	1.305	6.290	14527.913	-376.800	93.170	0.000	0.100	0.100	744.446	376.800	0.000	0.000	7.449	0.000	0.000	0.000	1.000	162.700	12.100	-125.800	-120.600	29.500	-133.300	-53.800	0.000	0.000	0.000
3738959263.364	160.269	175.549	174.917	0.000	164.993	295.125	0.000	286.915	0.000	155.000	163.000	0.000	0.000	0.000	0.000	0.000	0.000	1.000	1.000	0.000	-0.142	1.305	6.290	14817.524	-376.800	93.218	0.000	0.100	0.100	739.755	376.800	0.000	0.000	6.934	0.000	0.000	0.000	1.000	174.800	16.000	-125.500	-120.600	29.500	-133.300	-53.800	0.000	0.000	0.000
3738959273.364	160.271	175.521	174.906	0.000	164.961	295.126	0.000	286.908	0.000	155.000	163.000	0.000	0.000	0.000	0.000	0.000	0.000	1.000	1.000	0.000	0.161	1.305	3.719	14527.913	-376.800	92.753	0.000	0.100	0.100	744.446	376.800	0.000	0.000	6.934	0.000	0.000	0.000	1.000	195.200	13.400	-125.500	-120.600	29.500	-133.300	-54.200	0.000	0.000	0.000
3738959283.364	160.255	175.490	174.865	0.000	164.943	295.121	0.000	286.895	0.000	155.000	163.000	0.000	0.000	0.000	0.000	0.000	0.000	1.000	1.000	0.000	0.464	1.305	1.149	14527.913	-376.800	92.799	0.000	0.100	0.100	741.318	376.800	0.000	0.000	6.934	0.000	0.000	0.000	1.000	190.800	15.300	-125.500	-120.600	29.500	-133.300	-54.200	0.000	0.000	0.000
3738959293.365	160.250	175.465	174.845	0.000	164.917	295.109	0.000	286.879	0.000	155.000	163.000	0.000	0.000	0.000	0.000	0.000	0.000	1.000	1.000	0.000	-0.142	3.876	1.149	14527.913	-376.800	92.659	0.000	0.100	0.100	742.100	376.800	0.000	0.000	5.392	0.000	0.000	0.000	1.000	170.300	12.800	-125.500	-120.600	30.000	-133.300	-53.800	0.000	0.000	0.000
3738959303.365	160.225	175.466	174.826	0.000	164.898	295.121	0.000	286.883	0.000	155.000	163.000	0.000	0.000	0.000	0.000	0.000	0.000	1.000	1.000	0.000	-0.142	3.876	6.290	14527.913	-376.800	92.891	0.000	0.100	0.100	752.265	376.800	0.000	0.000	5.906	0.000	0.000	0.000	1.000	192.000	14.700	-125.500	-120.600	29.500	-133.300	-53.800	0.000	0.000	0.000
3738959313.364	160.225	175.431	174.788	0.000	164.886	295.127	0.000	286.873	0.000	155.000	163.000	0.000	0.000	0.000	0.000	0.000	0.000	1.000	1.000	0.000	-0.142	3.876	3.719	14817.524	-376.800	93.217	0.000	0.100	0.100	742.882	376.800	0.000	0.000	4.878	0.000	0.000	0.000	1.000	201.600	14.700	-125.300	-120.600	30.000	-133.300	-53.800	0.000	0.000	0.000
3738959323.364	160.207	175.403	174.768	0.000	164.887	295.119	0.000	286.890	0.000	155.000	163.000	0.000	0.000	0.000	0.000	0.000	0.000	1.000	1.000	0.000	0.161	1.305	3.719	14527.913	-376.800	93.959	0.000	0.100	0.100	748.356	376.800	0.000	0.000	5.392	0.000	0.000	0.000	1.000	195.200	16.000	-125.500	-120.600	29.500	-133.300	-53.800	0.000	0.000	0.000
3738959333.365	160.180	175.378	174.728	0.000	164.852	295.126	0.000	286.886	0.000	155.000	163.000	0.000	0.000	0.000	0.000	0.000	0.000	1.000	1.000	0.000	0.161	1.305	3.719	14527.913	-376.800	92.939	0.000	0.100	0.100	740.536	376.800	0.000	0.000	4.878	0.000	0.000	0.000	1.000	185.000	16.600	-125.300	-120.600	29.500	-133.300	-53.800	0.000	0.000	0.000
3738959343.366	160.148	175.356	174.708	0.000	164.846	295.129	0.000	286.898	0.000	155.000	163.000	0.000	0.000	0.000	0.000	0.000	0.000	1.000	1.000	0.000	-0.142	1.305	1.149	14243.963	-376.800	93.587	0.000	0.100	0.100	744.446	376.800	0.000	0.000	3.849	0.000	0.000	0.000	1.000	184.400	13.400	-125.800	-120.600	30.000	-133.300	-53.800	0.000	0.000	0.000
3738959353.365	160.139	175.316	174.685	0.000	164.828	295.130	0.000	286.892	0.000	155.000	163.000	0.000	0.000	0.000	0.000	0.000	0.000	1.000	1.000	0.000	0.161	-1.266	1.149	14527.913	-376.800	93.169	0.000	0.100	0.100	741.318	376.800	0.000	0.000	3.335	0.000	0.000	0.000	1.000	187.600	14.000	-125.300	-120.600	30.000	-133.300	-53.800	0.000	0.000	0.000
3738959363.364	160.102	175.291	174.659	0.000	164.807	295.122	0.000	286.879	0.000	155.000	163.000	0.000	0.000	0.000	0.000	0.000	0.000	1.000	1.000	0.000	-0.445	1.305	3.719	14527.913	-376.800	92.846	0.000	0.100	0.100	742.882	376.800	0.000	0.000	3.335	0.000	0.000	0.000	1.000	172.900	12.800	-125.500	-120.600	30.000	-133.300	-54.200	0.000	0.000	0.000
3738959373.364	160.114	175.262	174.626	0.000	164.797	295.122	0.000	286.884	0.000	155.000	163.000	0.000	0.000	0.000	0.000	0.000	0.000	1.000	1.000	0.000	-0.142	3.876	3.719	14527.913	-376.800	93.032	0.000	0.100	0.100	746.010	376.800	0.000	0.000	3.335	0.000	0.000	0.000	1.000	182.500	16.000	-125.300	-120.600	29.500	-133.300	-53.800	0.000	0.000	0.000
3738959383.365	160.096	175.250	174.611	0.000	164.764	295.121	0.000	286.868	0.000	155.000	163.000	0.000	0.000	0.000	0.000	0.000	0.000	1.000	1.000	0.000	0.161	1.305	3.719	14817.524	-376.800	93.264	0.000	0.100	0.100	743.664	376.800	0.000	0.000	2.821	0.000	0.000	0.000	1.000	195.200	14.000	-125.300	-120.600	30.000	-133.300	-53.800	0.000	0.000	0.000
3738959393.366	160.093	175.233	174.593	0.000	164.763	295.119	0.000	286.878	0.000	155.000	163.000	0.000	0.000	0.000	0.000	0.000	0.000	1.000	1.000	0.000	0.161	1.305	3.719	14817.524	-376.800	93.310	0.000	0.100	0.100	742.100	376.800	0.000	0.000	2.821	0.000	0.000	0.000	1.000	186.300	15.300	-125.300	-120.600	30.000	-133.300	-53.800	0.000	0.000	0.000
3738959403.365	160.093	175.201	174.574	0.000	164.740	295.112	0.000	286.876	0.000	155.000	163.000	0.000	0.000	0.000	0.000	0.000	0.000	1.000	1.000	0.000	0.161	1.305	6.290	14243.963	-376.800	93.401	0.000	0.100	0.100	751.483	376.800	0.000	0.000	0.764	0.000	0.000	0.000	1.000	167.800	12.800	-125.300	-120.600	29.500	-133.300	-53.800	0.000	0.000	0.000
3738959413.366	160.102	175.205	174.548	0.000	164.744	295.114	0.000	286.873	0.000	155.000	163.000	0.000	0.000	0.000	0.000	0.000	0.000	1.000	1.000	0.000	0.464	3.876	3.719	14527.913	-376.800	93.216	0.000	0.100	0.100	751.483	376.800	0.000	0.000	11.562	0.000	0.000	0.000	1.000	202.900	14.000	-125.500	-120.600	30.000	-133.300	-53.800	0.000	0.000	0.000
3738959423.364	160.113	175.188	174.545	0.000	164.743	295.113	0.000	286.884	0.000	155.000	163.000	0.000	0.000	0.000	0.000	0.000	0.000	1.000	1.000	0.000	-0.142	3.876	3.719	14527.913	-376.800	93.171	0.000	0.100	0.100	744.446	376.800	0.000	0.000	10.534	0.000	0.000	0.000	1.000	157.600	13.400	-125.800	-120.600	29.500	-133.300	-54.200	0.000	0.000	0.000
3738959433.365	160.104	175.159	174.495	0.000	164.710	295.116	0.000	286.866	0.000	155.000	163.000	0.000	0.000	0.000	0.000	0.000	0.000	1.000	1.000	0.000	0.161	1.305	6.290	14527.913	-376.800	94.143	0.000	0.100	0.100	742.882	376.800	0.000	0.000	10.020	0.000	0.000	0.000	1.000	167.200	13.400	-125.300	-120.600	30.000	-133.300	-53.800	0.000	0.000	0.000
3738959443.365	160.094	175.157	174.490	0.000	164.691	295.112	0.000	286.863	0.000	155.000	163.000	0.000	0.000	0.000	0.000	0.000	0.000	1.000	1.000	0.000	-0.142	1.305	6.290	14527.913	-376.800	93.262	0.000	0.100	0.100	747.574	376.800	0.000	0.000	10.534	0.000	0.000	0.000	1.000	192.700	11.500	-125.500	-120.600	29.500	-133.300	-53.800	0.000	0.000	0.000
3738959453.364	160.074	175.122	174.457	0.000	164.676	295.107	0.000	286.852	0.000	155.000	163.000	0.000	0.000	0.000	0.000	0.000	0.000	1.000	1.000	0.000	-0.142	1.305	3.719	14527.913	-376.800	93.450	0.000	0.100	0.100	753.047	376.800	0.000	0.000	9.505	0.000	0.000	0.000	1.000	188.800	13.400	-125.800	-120.600	29.500	-133.300	-54.200	0.000	0.000	0.000
3738959463.365	160.074	175.102	174.439	0.000	164.665	295.112	0.000	286.849	0.000	155.000	163.000	0.000	0.000	0.000	0.000	0.000	0.000	1.000	1.000	0.000	0.464	1.305	6.290	14243.963	-376.800	93.495	0.000	0.100	0.100	749.137	376.800	0.000	0.000	9.505	0.000	0.000	0.000	1.000	172.300	16.000	-125.000	-120.600	29.500	-133.300	-53.800	0.000	0.000	0.000
3738959473.364	160.055	175.084	174.415	0.000	164.635	295.120	0.000	286.849	0.000	155.000	163.000	0.000	0.000	0.000	0.000	0.000	0.000	1.000	1.000	0.000	-0.142	3.876	3.719	14527.913	-376.800	93.401	0.000	0.100	0.100	746.010	376.800	0.000	0.000	8.477	0.000	0.000	0.000	1.000	158.900	12.800	-125.300	-120.600	30.000	-133.500	-53.800	0.000	0.000	0.000
3738959483.365	160.033	175.066	174.391	0.000	164.631	295.121	0.000	286.845	0.000	155.000	163.000	0.000	0.000	0.000	0.000	0.000	0.000	1.000	1.000	0.000	0.766	-1.266	3.719	14527.913	-376.800	93.541	0.000	0.100	0.100	748.356	376.800	0.000	0.000	7.963	0.000	0.000	0.000	1.000	191.400	14.700	-125.500	-120.800	29.500	-133.300	-53.800	0.000	0.000	0.000
3738959493.364	160.017	175.023	174.359	0.000	164.608	295.111	0.000	286.843	0.000	155.000	163.000	0.000	0.000	0.000	0.000	0.000	0.000	1.000	1.000	0.000	0.161	-1.266	3.719	14527.913	-376.800	92.430	0.000	0.100	0.100	743.664	376.800	0.000	0.000	7.449	0.000	0.000	0.000	1.000	167.200	13.400	-126.100	-120.600	29.500	-133.300	-54.200	0.000	0.000	0.000
3738959503.365	159.991	174.995	174.323	0.000	164.589	295.100	0.000	286.846	0.000	155.000	163.000	0.000	0.000	0.000	0.000	0.000	0.000	1.000	1.000	0.000	0.161	3.876	1.149	14527.913	-376.800	94.051	0.000	0.100	0.100	745.228	376.800	0.000	0.000	7.449	0.000	0.000	0.000	1.000	208.600	16.000	-125.500	-120.800	29.500	-133.300	-53.800	0.000	0.000	0.000
3738959513.364	159.952	174.956	174.288	0.000	164.565	295.094	0.000	286.839	0.000	155.000	163.000	0.000	0.000	0.000	0.000	0.000	0.000	1.000	1.000	0.000	-0.142	6.446	3.719	14527.913	-376.800	92.613	0.000	0.100	0.100	738.191	376.800	0.000	0.000	6.934	0.000	0.000	0.000	1.000	170.300	13.400	-125.500	-120.600	30.000	-133.300	-53.800	0.000	0.000	0.000
3738959523.364	159.949	174.953	174.270	0.000	164.563	295.113	0.000	286.845	0.000	155.000	163.000	0.000	0.000	0.000	0.000	0.000	0.000	1.000	1.000	0.000	0.161	6.446	6.290	14243.963	-376.800	93.866	0.000	0.100	0.100	746.792	376.800	0.000	0.000	6.420	0.000	0.000	0.000	1.000	162.700	15.300	-125.500	-120.800	28.900	-133.300	-53.800	0.000	0.000	0.000
3738959533.366	159.952	174.939	174.264	0.000	164.543	295.111	0.000	286.832	0.000	155.000	163.000	0.000	0.000	0.000	0.000	0.000	0.000	1.000	1.000	0.000	0.161	6.446	3.719	14243.963	-376.800	92.522	0.000	0.100	0.100	738.191	376.800	0.000	0.000	5.906	0.000	0.000	0.000	1.000	194.600	16.000	-125.800	-120.800	29.500	-133.300	-53.800	0.000	0.000	0.000
3738959543.364	159.962	174.917	174.241	0.000	164.548	295.113	0.000	286.834	0.000	155.000	163.000	0.000	0.000	0.000	0.000	0.000	0.000	1.000	1.000	0.000	-0.142	-1.266	6.290	14817.524	-376.800	93.309	0.000	0.100	0.100	750.701	376.800	0.000	0.000	5.906	0.000	0.000	0.000	1.000	159.500	14.000	-125.500	-120.600	29.500	-133.500	-53.800	0.000	0.000	0.000
3738959553.365	159.946	174.908	174.223	0.000	164.528	295.109	0.000	286.834	0.000	155.000	163.000	0.000	0.000	0.000	0.000	0.000	0.000	1.000	1.000	0.000	-0.142	1.305	1.149	14243.963	-376.800	93.679	0.000	0.100	0.100	753.829	376.800	0.000	0.000	5.392	0.000	0.000	0.000	1.000	178.000	13.400	-125.500	-120.600	30.000	-133.500	-53.800	0.000	0.000	0.000
3738959563.365	159.933	174.864	174.179	0.000	164.482	295.108	0.000	286.822	0.000	155.000	163.000	0.000	0.000	0.000	0.000	0.000	0.000	1.000	1.000	0.000	0.464	3.876	3.719	14527.913	-376.800	93.959	0.000	0.100	0.100	742.101	376.800	0.000	0.000	4.363	0.000	0.000	0.000	1.000	175.500	16.600	-125.300	-120.800	29.500	-133.500	-53.800	0.000	0.000	0.000
3738959573.364	159.926	174.854	174.180	0.000	164.482	295.115	0.000	286.815	0.000	155.000	163.000	0.000	0.000	0.000	0.000	0.000	0.000	1.000	1.000	0.000	0.161	1.305	3.719	14527.913	-376.800	93.124	0.000	0.100	0.100	749.138	376.800	0.000	0.000	4.878	0.000	0.000	0.000	1.000	205.400	16.600	-125.300	-120.800	29.500	-133.500	-53.800	0.000	0.000	0.000
3738959583.364	159.894	174.818	174.133	0.000	164.462	295.102	0.000	286.812	0.000	155.000	163.000	0.000	0.000	0.000	0.000	0.000	0.000	1.000	1.000	0.000	0.161	-1.266	3.719	14243.963	-376.800	93.355	0.000	0.100	0.100	751.483	376.800	0.000	0.000	3.849	0.000	0.000	0.000	1.000	191.400	13.400	-125.500	-120.600	30.000	-133.300	-54.200	0.000	0.000	0.000
3738959593.365	159.873	174.793	174.097	0.000	164.446	295.106	0.000	286.840	0.000	155.000	163.000	0.000	0.000	0.000	0.000	0.000	0.000	1.000	1.000	0.000	0.161	3.876	1.149	14527.913	-376.800	93.727	0.000	0.100	0.100	742.100	376.800	0.000	0.000	3.849	0.000	0.000	0.000	1.000	176.100	15.300	-126.100	-120.800	29.500	-133.300	-54.200	0.000	0.000	0.000
3738959603.364	159.863	174.774	174.083	0.000	164.441	295.113	0.000	286.825	0.000	155.000	163.000	0.000	0.000	0.000	0.000	0.000	0.000	1.000	1.000	0.000	-0.142	3.876	8.861	14243.963	-376.800	93.357	0.000	0.100	0.100	738.191	376.800	0.000	0.000	3.335	0.000	0.000	0.000	1.000	195.200	13.400	-125.300	-120.800	29.500	-133.500	-53.800	0.000	0.000	0.000
3738959613.364	159.857	174.750	174.062	0.000	164.409	295.110	0.000	286.800	0.000	155.000	163.000	0.000	0.000	0.000	0.000	0.000	0.000	1.000	1.000	0.000	-0.142	-1.266	3.719	14243.963	-376.800	93.865	0.000	0.100	0.100	738.972	376.800	0.000	0.000	2.821	0.000	0.000	0.000	1.000	167.800	13.400	-126.100	-120.800	29.500	-133.300	-54.200	0.000	0.000	0.000
3738959623.365	159.889	174.753	174.071	0.000	164.435	295.124	0.000	286.813	0.000	155.000	163.000	0.000	0.000	0.000	0.000	0.000	0.000	1.000	1.000	0.000	-0.142	3.876	3.719	14527.913	-376.800	93.448	0.000	0.100	0.100	746.792	376.800	0.000	0.000	2.821	0.000	0.000	0.000	1.000	197.800	14.700	-125.500	-120.800	28.900	-133.500	-54.200	0.000	0.000	0.000
3738959633.365	159.897	174.752	174.045	0.000	164.406	295.121	0.000	286.799	0.000	155.000	163.000	0.000	0.000	0.000	0.000	0.000	0.000	1.000	1.000	0.000	-0.142	1.305	6.290	14527.913	-376.800	93.403	0.000	0.100	0.100	741.318	376.800	0.000	0.000	2.307	0.000	0.000	0.000	1.000	160.800	16.000	-125.300	-120.800	29.500	-133.500	-53.800	0.000	0.000	0.000
3738959643.365	159.904	174.740	174.040	0.000	164.404	295.135	0.000	286.808	0.000	155.000	163.000	0.000	0.000	0.000	0.000	0.000	0.000	1.000	1.000	0.000	-0.142	1.305	6.290	14527.913	-376.800	93.356	0.000	0.100	0.100	751.483	376.800	0.000	0.000	2.307	0.000	0.000	0.000	1.000	202.900	13.400	-125.500	-120.800	30.000	-133.500	-53.800	0.000	0.000	0.000
3738959653.364	159.876	174.702	173.997	0.000	164.383	295.127	0.000	286.807	0.000	155.000	163.000	0.000	0.000	0.000	0.000	0.000	0.000	1.000	1.000	0.000	0.161	-1.266	1.149	14527.913	-376.800	93.957	0.000	0.100	0.100	747.573	376.800	0.000	0.000	6.934	0.000	0.000	0.000	1.000	160.100	13.400	-126.100	-120.800	29.500	-133.300	-54.200	0.000	0.000	0.000
3738959663.365	159.860	174.688	173.992	0.000	164.367	295.138	0.000	286.802	0.000	155.000	163.000	0.000	0.000	0.000	0.000	0.000	0.000	1.000	1.000	0.000	0.161	-1.266	3.719	14817.524	-376.800	93.633	0.000	0.100	0.100	743.664	376.800	0.000	0.000	11.562	0.000	0.000	0.000	1.000	198.400	12.800	-125.800	-120.800	30.000	-133.300	-54.200	0.000	0.000	0.000
3738959673.365	159.830	174.655	173.944	0.000	164.338	295.124	0.000	286.797	0.000	155.000	163.000	0.000	0.000	0.000	0.000	0.000	0.000	1.000	1.000	0.000	-0.142	1.305	6.290	14817.524	-376.800	92.847	0.000	0.100	0.100	746.010	376.800	0.000	0.000	10.534	0.000	0.000	0.000	1.000	187.600	15.300	-125.500	-120.800	28.900	-133.500	-53.800	0.000	0.000	0.000
3738959683.365	159.829	174.637	173.934	0.000	164.328	295.135	0.000	286.796	0.000	155.000	163.000	0.000	0.000	0.000	0.000	0.000	0.000	1.000	1.000	0.000	-0.142	-1.266	3.719	14527.913	-376.800	93.541	0.000	0.100	0.100	746.010	376.800	0.000	0.000	10.020	0.000	0.000	0.000	1.000	178.000	16.600	-125.300	-120.800	29.500	-133.500	-53.800	0.000	0.000	0.000
3738959693.365	159.802	174.603	173.883	0.000	164.308	295.117	0.000	286.789	0.000	155.000	163.000	0.000	0.000	0.000	0.000	0.000	0.000	1.000	1.000	0.000	0.161	3.876	3.719	14527.913	-376.800	93.772	0.000	0.100	0.100	744.446	376.800	0.000	0.000	9.505	0.000	0.000	0.000	1.000	188.800	14.000	-125.300	-120.800	30.000	-133.500	-53.800	0.000	0.000	0.000
3738959703.365	159.808	174.618	173.889	0.000	164.317	295.128	0.000	286.801	0.000	155.000	163.000	0.000	0.000	0.000	0.000	0.000	0.000	1.000	1.000	0.000	-0.142	3.876	6.290	14527.913	-376.800	93.447	0.000	0.100	0.100	746.010	376.800	0.000	0.000	8.477	0.000	0.000	0.000	1.000	183.100	13.400	-126.100	-120.800	29.500	-133.500	-54.200	0.000	0.000	0.000
3738959713.365	159.822	174.575	173.860	0.000	164.312	295.130	0.000	286.782	0.000	155.000	163.000	0.000	0.000	0.000	0.000	0.000	0.000	1.000	1.000	0.000	-0.142	-1.266	6.290	14817.524	-376.800	93.263	0.000	0.100	0.100	742.882	376.800	0.000	0.000	8.991	0.000	0.000	0.000	1.000	190.800	15.300	-125.800	-120.800	29.500	-133.500	-53.800	0.000	0.000	0.000
3738959723.365	159.785	174.553	173.845	0.000	164.273	295.131	0.000	286.783	0.000	155.000	163.000	0.000	0.000	0.000	0.000	0.000	0.000	1.000	1.000	0.000	-0.142	1.305	1.149	14243.963	-376.800	92.662	0.000	0.100	0.100	741.319	376.800	0.000	0.000	7.963	0.000	0.000	0.000	1.000	185.000	11.500	-126.100	-120.800	29.500	-133.500	-53.800	0.000	0.000	0.000
3738959733.364	159.772	174.528	173.800	0.000	164.254	295.127	0.000	286.789	0.000	155.000	163.000	0.000	0.000	0.000	0.000	0.000	0.000	1.000	1.000	0.000	0.161	3.876	6.290	14817.524	-376.800	93.078	0.000	0.100	0.100	743.664	376.800	0.000	0.000	8.477	0.000	0.000	0.000	1.000	162.700	12.800	-125.800	-120.800	30.000	-133.500	-54.200	0.000	0.000	0.000
3738959743.364	159.765	174.505	173.783	0.000	164.231	295.122	0.000	286.780	0.000	155.000	163.000	0.000	0.000	0.000	0.000	0.000	0.000	1.000	1.000	0.000	0.161	3.876	3.719	14527.913	-376.800	93.586	0.000	0.100	0.100	745.228	376.800	0.000	0.000	7.449	0.000	0.000	0.000	1.000	158.200	14.000	-125.500	-120.800	29.500	-133.500	-54.200	0.000	0.000	0.000
3738959753.364	159.724	174.467	173.751	0.000	164.208	295.119	0.000	286.767	0.000	155.000	163.000	0.000	0.000	0.000	0.000	0.000	0.000	1.000	1.000	0.000	-0.142	1.305	3.719	14243.963	-376.800	92.568	0.000	0.100	0.100	753.829	376.800	0.000	0.000	6.934	0.000	0.000	0.000	1.000	200.300	12.800	-126.100	-120.800	29.500	-133.500	-53.800	0.000	0.000	0.000
3738959763.365	159.694	174.441	173.711	0.000	164.170	295.121	0.000	286.770	0.000	155.000	163.000	0.000	0.000	0.000	0.000	0.000	0.000	1.000	1.000	0.000	0.161	3.876	-1.422	14243.963	-376.800	93.959	0.000	0.100	0.100	747.574	376.800	0.000	0.000	6.420	0.000	0.000	0.000	1.000	190.800	15.300	-125.300	-120.800	29.500	-133.500	-53.800	0.000	0.000	0.000
3738959773.366	159.693	174.435	173.701	0.000	164.177	295.120	0.000	286.767	0.000	155.000	163.000	0.000	0.000	0.000	0.000	0.000	0.000	1.000	1.000	0.000	-0.142	1.305	3.719	14527.913	-376.800	92.984	0.000	0.100	0.100	742.100	376.800	0.000	0.000	5.906	0.000	0.000	0.000	1.000	196.500	14.000	-125.300	-120.800	30.000	-133.500	-53.800	0.000	0.000	0.000
3738959783.365	159.689	174.401	173.670	0.000	164.152	295.125	0.000	286.770	0.000	155.000	163.000	0.000	0.000	0.000	0.000	0.000	0.000	1.000	1.000	0.000	-0.142	3.876	1.149	14527.913	-376.800	93.448	0.000	0.100	0.100	742.883	376.800	0.000	0.000	6.420	0.000	0.000	0.000	1.000	188.200	16.000	-125.300	-120.800	29.500	-133.500	-53.800	0.000	0.000	0.000
3738959793.366	159.708	174.406	173.675	0.000	164.156	295.129	0.000	286.776	0.000	155.000	163.000	0.000	0.000	0.000	0.000	0.000	0.000	1.000	1.000	0.000	0.766	3.876	3.719	14527.913	-376.800	93.774	0.000	0.100	0.100	738.191	376.800	0.000	0.000	5.392	0.000	0.000	0.000	1.000	191.400	16.000	-125.500	-120.800	29.500	-133.500	-53.800	0.000	0.000	0.000
3738959803.364	159.694	174.381	173.633	0.000	164.133	295.122	0.000	286.769	0.000	155.000	163.000	0.000	0.000	0.000	0.000	0.000	0.000	1.000	1.000	0.000	0.464	3.876	3.719	14817.524	-376.800	93.541	0.000	0.100	0.100	742.882	376.800	0.000	0.000	4.878	0.000	0.000	0.000	1.000	172.300	12.800	-126.100	-120.800	29.500	-133.500	-54.200	0.000	0.000	0.000
3738959813.364	159.674	174.349	173.604	0.000	164.104	295.111	0.000	286.747	0.000	155.000	163.000	0.000	0.000	0.000	0.000	0.000	0.000	1.000	1.000	0.000	0.161	1.305	3.719	14817.524	-376.800	93.216	0.000	0.100	0.100	741.318	376.800	0.000	0.000	4.878	0.000	0.000	0.000	1.000	189.500	14.000	-125.500	-120.800	29.500	-133.500	-53.800	0.000	0.000	0.000
3738959823.364	159.655	174.319	173.583	0.000	164.087	295.112	0.000	286.753	0.000	155.000	163.000	0.000	0.000	0.000	0.000	0.000	0.000	1.000	1.000	0.000	0.464	1.305	3.719	14527.913	-376.800	93.587	0.000	0.100	0.100	748.356	376.800	0.000	0.000	4.363	0.000	0.000	0.000	1.000	198.400	12.100	-126.100	-120.800	29.500	-133.500	-54.200	0.000	0.000	0.000
3738959833.364	159.628	174.284	173.544	0.000	164.073	295.111	0.000	286.755	0.000	155.000	163.000	0.000	0.000	0.000	0.000	0.000	0.000	1.000	1.000	0.000	0.161	6.446	3.719	14243.963	-376.800	93.635	0.000	0.100	0.100	743.664	376.800	0.000	0.000	3.335	0.000	0.000	0.000	1.000	178.000	12.800	-126.100	-120.800	30.000	-133.500	-53.800	0.000	0.000	0.000
3738959843.364	159.620	174.284	173.528	0.000	164.052	295.108	0.000	286.753	0.000	155.000	163.000	0.000	0.000	0.000	0.000	0.000	0.000	1.000	1.000	0.000	-0.445	-1.266	3.719	14243.963	-376.800	93.681	0.000	0.100	0.100	740.536	376.800	0.000	0.000	3.335	0.000	0.000	0.000	1.000	201.600	12.800	-126.100	-120.800	30.000	-133.500	-54.200	0.000	0.000	0.000
3738959853.364	159.594	174.249	173.505	0.000	164.020	295.123	0.000	286.740	0.000	155.000	163.000	0.000	0.000	0.000	0.000	0.000	0.000	1.000	1.000	0.000	0.464	1.305	6.290	14243.963	-376.800	92.613	0.000	0.100	0.100	741.318	376.800	0.000	0.000	3.335	0.000	0.000	0.000	1.000	197.800	14.000	-125.500	-120.800	30.000	-133.500	-53.800	0.000	0.000	0.000
3738959863.364	159.577	174.227	173.479	0.000	164.018	295.118	0.000	286.744	0.000	155.000	163.000	0.000	0.000	0.000	0.000	0.000	0.000	1.000	1.000	0.000	-0.142	1.305	3.719	14527.913	-376.800	92.938	0.000	0.100	0.100	736.627	376.800	0.000	0.000	2.821	0.000	0.000	0.000	1.000	187.600	14.700	-125.500	-120.800	30.000	-133.500	-53.800	0.000	0.000	0.000
3738959873.365	159.564	174.213	173.453	0.000	164.014	295.116	0.000	286.738	0.000	155.000	163.000	0.000	0.000	0.000	0.000	0.000	0.000	1.000	1.000	0.000	0.161	1.305	6.290	14527.913	-376.800	92.800	0.000	0.100	0.100	744.446	376.800	0.000	0.000	1.792	0.000	0.000	0.000	1.000	178.000	12.800	-125.800	-120.800	28.900	-133.500	-53.800	0.000	0.000	0.000
3738959883.364	159.580	174.211	173.464	0.000	164.000	295.122	0.000	286.733	0.000	155.000	163.000	0.000	0.000	0.000	0.000	0.000	0.000	1.000	1.000	0.000	-0.142	1.305	1.149	14243.963	-376.800	93.264	0.000	0.100	0.100	743.664	376.800	0.000	0.000	1.792	0.000	0.000	0.000	1.000	162.100	16.600	-125.500	-121.100	28.900	-0.000	-0.000	0.000	0.000	0.000
3738959893.365	159.540	174.168	173.413	0.000	163.968	295.118	0.000	286.719	0.000	155.000	163.000	0.000	0.000	0.000	0.000	0.000	0.000	1.000	1.000	0.000	-0.142	1.305	1.149	14527.913	-376.800	93.773	0.000	0.100	0.100	750.701	376.800	0.000	0.000	2.821	0.000	0.000	0.000	1.000	164.600	14.700	-126.100	-121.100	30.000	-133.500	-53.800	0.000	0.000	0.000
3738959903.364	159.515	174.133	173.370	0.000	163.949	295.108	0.000	286.726	0.000	155.000	163.000	0.000	0.000	0.000	0.000	0.000	0.000	1.000	1.000	0.000	-0.142	1.305	8.861	14527.913	-376.800	92.891	0.000	0.100	0.100	746.010	376.800	0.000	0.000	10.534	0.000	0.000	0.000	1.000	177.400	12.100	-126.100	-120.800	30.000	-133.500	-53.800	0.000	0.000	0.000
3738959913.366	159.502	174.095	173.340	0.000	163.934	295.102	0.000	286.729	0.000	155.000	163.000	0.000	0.000	0.000	0.000	0.000	0.000	1.000	1.000	0.000	0.464	3.876	6.290	14527.913	-376.800	92.752	0.000	0.100	0.100	742.882	376.800	0.000	0.000	10.534	0.000	0.000	0.000	1.000	167.200	13.400	-125.800	-120.800	30.000	-133.500	-53.800	0.000	0.000	0.000
3738959923.366	159.480	174.085	173.317	0.000	163.913	295.103	0.000	286.734	0.000	155.000	163.000	0.000	0.000	0.000	0.000	0.000	0.000	1.000	1.000	0.000	0.161	1.305	3.719	13965.563	-376.800	94.189	0.000	0.100	0.100	748.355	376.800	0.000	0.000	10.534	0.000	0.000	0.000	1.000	183.100	12.800	-126.100	-121.100	29.500	-133.500	-54.200	0.000	0.000	0.000
3738959933.364	159.462	174.056	173.307	0.000	163.888	295.107	0.000	286.743	0.000	155.000	163.000	0.000	0.000	0.000	0.000	0.000	0.000	1.000	1.000	0.000	-0.142	9.017	3.719	14243.963	-376.800	93.680	0.000	0.100	0.100	747.573	376.800	0.000	0.000	10.020	0.000	0.000	0.000	1.000	167.200	16.600	-125.500	-121.100	29.500	-133.500	-53.800	0.000	0.000	0.000
3738959943.365	159.463	174.048	173.280	0.000	163.876	295.101	0.000	286.717	0.000	155.000	163.000	0.000	0.000	0.000	0.000	0.000	0.000	1.000	1.000	0.000	-0.142	3.876	3.719	14527.913	-376.800	93.449	0.000	0.100	0.100	746.792	376.800	0.000	0.000	8.991	0.000	0.000	0.000	1.000	202.900	14.000	-125.800	-120.800	30.000	-133.500	-54.200	0.000	0.000	0.000
3738959953.364	159.462	174.028	173.278	0.000	163.856	295.108	0.000	286.721	0.000	155.000	163.000	0.000	0.000	0.000	0.000	0.000	0.000	1.000	1.000	0.000	-0.142	1.305	3.719	14243.963	-376.800	93.495	0.000	0.100	0.100	744.446	376.800	0.000	0.000	8.991	0.000	0.000	0.000	1.000	206.700	16.600	-125.500	-121.100	29.500	-133.500	-53.800	0.000	0.000	0.000
3738959963.364	159.442	174.008	173.243	0.000	163.831	295.094	0.000	286.709	0.000	155.000	163.000	0.000	0.000	0.000	0.000	0.000	0.000	1.000	1.000	0.000	-0.142	-1.266	6.290	14243.963	-376.800	93.912	0.000	0.100	0.100	751.483	376.800	0.000	0.000	8.991	0.000	0.000	0.000	1.000	167.800	12.800	-126.100	-120.800	30.000	-133.900	-53.800	0.000	0.000	0.000
3738959973.364	159.436	173.983	173.216	0.000	163.823	295.095	0.000	286.710	0.000	155.000	163.000	0.000	0.000	0.000	0.000	0.000	0.000	1.000	1.000	0.000	0.161	3.876	3.719	14243.963	-376.800	93.448	0.000	0.100	0.100	750.701	376.800	0.000	0.000	8.477	0.000	0.000	0.000	1.000	187.600	16.600	-125.500	-121.100	29.500	-133.500	-54.200	0.000	0.000	0.000
3738959983.364	159.436	173.978	173.219	0.000	163.822	295.107	0.000	286.348	0.000	155.000	163.000	0.000	0.000	0.000	0.000	0.000	0.000	1.000	1.000	0.000	0.464	-1.266	1.149	14527.913	-376.800	93.077	0.000	0.100	0.100	735.063	376.800	0.000	0.000	7.963	0.000	0.000	0.000	1.000	160.100	16.600	-125.500	-121.100	29.500	-133.500	-53.800	0.000	0.000	0.000
3738959993.364	159.443	173.974	173.203	0.000	163.821	295.100	0.000	286.543	0.000	155.000	163.000	0.000	0.000	0.000	0.000	0.000	0.000	1.000	1.000	0.000	-0.142	3.876	3.719	14527.913	-376.800	92.660	0.000	0.100	0.100	742.883	376.800	0.000	0.000	6.934	0.000	0.000	0.000	1.000	188.200	12.800	-126.100	-121.100	29.500	-133.500	-54.600	0.000	0.000	0.000
3738960003.364	159.443	173.951	173.194	0.000	163.809	295.100	0.000	286.611	0.000	155.000	163.000	0.000	0.000	0.000	0.000	0.000	0.000	1.000	1.000	0.000	0.766	3.876	3.719	14817.524	-376.800	93.123	0.000	0.100	0.100	755.393	376.800	0.000	0.000	7.449	0.000	0.000	0.000	1.000	192.700	16.000	-125.800	-121.100	29.500	-133.900	-53.800	0.000	0.000	0.000
3738960013.365	159.448	173.953	173.175	0.000	163.798	295.099	0.000	286.630	0.000	155.000	163.000	0.000	0.000	0.000	0.000	0.000	0.000	1.000	1.000	0.000	-0.142	1.305	3.719	14817.524	-376.800	92.845	0.000	0.100	0.100	744.446	376.800	0.000	0.000	6.420	0.000	0.000	0.000	1.000	174.200	12.800	-125.800	-121.100	30.000	-133.500	-54.200	0.000	0.000	0.000
3738960023.365	159.436	173.939	173.152	0.000	163.792	295.104	0.000	286.665	0.000	155.000	163.000	0.000	0.000	0.000	0.000	0.000	0.000	1.000	1.000	0.000	0.161	-1.266	6.290	14527.913	-376.800	93.079	0.000	0.100	0.100	748.356	376.800	0.000	0.000	5.392	0.000	0.000	0.000	1.000	194.000	14.700	-126.100	-121.100	28.900	-133.500	-53.800	0.000	0.000	0.000
3738960033.364	159.433	173.898	173.129	0.000	163.768	295.095	0.000	286.677	0.000	155.000	163.000	0.000	0.000	0.000	0.000	0.000	0.000	1.000	1.000	0.000	0.766	1.305	1.149	14527.913	-376.800	92.939	0.000	0.100	0.100	738.973	376.800	0.000	0.000	5.906	0.000	0.000	0.000	1.000	187.600	11.500	-126.400	-121.100	29.500	-133.500	-54.200	0.000	0.000	0.000
3738960043.364	159.389	173.873	173.087	0.000	163.749	295.084	0.000	286.676	0.000	155.000	163.000	0.000	0.000	0.000	0.000	0.000	0.000	1.000	1.000	0.000	0.161	1.305	3.719	13965.563	-376.800	92.984	0.000	0.100	0.100	745.228	376.800	0.000	0.000	5.392	0.000	0.000	0.000	1.000	202.900	14.000	-126.100	-121.100	30.000	-133.900	-54.200	0.000	0.000	0.000
3738960053.365	159.382	173.844	173.058	0.000	163.726	295.089	0.000	286.675	0.000	155.000	163.000	0.000	0.000	0.000	0.000	0.000	0.000	1.000	1.000	0.000	0.161	3.876	3.719	14243.963	-376.800	93.634	0.000	0.100	0.100	745.228	376.800	0.000	0.000	4.878	0.000	0.000	0.000	1.000	200.300	12.800	-125.500	-121.100	30.000	-133.900	-54.200	0.000	0.000	0.000
3738960063.364	159.337	173.793	173.017	0.000	163.700	295.090	0.000	286.671	0.000	155.000	163.000	0.000	0.000	0.000	0.000	0.000	0.000	1.000	1.000	0.000	-0.445	3.876	1.149	14527.913	-376.800	93.310	0.000	0.100	0.100	744.446	376.800	0.000	0.000	4.363	0.000	0.000	0.000	1.000	178.000	14.700	-126.100	-121.100	28.900	-133.900	-54.200	0.000	0.000	0.000
3738960073.365	159.324	173.788	172.990	0.000	163.689	295.088	0.000	286.676	0.000	155.000	163.000	0.000	0.000	0.000	0.000	0.000	0.000	1.000	1.000	0.000	0.464	-1.266	3.719	14817.524	-376.800	93.125	0.000	0.100	0.100	742.882	376.800	0.000	0.000	3.849	0.000	0.000	0.000	1.000	180.600	14.000	-126.100	-121.100	30.000	-133.900	-54.200	0.000	0.000	0.000
3738960083.364	159.301	173.769	172.971	0.000	163.677	295.082	0.000	286.669	0.000	155.000	163.000	0.000	0.000	0.000	0.000	0.000	0.000	1.000	1.000	0.000	-0.142	1.305	3.719	14243.963	-376.800	93.263	0.000	0.100	0.100	746.010	376.800	0.000	0.000	3.849	0.000	0.000	0.000	1.000	190.800	12.800	-126.400	-121.100	29.500	-133.500	-54.200	0.000	0.000	0.000
3738960093.364	159.286	173.735	172.953	0.000	163.665	295.090	0.000	286.665	0.000	155.000	163.000	0.000	0.000	0.000	0.000	0.000	0.000	1.000	1.000	0.000	0.161	6.446	3.719	14527.913	-376.800	94.328	0.000	0.100	0.100	745.227	376.800	0.000	0.000	3.335	0.000	0.000	0.000	1.000	175.500	16.000	-125.500	-121.100	29.500	-133.900	-54.200	0.000	0.000	0.000
3738960103.365	159.272	173.708	172.928	0.000	163.629	295.084	0.000	286.670	0.000	155.000	163.000	0.000	0.000	0.000	0.000	0.000	0.000	1.000	1.000	0.000	0.161	1.305	1.149	14243.963	-376.800	93.216	0.000	0.100	0.100	742.882	376.800	0.000	0.000	3.849	0.000	0.000	0.000	1.000	186.300	12.800	-126.100	-121.100	30.000	-133.900	-53.800	0.000	0.000	0.000
3738960113.365	159.267	173.705	172.910	0.000	163.633	295.089	0.000	286.661	0.000	155.000	163.000	0.000	0.000	0.000	0.000	0.000	0.000	1.000	1.000	0.000	0.161	1.305	3.719	15112.908	-376.800	92.893	0.000	0.100	0.100	741.319	376.800	0.000	0.000	2.307	0.000	0.000	0.000	1.000	157.600	12.800	-126.400	-121.100	29.500	-133.900	-54.600	0.000	0.000	0.000
3738960123.365	159.265	173.693	172.883	0.000	163.611	295.083	0.000	286.648	0.000	155.000	163.000	0.000	0.000	0.000	0.000	0.000	0.000	1.000	1.000	0.000	0.161	1.305	6.290	14527.913	-376.800	93.079	0.000	0.100	0.100	747.573	376.800	0.000	0.000	2.307	0.000	0.000	0.000	1.000	198.400	14.700	-126.400	-121.100	28.900	-133.900	-54.200	0.000	0.000	0.000
3738960133.364	159.251	173.657	172.854	0.000	163.601	295.080	0.000	286.646	0.000	155.000	163.000	0.000	0.000	0.000	0.000	0.000	0.000	1.000	1.000	0.000	0.464	1.305	3.719	14243.963	-376.800	93.309	0.000	0.100	0.100	746.010	376.800	0.000	0.000	2.307	0.000	0.000	0.000	1.000	172.900	14.000	-125.800	-121.100	30.000	-133.900	-54.200	0.000	0.000	0.000
3738960143.366	159.212	173.597	172.830	0.000	163.545	295.057	0.000	286.631	0.000	155.000	163.000	0.000	0.000	0.000	0.000	0.000	0.000	1.000	1.000	0.000	0.161	1.305	1.149	14243.963	-376.800	93.540	0.000	0.100	0.100	739.755	376.800	0.000	0.000	7.963	0.000	0.000	0.000	1.000	185.000	13.400	-126.400	-121.100	29.500	-133.900	-54.600	0.000	0.000	0.000
3738960153.364	159.233	173.633	172.823	0.000	163.567	295.081	0.000	286.661	0.000	155.000	163.000	0.000	0.000	0.000	0.000	0.000	0.000	1.000	1.000	0.000	0.161	1.305	6.290	14243.963	-376.800	93.540	0.000	0.100	0.100	749.137	376.800	0.000	0.000	11.048	0.000	0.000	0.000	1.000	178.000	15.300	-125.500	-121.100	29.500	-133.900	-53.800	0.000	0.000	0.000
3738960163.366	159.251	173.626	172.813	0.000	163.566	295.077	0.000	286.654	0.000	155.000	163.000	0.000	0.000	0.000	0.000	0.000	0.000	1.000	1.000	0.000	-0.142	-1.266	3.719	14243.963	-376.800	93.588	0.000	0.100	0.100	746.792	376.800	0.000	0.000	10.534	0.000	0.000	0.000	1.000	186.300	12.100	-126.400	-121.100	29.500	-133.900	-54.200	0.000	0.000	0.000
3738960173.366	159.226	173.576	172.786	0.000	163.545	295.071	0.000	286.637	0.000	155.000	163.000	0.000	0.000	0.000	0.000	0.000	0.000	1.000	1.000	0.000	0.161	3.876	1.149	14243.963	-376.800	93.171	0.000	0.100	0.100	747.574	376.800	0.000	0.000	10.020	0.000	0.000	0.000	1.000	186.300	13.400	-126.100	-121.100	30.000	-133.900	-54.200	0.000	0.000	0.000
3738960183.365	159.227	173.572	172.746	0.000	163.512	295.075	0.000	286.627	0.000	155.000	163.000	0.000	0.000	0.000	0.000	0.000	0.000	1.000	1.000	0.000	0.161	3.876	3.719	14527.913	-376.800	93.495	0.000	0.100	0.100	754.611	376.800	0.000	0.000	9.505	0.000	0.000	0.000	1.000	203.500	16.000	-126.100	-121.100	28.900	-133.900	-53.800	0.000	0.000	0.000
3738960193.365	159.216	173.547	172.727	0.000	163.497	295.072	0.000	286.630	0.000	155.000	163.000	0.000	0.000	0.000	0.000	0.000	0.000	1.000	1.000	0.000	0.161	1.305	3.719	14527.913	-376.800	92.800	0.000	0.100	0.100	739.755	376.800	0.000	0.000	8.991	0.000	0.000	0.000	1.000	190.800	12.100	-126.400	-121.100	28.900	-133.900	-54.200	0.000	0.000	0.000
3738960203.364	159.217	173.547	172.729	0.000	163.478	295.067	0.000	286.610	0.000	155.000	163.000	0.000	0.000	0.000	0.000	0.000	0.000	1.000	1.000	0.000	0.464	3.876	1.149	14243.963	-376.800	92.845	0.000	0.100	0.100	738.973	376.800	0.000	0.000	8.477	0.000	0.000	0.000	1.000	195.200	12.100	-126.400	-121.100	29.500	-133.900	-54.600	0.000	0.000	0.000
3738960213.365	159.208	173.536	172.708	0.000	163.476	295.078	0.000	286.613	0.000	155.000	163.000	0.000	0.000	0.000	0.000	0.000	0.000	1.000	1.000	0.000	-0.142	1.305	3.719	14243.963	-376.800	92.937	0.000	0.100	0.100	743.664	376.800	0.000	0.000	7.963	0.000	0.000	0.000	1.000	157.600	15.300	-125.500	-121.100	29.500	-133.900	-53.800	0.000	0.000	0.000
3738960223.364	159.186	173.515	172.671	0.000	163.446	295.069	0.000	286.601	0.000	155.000	163.000	0.000	0.000	0.000	0.000	0.000	0.000	1.000	1.000	0.000	0.161	1.305	3.719	14243.963	-376.800	93.031	0.000	0.100	0.100	741.318	376.800	0.000	0.000	8.477	0.000	0.000	0.000	1.000	192.000	12.800	-126.400	-121.100	28.900	-133.900	-54.600	0.000	0.000	0.000
3738960233.364	159.190	173.491	172.661	0.000	163.447	295.059	0.000	286.583	0.000	155.000	163.000	0.000	0.000	0.000	0.000	0.000	0.000	1.000	1.000	0.000	0.464	3.876	3.719	14243.963	-376.800	93.449	0.000	0.100	0.100	745.228	376.800	0.000	0.000	7.449	0.000	0.000	0.000	1.000	171.600	16.000	-125.800	-121.400	29.500	-133.900	-54.200	0.000	0.000	0.000
3738960243.364	159.170	173.465	172.633	0.000	163.417	295.072	0.000	286.591	0.000	155.000	163.000	0.000	0.000	0.000	0.000	0.000	0.000	1.000	1.000	0.000	0.161	3.876	1.149	14243.963	-376.800	93.310	0.000	0.100	0.100	748.356	376.800	0.000	0.000	6.934	0.000	0.000	0.000	1.000	174.200	16.000	-126.100	-121.400	28.900	-133.900	-54.200	0.000	0.000	0.000
3738960253.365	159.175	173.464	172.630	0.000	163.420	295.069	0.000	286.604	0.000	155.000	163.000	0.000	0.000	0.000	0.000	0.000	0.000	1.000	1.000	0.000	0.464	1.305	1.149	14243.963	-376.800	93.078	0.000	0.100	0.100	752.265	376.800	0.000	0.000	6.934	0.000	0.000	0.000	1.000	157.600	13.400	-126.600	-121.100	28.900	-133.900	-54.600	0.000	0.000	0.000
3738960263.366	159.153	173.420	172.589	0.000	163.384	295.052	0.000	286.593	0.000	155.000	163.000	0.000	0.000	0.000	0.000	0.000	0.000	1.000	1.000	0.000	0.161	3.876	3.719	14243.963	-376.800	94.096	0.000	0.100	0.100	741.318	376.800	0.000	0.000	5.906	0.000	0.000	0.000	1.000	187.600	14.000	-125.800	-121.100	29.500	-133.900	-53.800	0.000	0.000	0.000
3738960273.364	159.130	173.414	172.570	0.000	163.388	295.078	0.000	286.592	0.000	155.000	163.000	0.000	0.000	0.000	0.000	0.000	0.000	1.000	1.000	0.000	0.464	1.305	6.290	14243.963	-376.800	93.308	0.000	0.100	0.100	742.882	376.800	0.000	0.000	5.906	0.000	0.000	0.000	1.000	188.200	14.700	-126.400	-121.400	28.400	-133.900	-54.200	0.000	0.000	0.000
3738960283.364	159.111	173.392	172.532	0.000	163.347	295.061	0.000	286.574	0.000	155.000	163.000	0.000	0.000	0.000	0.000	0.000	0.000	1.000	1.000	0.000	-0.142	3.876	3.719	14243.963	-376.800	93.726	0.000	0.100	0.100	749.919	376.800	0.000	0.000	5.392	0.000	0.000	0.000	1.000	191.400	15.300	-126.400	-121.400	28.400	-133.900	-53.800	0.000	0.000	0.000
3738960293.365	159.091	173.361	172.516	0.000	163.348	295.067	0.000	286.574	0.000	155.000	163.000	0.000	0.000	0.000	0.000	0.000	0.000	1.000	1.000	0.000	0.161	1.305	3.719	14243.963	-376.800	93.124	0.000	0.100	0.100	754.611	376.800	0.000	0.000	5.392	0.000	0.000	0.000	1.000	194.600	13.400	-126.600	-121.400	28.400	-133.900	-54.600	0.000	0.000	0.000
3738960303.365	159.073	173.339	172.499	0.000	163.325	295.055	0.000	286.576	0.000	155.000	163.000	0.000	0.000	0.000	0.000	0.000	0.000	1.000	1.000	0.000	0.161	1.305	3.719	14527.913	-376.800	93.587	0.000	0.100	0.100	744.446	376.800	0.000	0.000	4.878	0.000	0.000	0.000	1.000	195.900	12.800	-126.400	-121.100	29.500	-133.900	-54.200	0.000	0.000	0.000
3738960313.365	159.075	173.327	172.480	0.000	163.321	295.066	0.000	286.563	0.000	155.000	163.000	0.000	0.000	0.000	0.000	0.000	0.000	1.000	1.000	0.000	-0.142	3.876	1.149	14243.963	-376.800	93.819	0.000	0.100	0.100	750.701	376.800	0.000	0.000	4.363	0.000	0.000	0.000	1.000	174.200	15.300	-125.800	-121.400	28.900	-133.900	-53.800	0.000	0.000	0.000
3738960323.366	159.065	173.303	172.462	0.000	163.314	295.069	0.000	286.584	0.000	155.000	163.000	0.000	0.000	0.000	0.000	0.000	0.000	1.000	1.000	0.000	-0.142	-1.266	6.290	14527.913	-376.800	93.403	0.000	0.100	0.100	745.228	376.800	0.000	0.000	3.849	0.000	0.000	0.000	1.000	162.700	16.000	-126.400	-121.400	28.400	-133.900	-54.200	0.000	0.000	0.000
3738960333.366	159.055	173.278	172.451	0.000	163.276	295.045	0.000	286.574	0.000	155.000	163.000	0.000	0.000	0.000	0.000	0.000	0.000	1.000	1.000	0.000	-0.142	1.305	6.290	14527.913	-376.800	93.078	0.000	0.100	0.100	739.755	376.800	0.000	0.000	3.335	0.000	0.000	0.000	1.000	195.900	15.300	-125.800	-121.400	28.400	-133.900	-53.800	0.000	0.000	0.000
3738960343.364	159.051	173.273	172.427	0.000	163.268	295.058	0.000	286.556	0.000	155.000	163.000	0.000	0.000	0.000	0.000	0.000	0.000	1.000	1.000	0.000	-0.142	-1.266	6.290	14527.913	-376.800	93.635	0.000	0.100	0.100	746.792	376.800	0.000	0.000	2.821	0.000	0.000	0.000	1.000	196.500	16.000	-126.600	-121.400	27.800	-133.900	-54.200	0.000	0.000	0.000
3738960353.366	159.056	173.265	172.427	0.000	163.271	295.058	0.000	286.549	0.000	155.000	163.000	0.000	0.000	0.000	0.000	0.000	0.000	1.000	1.000	0.000	0.464	-1.266	3.719	14243.963	-376.800	93.727	0.000	0.100	0.100	742.100	376.800	0.000	0.000	2.821	0.000	0.000	0.000	1.000	156.300	12.800	-126.400	-121.400	28.900	-134.100	-53.800	0.000	0.000	0.000
3738960363.364	159.055	173.240	172.409	0.000	163.263	295.061	0.000	286.536	0.000	155.000	163.000	0.000	0.000	0.000	0.000	0.000	0.000	1.000	1.000	0.000	0.464	1.305	3.719	14817.524	-376.800	93.171	0.000	0.100	0.100	749.137	376.800	0.000	0.000	2.307	0.000	0.000	0.000	1.000	171.600	12.100	-126.600	-121.400	28.400	-134.100	-54.200	0.000	0.000	0.000
3738960373.366	159.067	173.246	172.396	0.000	163.246	295.062	0.000	286.536	0.000	155.000	163.000	0.000	0.000	0.000	0.000	0.000	0.000	1.000	1.000	0.000	0.161	1.305	1.149	14817.524	-376.800	93.728	0.000	0.100	0.100	743.664	376.800	0.000	0.000	2.307	0.000	0.000	0.000	1.000	196.500	14.700	-126.400	-121.700	27.300	-133.900	-54.200	0.000	0.000	0.000
3738960383.366	159.057	173.219	172.381	0.000	163.241	295.063	0.000	286.526	0.000	155.000	163.000	0.000	0.000	0.000	0.000	0.000	0.000	1.000	1.000	0.000	-0.142	1.305	3.719	14527.913	-376.800	93.032	0.000	0.100	0.100	752.265	376.800	0.000	0.000	3.335	0.000	0.000	0.000	1.000	173.500	12.800	-126.400	-121.400	28.400	-134.100	-54.200	0.000	0.000	0.000
3738960393.365	159.040	173.195	172.351	0.000	163.216	295.057	0.000	286.547	0.000	155.000	163.000	0.000	0.000	0.000	0.000	0.000	0.000	1.000	1.000	0.000	-0.142	1.305	6.290	14243.963	-376.800	93.310	0.000	0.100	0.100	750.701	376.800	0.000	0.000	10.534	0.000	0.000	0.000	1.000	188.200	12.800	-126.400	-121.400	28.400	-133.900	-54.200	0.000	0.000	0.000
3738960403.365	159.060	173.188	172.322	0.000	163.185	295.061	0.000	286.539	0.000	155.000	163.000	0.000	0.000	0.000	0.000	0.000	0.000	1.000	1.000	0.000	0.464	1.305	1.149	14243.963	-376.800	93.264	0.000	0.100	0.100	749.138	376.800	0.000	0.000	10.534	0.000	0.000	0.000	1.000	167.200	12.800	-126.600	-121.700	27.300	-133.900	-54.600	0.000	0.000	0.000
3738960413.365	159.042	173.172	172.306	0.000	163.189	295.057	0.000	286.520	0.000	155.000	163.000	0.000	0.000	0.000	0.000	0.000	0.000	1.000	1.000	0.000	0.464	3.876	1.149	13965.563	-376.800	92.847	0.000	0.100	0.100	747.574	376.800	0.000	0.000	10.534	0.000	0.000	0.000	1.000	183.100	15.300	-126.100	-121.700	27.300	-134.100	-53.800	0.000	0.000	0.000
3738960423.365	159.038	173.146	172.277	0.000	163.166	295.063	0.000	286.522	0.000	155.000	163.000	0.000	0.000	0.000	0.000	0.000	0.000	1.000	1.000	0.000	0.161	1.305	3.719	14243.963	-376.800	92.799	0.000	0.100	0.100	744.446	376.800	0.000	0.000	10.020	0.000	0.000	0.000	1.000	161.400	14.700	-126.400	-121.700	27.300	-134.100	-54.200	0.000	0.000	0.000
3738960433.364	159.003	173.124	172.245	0.000	163.135	295.052	0.000	286.507	0.000	155.000	163.000	0.000	0.000	0.000	0.000	0.000	0.000	1.000	1.000	0.000	-0.445	3.876	8.861	13965.563	-376.800	93.633	0.000	0.100	0.100	749.919	376.800	0.000	0.000	8.991	0.000	0.000	0.000	1.000	186.900	13.400	-126.400	-121.400	27.800	-134.100	-54.200	0.000	0.000	0.000
3738960443.364	159.012	173.115	172.249	0.000	163.122	295.049	0.000	286.508	0.000	155.000	163.000	0.000	0.000	0.000	0.000	0.000	0.000	1.000	1.000	0.000	-0.142	1.305	1.149	14527.913	-376.800	92.846	0.000	0.100	0.100	746.792	376.800	0.000	0.000	8.991	0.000	0.000	0.000	1.000	178.000	16.000	-126.400	-121.700	26.700	-134.100	-53.800	0.000	0.000	0.000
3738960453.365	159.007	173.101	172.218	0.000	163.121	295.064	0.000	286.508	0.000	155.000	163.000	0.000	0.000	0.000	0.000	0.000	0.000	1.000	1.000	0.000	-0.142	1.305	1.149	14243.963	-376.800	94.006	0.000	0.100	0.100	749.919	376.800	0.000	0.000	8.477	0.000	0.000	0.000	1.000	170.300	14.700	-126.600	-121.700	26.300	-134.100	-54.200	0.000	0.000	0.000
3738960463.365	159.000	173.110	172.215	0.000	163.112	295.052	0.000	286.500	0.000	155.000	163.000	0.000	0.000	0.000	0.000	0.000	0.000	1.000	1.000	0.000	0.161	1.305	6.290	14243.963	-376.800	93.635	0.000	0.100	0.100	750.701	376.800	0.000	0.000	7.963	0.000	0.000	0.000	1.000	155.000	12.800	-126.600	-121.700	26.700	-134.100	-54.600	0.000	0.000	0.000
3738960473.365	158.998	173.064	172.188	0.000	163.085	295.061	0.000	286.480	0.000	155.000	163.000	0.000	0.000	0.000	0.000	0.000	0.000	1.000	1.000	0.000	-0.445	3.876	3.719	14243.963	-376.800	93.401	0.000	0.100	0.100	735.064	376.800	0.000	0.000	7.449	0.000	0.000	0.000	1.000	203.500	12.800	-126.600	-121.700	26.700	-134.100	-54.600	0.000	0.000	0.000
3738960483.364	159.011	173.075	172.181	0.000	163.107	295.069	0.000	286.490	0.000	155.000	163.000	0.000	0.000	0.000	0.000	0.000	0.000	1.000	1.000	0.000	-0.142	-1.266	6.290	14243.963	-376.800	92.566	0.000	0.100	0.100	746.792	376.800	0.000	0.000	6.934	0.000	0.000	0.000	1.000	187.600	15.300	-126.400	-121.700	26.300	-134.100	-54.200	0.000	0.000	0.000
3738960493.364	159.015	173.054	172.178	0.000	163.082	295.063	0.000	286.486	0.000	155.000	163.000	0.000	0.000	0.000	0.000	0.000	0.000	1.000	1.000	0.000	0.161	1.305	3.719	14243.963	-376.800	93.123	0.000	0.100	0.100	742.100	376.800	0.000	0.000	7.449	0.000	0.000	0.000	1.000	172.900	12.800	-126.600	-121.700	27.300	-134.100	-54.200	0.000	0.000	0.000
3738960503.365	158.973	173.023	172.149	0.000	163.059	295.055	0.000	286.475	0.000	155.000	163.000	0.000	0.000	0.000	0.000	0.000	0.000	1.000	1.000	0.000	-0.142	-1.266	3.719	14527.913	-376.800	93.356	0.000	0.100	0.100	753.047	376.800	0.000	0.000	6.934	0.000	0.000	0.000	1.000	155.000	13.400	-126.400	-121.700	27.300	-134.100	-53.800	0.000	0.000	0.000
3738960513.365	158.943	172.990	172.101	0.000	163.031	295.050	0.000	286.486	0.000	155.000	163.000	0.000	0.000	0.000	0.000	0.000	0.000	1.000	1.000	0.000	0.161	3.876	3.719	14527.913	-376.800	92.615	0.000	0.100	0.100	735.064	376.800	0.000	0.000	5.906	0.000	0.000	0.000	1.000	183.100	12.100	-126.600	-121.700	26.300	-134.100	-54.600	0.000	0.000	0.000
3738960523.364	158.913	172.967	172.094	0.000	163.021	295.063	0.000	286.465	0.000	155.000	163.000	0.000	0.000	0.000	0.000	0.000	0.000	1.000	1.000	0.000	0.464	1.305	6.290	14527.913	-376.800	93.912	0.000	0.100	0.100	751.483	376.800	0.000	0.000	5.906	0.000	0.000	0.000	1.000	183.100	12.800	-126.600	-121.700	26.300	-134.100	-54.600	0.000	0.000	0.000
3738960533.365	158.898	172.964	172.057	0.000	163.008	295.059	0.000	286.483	0.000	155.000	163.000	0.000	0.000	0.000	0.000	0.000	0.000	1.000	1.000	0.000	0.161	-1.266	3.719	14527.913	-376.800	93.958	0.000	0.100	0.100	747.573	376.800	0.000	0.000	5.392	0.000	0.000	0.000	1.000	189.500	15.300	-126.600	-121.700	26.300	-134.100	-54.200	0.000	0.000	0.000
3738960543.365	158.867	172.907	172.031	0.000	162.969	295.048	0.000	286.463	0.000	155.000	163.000	0.000	0.000	0.000	0.000	0.000	0.000	0.000	1.000	0.000	-0.142	3.876	8.861	14527.913	-376.800	93.169	0.000	0.100	0.100	745.227	376.800	0.000	0.000	4.878	0.000	0.000	0.000	1.000	158.200	15.300	-126.600	-121.700	26.300	-134.100	-53.800	0.000	0.000	0.000
3738960553.366	158.853	172.900	172.014	0.000	162.969	295.062	0.000	286.467	0.000	155.000	163.000	0.000	0.000	0.000	0.000	0.000	0.000	0.000	1.000	0.000	0.161	1.305	3.719	14527.913	-376.800	93.355	0.000	0.100	0.100	745.228	376.800	0.000	0.000	4.363	0.000	0.000	0.000	1.000	167.800	12.800	-122.000	-121.400	26.300	-134.600	-53.800	0.000	0.000	0.000
3738960563.364	158.890	172.868	171.988	0.000	163.057	295.060	0.000	286.450	0.000	155.000	163.000	0.000	0.000	0.000	0.000	0.000	0.000	0.000	1.000	0.000	-0.142	3.876	3.719	14243.963	-376.800	93.030	0.000	0.100	0.100	741.318	376.800	0.000	0.000	3.849	0.000	0.000	0.000	1.000	203.500	10.800	-116.300	-121.100	25.700	-137.500	-51.200	0.000	0.000	0.000
3738960573.364	158.953	172.866	171.964	0.000	163.217	295.070	0.000	286.470	0.000	155.000	163.000	0.000	0.000	0.000	0.000	0.000	0.000	0.000	1.000	0.000	-0.142	3.876	3.719	14527.913	-376.800	93.264	0.000	0.100	0.100	746.010	376.800	0.000	0.000	2.821	0.000	0.000	0.000	1.000	208.600	7.000	-112.500	-120.800	25.200	-140.200	-49.500	0.000	0.000	0.000
3738960583.365	159.008	172.842	171.951	0.000	163.432	295.070	0.000	286.469	0.000	155.000	163.000	0.000	0.000	0.000	0.000	0.000	0.000	1.000	1.000	0.000	-0.142	-1.266	3.719	14527.913	-376.800	93.171	0.000	0.100	0.100	738.973	376.800	0.000	0.000	2.821	0.000	0.000	0.000	1.000	179.300	9.600	-110.400	-120.200	24.600	-142.000	-49.200	0.000	0.000	0.000
3738960593.365	159.245	172.816	171.929	0.000	163.644	295.070	0.000	286.462	0.000	155.000	163.000	0.000	0.000	0.000	0.000	0.000	0.000	1.000	1.000	0.000	-0.142	3.876	3.719	14243.963	-376.800	93.171	0.000	0.100	0.100	738.973	376.800	0.000	0.000	2.307	0.000	0.000	0.000	1.000	179.300	15.300	-124.700	-119.500	25.200	-142.600	-60.000	0.000	0.000	0.000
3738960603.364	159.407	172.792	171.916	0.000	163.708	295.081	0.000	286.458	0.000	155.000	163.000	0.000	0.000	0.000	0.000	0.000	0.000	1.000	1.000	0.000	-0.142	1.305	3.719	14243.963	-376.800	92.661	0.000	0.100	0.100	742.101	376.800	0.000	0.000	2.821	0.000	0.000	0.000	1.000	187.600	16.000	-130.400	-120.600	26.300	-140.800	-68.400	0.000	0.000	0.000
3738960613.364	159.522	172.794	171.923	0.000	163.712	295.087	0.000	286.468	0.000	155.000	163.000	0.000	0.000	0.000	0.000	0.000	0.000	1.000	1.000	0.000	0.161	-1.266	6.290	14527.913	-376.800	93.402	0.000	0.100	0.100	741.319	376.800	0.000	0.000	3.335	0.000	0.000	0.000	1.000	152.500	16.000	-130.400	-121.100	26.300	-137.900	-68.700	0.000	0.000	0.000
3738960623.365	159.551	172.775	171.880	0.000	163.661	295.072	0.000	286.444	0.000	155.000	163.000	0.000	0.000	0.000	0.000	0.000	0.000	1.000	1.000	0.000	0.161	3.876	6.290	14243.963	-376.800	93.123	0.000	0.100	0.100	745.228	376.800	0.000	0.000	2.307	0.000	0.000	0.000	1.000	182.500	12.800	-128.800	-120.200	27.300	-136.700	-67.300	0.000	0.000	0.000
3738960633.365	159.560	172.765	171.869	0.000	163.573	295.070	0.000	286.460	0.000	155.000	163.000	0.000	0.000	0.000	0.000	0.000	0.000	1.000	1.000	0.000	-0.142	3.876	3.719	14243.963	-376.800	93.169	0.000	0.100	0.100	749.137	376.800	0.000	0.000	10.020	0.000	0.000	0.000	1.000	167.800	12.800	-128.500	-120.200	26.300	-135.900	-66.200	0.000	0.000	0.000
3738960643.364	159.506	172.737	171.835	0.000	163.485	295.052	0.000	286.455	0.000	155.000	163.000	0.000	0.000	0.000	0.000	0.000	0.000	1.000	1.000	0.000	0.161	-1.266	6.290	14243.963	-376.800	93.032	0.000	0.100	0.100	737.409	376.800	0.000	0.000	11.048	0.000	0.000	0.000	1.000	160.800	12.100	-127.900	-120.800	27.300	-135.100	-65.800	0.000	0.000	0.000
3738960653.364	159.457	172.720	171.816	0.000	163.396	295.048	0.000	286.447	0.000	155.000	163.000	0.000	0.000	0.000	0.000	0.000	0.000	1.000	1.000	0.000	-0.445	1.305	6.290	14817.524	-376.800	94.051	0.000	0.100	0.100	745.228	376.800	0.000	0.000	10.534	0.000	0.000	0.000	1.000	180.600	12.800	-127.700	-121.400	27.300	-135.100	-64.300	0.000	0.000	0.000
3738960663.365	159.386	172.697	171.806	0.000	163.340	295.057	0.000	286.449	0.000	155.000	163.000	0.000	0.000	0.000	0.000	0.000	0.000	1.000	1.000	0.000	0.161	3.876	3.719	14243.963	-376.800	92.659	0.000	0.100	0.100	735.845	376.800	0.000	0.000	10.020	0.000	0.000	0.000	1.000	198.400	14.000	-127.200	-121.700	27.300	-134.900	-63.600	0.000	0.000	0.000
3738960673.365	159.322	172.668	171.774	0.000	163.266	295.057	0.000	286.432	0.000	155.000	163.000	0.000	0.000	0.000	0.000	0.000	0.000	1.000	1.000	0.000	0.161	3.876	3.719	14527.913	-376.800	93.542	0.000	0.100	0.100	750.701	376.800	0.000	0.000	8.991	0.000	0.000	0.000	1.000	181.200	14.000	-127.500	-121.700	25.700	-134.900	-62.900	0.000	0.000	0.000
3738960683.364	159.240	172.668	171.761	0.000	163.205	295.064	0.000	286.422	0.000	155.000	163.000	0.000	0.000	0.000	0.000	0.000	0.000	1.000	1.000	0.000	-0.142	1.305	3.719	14243.963	-376.800	93.727	0.000	0.100	0.100	742.100	376.800	0.000	0.000	8.991	0.000	0.000	0.000	1.000	162.100	16.000	-126.900	-121.700	26.300	-134.900	-62.200	0.000	0.000	0.000
3738960693.364	159.161	172.628	171.734	0.000	163.138	295.061	0.000	286.428	0.000	155.000	163.000	0.000	0.000	0.000	0.000	0.000	0.000	1.000	1.000	0.000	0.161	1.305	3.719	14817.524	-376.800	93.262	0.000	0.100	0.100	753.829	376.800	0.000	0.000	9.505	0.000	0.000	0.000	1.000	187.600	12.100	-126.900	-121.400	27.300	-134.900	-61.400	0.000	0.000	0.000
3738960703.364	159.104	172.610	171.708	0.000	163.077	295.067	0.000	286.445	0.000	155.000	163.000	0.000	0.000	0.000	0.000	0.000	0.000	1.000	1.000	0.000	0.161	1.305	6.290	14527.913	-376.800	93.030	0.000	0.100	0.100	741.318	376.800	0.000	0.000	8.477	0.000	0.000	0.000	1.000	197.800	12.800	-127.500	-121.400	26.300	-134.600	-61.400	0.000	0.000	0.000
3738960713.365	159.043	172.605	171.714	0.000	163.036	295.061	0.000	286.431	0.000	155.000	163.000	0.000	0.000	0.000	0.000	0.000	0.000	1.000	1.000	0.000	0.161	3.876	1.149	14243.963	-376.800	92.568	0.000	0.100	0.100	751.483	376.800	0.000	0.000	7.449	0.000	0.000	0.000	1.000	184.400	16.000	-126.600	-121.700	26.300	-134.900	-60.600	0.000	0.000	0.000
3738960723.364	159.002	172.594	171.689	0.000	162.987	295.071	0.000	286.440	0.000	155.000	163.000	0.000	0.000	0.000	0.000	0.000	0.000	0.000	1.000	0.000	0.464	1.305	6.290	14243.963	-376.800	93.218	0.000	0.100	0.100	750.702	376.800	0.000	0.000	7.449	0.000	0.000	0.000	1.000	188.200	12.100	-127.500	-121.700	26.300	-134.900	-60.300	0.000	0.000	0.000
3738960733.364	158.959	172.579	171.676	0.000	162.955	295.068	0.000	286.453	0.000	155.000	163.000	0.000	0.000	0.000	0.000	0.000	0.000	0.000	1.000	0.000	-0.142	3.876	6.290	14817.524	-376.800	92.986	0.000	0.100	0.100	742.882	376.800	0.000	0.000	6.934	0.000	0.000	0.000	1.000	188.200	12.100	-126.900	-121.400	26.300	-135.100	-59.200	0.000	0.000	0.000
3738960743.364	158.971	172.539	171.627	0.000	163.018	295.059	0.000	286.448	0.000	155.000	163.000	0.000	0.000	0.000	0.000	0.000	0.000	0.000	1.000	0.000	0.161	1.305	3.719	14527.913	-376.800	93.169	0.000	0.100	0.100	749.919	376.800	0.000	0.000	5.906	0.000	0.000	0.000	1.000	164.600	10.200	-125.500	-121.100	25.700	-137.900	-56.900	0.000	0.000	0.000
3738960753.366	159.003	172.510	171.600	0.000	163.154	295.059	0.000	286.439	0.000	155.000	163.000	0.000	0.000	0.000	0.000	0.000	0.000	0.000	1.000	0.000	0.161	1.305	3.719	14527.913	-376.800	92.846	0.000	0.100	0.100	734.281	376.800	0.000	0.000	5.906	0.000	0.000	0.000	1.000	203.500	9.600	-123.600	-120.600	25.700	-140.800	-55.800	0.000	0.000	0.000
3738960763.365	159.070	172.489	171.580	0.000	163.363	295.058	0.000	286.425	0.000	155.000	163.000	0.000	0.000	0.000	0.000	0.000	0.000	1.000	1.000	0.000	-0.142	1.305	6.290	14527.913	-376.800	93.820	0.000	0.100	0.100	748.356	376.800	0.000	0.000	5.392	0.000	0.000	0.000	1.000	187.600	9.600	-120.800	-120.000	25.700	-142.800	-55.300	0.000	0.000	0.000
3738960773.365	159.263	172.492	171.552	0.000	163.531	295.059	0.000	286.410	0.000	155.000	163.000	0.000	0.000	0.000	0.000	0.000	0.000	1.000	1.000	0.000	-0.142	-1.266	6.290	14243.963	-376.800	93.588	0.000	0.100	0.100	745.228	376.800	0.000	0.000	5.392	0.000	0.000	0.000	1.000	180.600	11.500	-127.700	-119.500	25.700	-142.800	-66.600	0.000	0.000	0.000
3738960783.366	159.432	172.467	171.539	0.000	163.608	295.063	0.000	286.421	0.000	155.000	163.000	0.000	0.000	0.000	0.000	0.000	0.000	1.000	1.000	0.000	0.161	-1.266	3.719	14243.963	-376.800	92.753	0.000	0.100	0.100	733.500	376.800	0.000	0.000	5.392	0.000	0.000	0.000	1.000	157.600	13.400	-131.500	-120.600	27.300	-141.000	-72.300	0.000	0.000	0.000
3738960793.366	159.473	172.426	171.511	0.000	163.573	295.060	0.000	286.411	0.000	155.000	163.000	0.000	0.000	0.000	0.000	0.000	0.000	1.000	1.000	0.000	0.161	3.876	6.290	14527.913	-376.800	93.215	0.000	0.100	0.100	748.356	376.800	0.000	0.000	4.878	0.000	0.000	0.000	1.000	167.800	16.000	-131.200	-121.100	27.300	-138.300	-71.600	0.000	0.000	0.000
3738960803.365	159.510	172.436	171.492	0.000	163.495	295.068	0.000	286.419	0.000	155.000	163.000	0.000	0.000	0.000	0.000	0.000	0.000	1.000	1.000	0.000	0.161	1.305	3.719	14527.913	-376.800	92.799	0.000	0.100	0.100	745.228	376.800	0.000	0.000	4.363	0.000	0.000	0.000	1.000	191.400	12.100	-129.900	-120.600	27.300	-137.200	-70.200	0.000	0.000	0.000
3738960813.365	159.483	172.398	171.492	0.000	163.402	295.059	0.000	286.419	0.000	155.000	163.000	0.000	0.000	0.000	0.000	0.000	0.000	1.000	1.000	0.000	-0.142	1.305	1.149	14243.963	-376.800	92.801	0.000	0.100	0.100	741.318	376.800	0.000	0.000	3.849	0.000	0.000	0.000	1.000	180.600	12.100	-129.400	-120.000	26.300	-136.200	-69.100	0.000	0.000	0.000
3738960823.365	159.423	172.389	171.451	0.000	163.320	295.045	0.000	286.424	0.000	155.000	163.000	0.000	0.000	0.000	0.000	0.000	0.000	1.000	1.000	0.000	-0.142	3.876	3.719	14817.524	-376.800	93.680	0.000	0.100	0.100	742.882	376.800	0.000	0.000	3.849	0.000	0.000	0.000	1.000	160.800	13.400	-128.800	-120.800	26.700	-135.600	-68.000	0.000	0.000	0.000
3738960833.364	159.366	172.397	171.450	0.000	163.245	295.055	0.000	286.401	0.000	155.000	163.000	0.000	0.000	0.000	0.000	0.000	0.000	1.000	1.000	0.000	0.464	-1.266	6.290	14527.913	-376.800	93.494	0.000	0.100	0.100	745.228	376.800	0.000	0.000	3.335	0.000	0.000	0.000	1.000	187.600	14.700	-128.300	-121.400	26.300	-135.400	-67.300	0.000	0.000	0.000
3738960843.364	159.324	172.392	171.451	0.000	163.169	295.075	0.000	286.408	0.000	155.000	163.000	0.000	0.000	0.000	0.000	0.000	0.000	1.000	1.000	0.000	0.464	3.876	3.719	14527.913	-376.800	93.820	0.000	0.100	0.100	742.100	376.800	0.000	0.000	2.821	0.000	0.000	0.000	1.000	181.200	12.800	-128.300	-121.700	27.300	-135.100	-66.600	0.000	0.000	0.000
3738960853.364	159.240	172.361	171.423	0.000	163.091	295.068	0.000	286.390	0.000	155.000	163.000	0.000	0.000	0.000	0.000	0.000	0.000	1.000	1.000	0.000	0.464	3.876	3.719	14243.963	-376.800	93.542	0.000	0.100	0.100	746.792	376.800	0.000	0.000	2.307	0.000	0.000	0.000	1.000	195.200	12.800	-127.900	-121.700	26.300	-135.100	-65.100	0.000	0.000	0.000
3738960863.364	159.122	172.352	171.392	0.000	163.004	295.061	0.000	286.397	0.000	155.000	163.000	0.000	0.000	0.000	0.000	0.000	0.000	1.000	1.000	0.000	0.161	-1.266	3.719	14527.913	-376.800	94.005	0.000	0.100	0.100	742.882	376.800	0.000	0.000	1.792	0.000	0.000	0.000	1.000	192.700	16.000	-127.500	-121.700	26.300	-135.100	-64.300	0.000	0.000	0.000
3738960873.365	159.042	172.303	171.373	0.000	162.929	295.065	0.000	286.399	0.000	155.000	163.000	0.000	0.000	0.000	0.000	0.000	0.000	0.000	1.000	0.000	0.161	-1.266	3.719	13965.563	-376.800	93.541	0.000	0.100	0.100	742.882	376.800	0.000	0.000	6.934	0.000	0.000	0.000	1.000	197.800	15.300	-127.200	-121.700	27.300	-135.100	-63.600	0.000	0.000	0.000
3738960883.364	158.976	172.279	171.352	0.000	162.876	295.057	0.000	286.389	0.000	155.000	163.000	0.000	0.000	0.000	0.000	0.000	0.000	0.000	1.000	0.000	0.161	-1.266	6.290	14527.913	-376.800	93.447	0.000	0.100	0.100	738.972	376.800	0.000	0.000	10.534	0.000	0.000	0.000	1.000	157.600	11.500	-127.500	-121.400	27.300	-135.400	-62.900	0.000	0.000	0.000
3738960893.364	158.996	172.280	171.328	0.000	162.927	295.063	0.000	286.382	0.000	155.000	163.000	0.000	0.000	0.000	0.000	0.000	0.000	0.000	1.000	0.000	-0.142	3.876	6.290	14527.913	-376.800	93.310	0.000	0.100	0.100	752.265	376.800	0.000	0.000	10.534	0.000	0.000	0.000	1.000	206.700	10.200	-126.100	-121.100	26.300	-138.300	-60.600	0.000	0.000	0.000
3738960903.366	159.026	172.254	171.295	0.000	163.074	295.053	0.000	286.389	0.000	155.000	163.000	0.000	0.000	0.000	0.000	0.000	0.000	0.000	1.000	0.000	-0.142	1.305	3.719	14527.913	-376.800	93.403	0.000	0.100	0.100	747.574	376.800	0.000	0.000	10.534	0.000	0.000	0.000	1.000	190.100	10.200	-124.400	-120.600	25.700	-141.000	-59.200	0.000	0.000	0.000
3738960913.365	159.102	172.237	171.286	0.000	163.261	295.061	0.000	286.390	0.000	155.000	163.000	0.000	0.000	0.000	0.000	0.000	0.000	0.000	1.000	0.000	-0.142	3.876	6.290	14527.913	-376.800	93.680	0.000	0.100	0.100	749.137	376.800	0.000	0.000	10.020	0.000	0.000	0.000	1.000	162.700	9.600	-122.200	-120.000	26.300	-142.800	-58.400	0.000	0.000	0.000
3738960923.365	159.163	172.206	171.265	0.000	163.454	295.045	0.000	286.396	0.000	155.000	163.000	0.000	0.000	0.000	0.000	0.000	0.000	1.000	1.000	0.000	-0.142	1.305	3.719	14243.963	-376.800	92.706	0.000	0.100	0.100	741.319	376.800	0.000	0.000	8.991	0.000	0.000	0.000	1.000	157.600	8.900	-120.000	-119.700	26.300	-143.800	-58.400	0.000	0.000	0.000
3738960933.366	159.361	172.186	171.222	0.000	163.649	295.044	0.000	285.980	0.000	155.000	163.000	0.000	0.000	0.000	0.000	0.000	0.000	1.000	1.000	0.000	0.161	3.876	3.719	14243.963	-376.800	92.985	0.000	0.100	0.100	750.701	376.800	0.000	0.000	8.477	0.000	0.000	0.000	1.000	176.700	11.500	-126.600	-118.900	26.300	-144.000	-68.700	0.000	0.000	0.000
3738960943.365	159.524	172.158	171.189	0.000	163.689	295.040	0.000	286.208	0.000	155.000	163.000	0.000	0.000	0.000	0.000	0.000	0.000	1.000	1.000	0.000	0.161	1.305	1.149	14527.913	-376.800	93.450	0.000	0.100	0.100	747.574	376.800	0.000	0.000	8.477	0.000	0.000	0.000	1.000	155.000	13.400	-131.700	-120.000	27.800	-142.000	-75.100	0.000	0.000	0.000
3738960953.365	159.597	172.132	171.180	0.000	163.633	295.054	0.000	286.278	0.000	155.000	163.000	0.000	0.000	0.000	0.000	0.000	0.000	1.000	1.000	0.000	0.161	3.876	3.719	14527.913	-376.800	93.681	0.000	0.100	0.100	749.137	376.800	0.000	0.000	7.963	0.000	0.000	0.000	1.000	149.300	14.700	-132.000	-121.100	27.800	-139.300	-74.500	0.000	0.000	0.000
3738960963.364	159.625	172.123	171.162	0.000	163.534	295.049	0.000	286.307	0.000	155.000	163.000	0.000	0.000	0.000	0.000	0.000	0.000	1.000	1.000	0.000	-0.142	1.305	6.290	14243.963	-376.800	93.216	0.000	0.100	0.100	738.191	376.800	0.000	0.000	7.449	0.000	0.000	0.000	1.000	191.400	14.700	-130.700	-120.600	27.800	-137.700	-72.300	0.000	0.000	0.000
3738960973.365	159.596	172.107	171.152	0.000	163.439	295.048	0.000	286.311	0.000	155.000	163.000	0.000	0.000	0.000	0.000	0.000	0.000	1.000	1.000	0.000	0.161	1.305	1.149	14243.963	-376.800	93.262	0.000	0.100	0.100	738.972	376.800	0.000	0.000	6.934	0.000	0.000	0.000	1.000	178.000	16.000	-129.400	-119.700	27.800	-137.000	-71.600	0.000	0.000	0.000
3738960983.364	159.541	172.108	171.150	0.000	163.358	295.066	0.000	286.350	0.000	155.000	163.000	0.000	0.000	0.000	0.000	0.000	0.000	1.000	1.000	0.000	0.161	3.876	1.149	14527.913	-376.800	92.939	0.000	0.100	0.100	742.882	376.800	0.000	0.000	7.449	0.000	0.000	0.000	1.000	167.800	16.000	-128.800	-120.600	27.800	-136.200	-70.500	0.000	0.000	0.000
3738960993.365	159.433	172.082	171.122	0.000	163.228	295.056	0.000	286.344	0.000	155.000	163.000	0.000	0.000	0.000	0.000	0.000	0.000	1.000	1.000	0.000	0.161	1.305	3.719	14243.963	-376.800	92.708	0.000	0.100	0.100	738.973	376.800	0.000	0.000	6.420	0.000	0.000	0.000	1.000	190.800	13.400	-129.000	-121.100	28.400	-135.900	-69.400	0.000	0.000	0.000
3738961003.365	159.313	172.044	171.084	0.000	163.112	295.059	0.000	286.359	0.000	155.000	163.000	0.000	0.000	0.000	0.000	0.000	0.000	1.000	1.000	0.000	-0.142	3.876	3.719	14243.963	-376.800	93.308	0.000	0.100	0.100	747.574	376.800	0.000	0.000	5.906	0.000	0.000	0.000	1.000	167.800	12.800	-128.800	-121.700	28.900	-135.600	-68.700	0.000	0.000	0.000
3738961013.365	159.239	172.058	171.103	0.000	163.046	295.074	0.000	286.375	0.000	155.000	163.000	0.000	0.000	0.000	0.000	0.000	0.000	1.000	1.000	0.000	-0.142	-1.266	1.149	14527.913	-376.800	92.753	0.000	0.100	0.100	745.228	376.800	0.000	0.000	5.392	0.000	0.000	0.000	1.000	167.200	12.800	-128.500	-121.700	28.400	-135.400	-67.300	0.000	0.000	0.000
3738961023.365	159.131	172.024	171.060	0.000	162.946	295.078	0.000	286.368	0.000	155.000	163.000	0.000	0.000	0.000	0.000	0.000	0.000	0.000	1.000	0.000	0.161	1.305	3.719	14527.913	-376.800	93.774	0.000	0.100	0.100	752.265	376.800	0.000	0.000	4.878	0.000	0.000	0.000	1.000	183.100	13.400	-127.900	-121.400	28.900	-135.400	-66.600	0.000	0.000	0.000
3738961033.364	158.995	171.986	171.027	0.000	162.841	295.057	0.000	286.343	0.000	155.000	163.000	0.000	0.000	0.000	0.000	0.000	0.000	0.000	1.000	0.000	-0.142	6.446	3.719	14817.524	-376.800	93.448	0.000	0.100	0.100	746.792	376.800	0.000	0.000	4.878	0.000	0.000	0.000	1.000	183.100	12.100	-127.700	-121.400	28.400	-135.600	-65.400	0.000	0.000	0.000
3738961043.365	159.014	171.991	171.019	0.000	162.900	295.065	0.000	286.360	0.000	155.000	163.000	0.000	0.000	0.000	0.000	0.000	0.000	0.000	1.000	0.000	0.161	3.876	3.719	14817.524	-376.800	93.169	0.000	0.100	0.100	738.973	376.800	0.000	0.000	4.363	0.000	0.000	0.000	1.000	195.200	9.600	-126.600	-121.100	27.800	-138.300	-62.900	0.000	0.000	0.000
3738961053.365	159.065	171.973	171.022	0.000	163.035	295.065	0.000	286.356	0.000	155.000	163.000	0.000	0.000	0.000	0.000	0.000	0.000	0.000	1.000	0.000	0.161	1.305	3.719	14527.913	-376.800	93.634	0.000	0.100	0.100	752.265	376.800	0.000	0.000	3.849	0.000	0.000	0.000	1.000	203.500	10.200	-125.000	-120.600	27.800	-141.000	-61.400	0.000	0.000	0.000
3738961063.364	159.096	171.954	170.988	0.000	163.204	295.056	0.000	286.353	0.000	155.000	163.000	0.000	0.000	0.000	0.000	0.000	0.000	0.000	1.000	0.000	-0.142	3.876	3.719	14243.963	-376.800	93.681	0.000	0.100	0.100	747.573	376.800	0.000	0.000	3.335	0.000	0.000	0.000	1.000	177.400	9.600	-123.100	-120.000	27.800	-143.000	-60.600	0.000	0.000	0.000
3738961073.365	159.141	171.921	170.958	0.000	163.372	295.061	0.000	286.347	0.000	155.000	163.000	0.000	0.000	0.000	0.000	0.000	0.000	1.000	1.000	0.000	0.161	1.305	3.719	14243.963	-376.800	93.357	0.000	0.100	0.100	745.228	376.800	0.000	0.000	3.335	0.000	0.000	0.000	1.000	192.700	9.600	-120.800	-119.700	27.800	-144.000	-60.600	0.000	0.000	0.000
3738961083.364	159.323	171.882	170.924	0.000	163.553	295.063	0.000	286.353	0.000	155.000	163.000	0.000	0.000	0.000	0.000	0.000	0.000	1.000	1.000	0.000	-0.142	1.305	3.719	14243.963	-376.800	93.077	0.000	0.100	0.100	741.319	376.800	0.000	0.000	3.335	0.000	0.000	0.000	1.000	176.700	16.000	-126.400	-118.900	27.800	-144.000	-68.000	0.000	0.000	0.000
3738961093.364	159.507	171.891	170.905	0.000	163.606	295.078	0.000	286.369	0.000	155.000	163.000	0.000	0.000	0.000	0.000	0.000	0.000	1.000	1.000	0.000	0.464	3.876	3.719	14527.913	-376.800	93.077	0.000	0.100	0.100	751.483	376.800	0.000	0.000	2.307	0.000	0.000	0.000	1.000	186.300	15.300	-131.700	-120.200	29.500	-142.000	-71.600	0.000	0.000	0.000
3738961103.364	159.557	171.850	170.873	0.000	163.533	295.072	0.000	286.353	0.000	155.000	163.000	0.000	0.000	0.000	0.000	0.000	0.000	1.000	1.000	0.000	-0.142	1.305	3.719	14243.963	-376.800	93.170	0.000	0.100	0.100	750.701	376.800	0.000	0.000	2.307	0.000	0.000	0.000	1.000	176.100	16.000	-131.700	-120.800	29.500	-139.300	-71.600	0.000	0.000	0.000
3738961113.364	159.543	171.828	170.844	0.000	163.434	295.065	0.000	286.354	0.000	155.000	163.000	0.000	0.000	0.000	0.000	0.000	0.000	1.000	1.000	0.000	0.161	6.446	1.149	14527.913	-376.800	93.311	0.000	0.100	0.100	746.010	376.800	0.000	0.000	2.307	0.000	0.000	0.000	1.000	174.800	12.800	-130.700	-120.600	30.000	-137.900	-70.800	0.000	0.000	0.000
3738961123.364	159.473	171.794	170.823	0.000	163.318	295.062	0.000	286.337	0.000	155.000	163.000	0.000	0.000	0.000	0.000	0.000	0.000	1.000	1.000	0.000	0.464	3.876	3.719	14243.963	-376.800	93.263	0.000	0.100	0.100	738.191	376.800	0.000	0.000	11.048	0.000	0.000	0.000	1.000	167.800	12.100	-129.400	-119.700	28.900	-137.000	-69.800	0.000	0.000	0.000
3738961133.366	159.403	171.786	170.776	0.000	163.182	295.044	0.000	286.334	0.000	155.000	163.000	0.000	0.000	0.000	0.000	0.000	0.000	1.000	1.000	0.000	0.161	1.305	3.719	14243.963	-376.800	93.401	0.000	0.100	0.100	749.919	376.800	0.000	0.000	10.534	0.000	0.000	0.000	1.000	187.600	16.000	-129.000	-120.600	28.400	-136.200	-69.400	0.000	0.000	0.000
3738961143.364	159.317	171.787	170.802	0.000	163.098	295.064	0.000	286.351	0.000	155.000	163.000	0.000	0.000	0.000	0.000	0.000	0.000	1.000	1.000	0.000	-0.142	1.305	6.290	14527.913	-376.800	93.447	0.000	0.100	0.100	738.191	376.800	0.000	0.000	9.505	0.000	0.000	0.000	1.000	150.600	13.400	-129.000	-121.100	28.900	-135.900	-68.700	0.000	0.000	0.000
3738961153.364	159.233	171.769	170.782	0.000	162.989	295.063	0.000	286.333	0.000	155.000	163.000	0.000	0.000	0.000	0.000	0.000	0.000	0.000	1.000	0.000	-0.142	1.305	3.719	14527.913	-376.800	92.938	0.000	0.100	0.100	748.355	376.800	0.000	0.000	10.020	0.000	0.000	0.000	1.000	171.000	12.800	-128.300	-121.400	29.500	-135.600	-67.300	0.000	0.000	0.000
3738961163.365	159.140	171.754	170.786	0.000	162.903	295.060	0.000	286.331	0.000	155.000	163.000	0.000	0.000	0.000	0.000	0.000	0.000	0.000	1.000	0.000	0.161	3.876	6.290	14527.913	-376.800	92.985	0.000	0.100	0.100	751.484	376.800	0.000	0.000	9.505	0.000	0.000	0.000	1.000	201.000	12.100	-128.300	-121.400	29.500	-135.900	-66.600	0.000	0.000	0.000
3738961173.365	159.128	171.720	170.752	0.000	162.891	295.060	0.000	286.311	0.000	155.000	163.000	0.000	0.000	0.000	0.000	0.000	0.000	0.000	1.000	0.000	-0.445	1.305	6.290	14527.913	-376.800	93.218	0.000	0.100	0.100	742.882	376.800	0.000	0.000	8.477	0.000	0.000	0.000	1.000	190.800	7.700	-126.900	-121.100	28.400	-138.300	-64.300	0.000	0.000	0.000
3738961183.364	159.138	171.728	170.736	0.000	163.002	295.058	0.000	286.324	0.000	155.000	163.000	0.000	0.000	0.000	0.000	0.000	0.000	0.000	1.000	0.000	-0.142	-1.266	6.290	14817.524	-376.800	93.264	0.000	0.100	0.100	747.573	376.800	0.000	0.000	8.477	0.000	0.000	0.000	1.000	159.500	9.600	-125.500	-120.600	27.800	-141.000	-62.900	0.000	0.000	0.000
3738961193.364	159.169	171.702	170.704	0.000	163.166	295.069	0.000	286.329	0.000	155.000	163.000	0.000	0.000	0.000	0.000	0.000	0.000	0.000	1.000	0.000	-0.142	1.305	3.719	14243.963	-376.800	92.800	0.000	0.100	0.100	748.356	376.800	0.000	0.000	7.449	0.000	0.000	0.000	1.000	184.400	9.600	-123.900	-120.000	27.800	-143.000	-61.800	0.000	0.000	0.000
3738961203.365	159.205	171.668	170.691	0.000	163.342	295.059	0.000	286.314	0.000	155.000	163.000	0.000	0.000	0.000	0.000	0.000	0.000	1.000	1.000	0.000	0.161	1.305	3.719	14527.913	-376.800	93.031	0.000	0.100	0.100	741.319	376.800	0.000	0.000	7.963	0.000	0.000	0.000	1.000	175.500	7.700	-121.100	-119.700	27.800	-144.000	-61.400	0.000	0.000	0.000
3738961213.366	159.410	171.662	170.679	0.000	163.526	295.062	0.000	286.316	0.000	155.000	163.000	0.000	0.000	0.000	0.000	0.000	0.000	1.000	1.000	0.000	-0.142	3.876	6.290	14527.913	-376.800	94.143	0.000	0.100	0.100	749.919	376.800	0.000	0.000	6.934	0.000	0.000	0.000	1.000	178.000	13.400	-127.500	-119.500	27.800	-143.800	-69.400	0.000	0.000	0.000
3738961223.365	159.523	171.627	170.649	0.000	163.558	295.059	0.000	286.308	0.000	155.000	163.000	0.000	0.000	0.000	0.000	0.000	0.000	1.000	1.000	0.000	-0.142	3.876	1.149	14527.913	-376.800	92.613	0.000	0.100	0.100	745.228	376.800	0.000	0.000	6.934	0.000	0.000	0.000	1.000	152.500	16.600	-132.000	-120.200	28.900	-142.000	-75.800	0.000	0.000	0.000
3738961233.364	159.595	171.631	170.653	0.000	163.499	295.081	0.000	286.299	0.000	155.000	163.000	0.000	0.000	0.000	0.000	0.000	0.000	1.000	1.000	0.000	-0.142	-1.266	6.290	14527.913	-376.800	93.262	0.000	0.100	0.100	739.755	376.800	0.000	0.000	6.934	0.000	0.000	0.000	1.000	176.100	16.600	-132.000	-120.800	29.500	-139.300	-75.800	0.000	0.000	0.000
3738961243.365	159.601	171.603	170.637	0.000	163.376	295.065	0.000	286.314	0.000	155.000	163.000	0.000	0.000	0.000	0.000	0.000	0.000	1.000	1.000	0.000	0.161	6.446	1.149	14527.913	-376.800	93.633	0.000	0.100	0.100	744.446	376.800	0.000	0.000	5.906	0.000	0.000	0.000	1.000	148.700	12.800	-130.900	-120.600	28.900	-137.900	-74.000	0.000	0.000	0.000
3738961253.364	159.525	171.592	170.598	0.000	163.253	295.067	0.000	286.302	0.000	155.000	163.000	0.000	0.000	0.000	0.000	0.000	0.000	1.000	1.000	0.000	-0.142	-1.266	6.290	14243.963	-376.800	93.309	0.000	0.100	0.100	746.792	376.800	0.000	0.000	5.906	0.000	0.000	0.000	1.000	174.800	14.000	-129.600	-119.700	30.000	-137.200	-72.300	0.000	0.000	0.000
3738961263.364	159.448	171.580	170.604	0.000	163.144	295.070	0.000	286.307	0.000	155.000	163.000	0.000	0.000	0.000	0.000	0.000	0.000	1.000	1.000	0.000	0.464	3.876	3.719	14243.963	-376.800	94.423	0.000	0.100	0.100	748.355	376.800	0.000	0.000	4.878	0.000	0.000	0.000	1.000	156.900	14.000	-128.800	-120.200	29.500	-136.400	-71.600	0.000	0.000	0.000
3738961273.365	159.362	171.582	170.588	0.000	163.034	295.077	0.000	286.322	0.000	155.000	163.000	0.000	0.000	0.000	0.000	0.000	0.000	1.000	1.000	0.000	-0.142	-1.266	3.719	14527.913	-376.800	93.264	0.000	0.100	0.100	741.319	376.800	0.000	0.000	4.363	0.000	0.000	0.000	1.000	160.100	11.500	-129.000	-121.100	28.900	-135.900	-70.800	0.000	0.000	0.000
3738961283.365	159.274	171.581	170.563	0.000	162.929	295.074	0.000	286.317	0.000	155.000	163.000	0.000	0.000	0.000	0.000	0.000	0.000	0.000	1.000	0.000	0.161	1.305	3.719	14527.913	-376.800	93.588	0.000	0.100	0.100	743.664	376.800	0.000	0.000	4.878	0.000	0.000	0.000	1.000	178.000	12.800	-128.800	-121.400	29.500	-135.900	-69.400	0.000	0.000	0.000
3738961293.364	159.181	171.571	170.564	0.000	162.846	295.086	0.000	286.321	0.000	155.000	163.000	0.000	0.000	0.000	0.000	0.000	0.000	0.000	1.000	0.000	-0.142	3.876	8.861	14243.963	-376.800	92.382	0.000	0.100	0.100	742.101	376.800	0.000	0.000	4.363	0.000	0.000	0.000	1.000	183.100	10.800	-128.300	-121.400	29.500	-135.900	-68.000	0.000	0.000	0.000
3738961303.366	159.161	171.565	170.550	0.000	162.842	295.087	0.000	286.294	0.000	155.000	163.000	0.000	0.000	0.000	0.000	0.000	0.000	0.000	1.000	0.000	0.161	3.876	1.149	14817.524	-376.800	93.679	0.000	0.100	0.100	742.100	376.800	0.000	0.000	4.363	0.000	0.000	0.000	1.000	198.400	7.700	-127.200	-121.100	28.400	-138.500	-65.800	0.000	0.000	0.000
3738961313.364	159.188	171.541	170.529	0.000	162.953	295.079	0.000	286.287	0.000	155.000	163.000	0.000	0.000	0.000	0.000	0.000	0.000	0.000	1.000	0.000	0.161	1.305	3.719	14243.963	-376.800	92.706	0.000	0.100	0.100	741.319	376.800	0.000	0.000	3.849	0.000	0.000	0.000	1.000	177.400	9.600	-125.500	-120.600	27.800	-141.000	-64.300	0.000	0.000	0.000
3738961323.364	159.191	171.491	170.471	0.000	163.106	295.073	0.000	286.279	0.000	155.000	163.000	0.000	0.000	0.000	0.000	0.000	0.000	0.000	1.000	0.000	0.161	3.876	1.149	14243.963	-376.800	93.169	0.000	0.100	0.100	733.499	376.800	0.000	0.000	2.821	0.000	0.000	0.000	1.000	172.900	10.200	-123.600	-120.000	27.800	-143.000	-63.200	0.000	0.000	0.000
3738961333.365	159.256	171.479	170.465	0.000	163.276	295.073	0.000	286.277	0.000	155.000	163.000	0.000	0.000	0.000	0.000	0.000	0.000	1.000	1.000	0.000	0.161	1.305	3.719	14243.963	-376.800	93.077	0.000	0.100	0.100	739.754	376.800	0.000	0.000	2.821	0.000	0.000	0.000	1.000	151.800	10.200	-120.800	-119.500	27.800	-144.000	-62.900	0.000	0.000	0.000
3738961343.365	159.460	171.491	170.466	0.000	163.455	295.074	0.000	286.287	0.000	155.000	163.000	0.000	0.000	0.000	0.000	0.000	0.000	1.000	1.000	0.000	0.161	-1.266	1.149	14243.963	-376.800	93.494	0.000	0.100	0.100	748.355	376.800	0.000	0.000	2.821	0.000	0.000	0.000	1.000	188.200	14.700	-127.200	-118.900	27.800	-143.800	-72.300	0.000	0.000	0.000
3738961353.365	159.570	171.473	170.441	0.000	163.483	295.076	0.000	286.288	0.000	155.000	163.000	0.000	0.000	0.000	0.000	0.000	0.000	1.000	1.000	0.000	-0.142	3.876	3.719	14527.913	-376.800	92.335	0.000	0.100	0.100	739.755	376.800	0.000	0.000	1.792	0.000	0.000	0.000	1.000	187.600	15.300	-132.000	-120.200	30.000	-142.000	-77.200	0.000	0.000	0.000
3738961363.365	159.623	171.434	170.418	0.000	163.405	295.076	0.000	286.289	0.000	155.000	163.000	0.000	0.000	0.000	0.000	0.000	0.000	1.000	1.000	0.000	0.161	6.446	1.149	14243.963	-376.800	93.030	0.000	0.100	0.100	746.009	376.800	0.000	0.000	7.963	0.000	0.000	0.000	1.000	178.000	13.400	-132.600	-120.800	29.500	-139.300	-76.600	0.000	0.000	0.000
3738961373.364	159.594	171.417	170.399	0.000	163.297	295.063	0.000	286.281	0.000	155.000	163.000	0.000	0.000	0.000	0.000	0.000	0.000	1.000	1.000	0.000	-0.142	1.305	3.719	14527.913	-376.800	92.799	0.000	0.100	0.100	746.791	376.800	0.000	0.000	10.020	0.000	0.000	0.000	1.000	172.900	16.000	-130.400	-120.600	29.500	-137.900	-74.800	0.000	0.000	0.000
3738961383.364	159.512	171.400	170.365	0.000	163.185	295.063	0.000	286.276	0.000	155.000	163.000	0.000	0.000	0.000	0.000	0.000	0.000	1.000	1.000	0.000	0.161	-1.266	1.149	14243.963	-376.800	93.449	0.000	0.100	0.100	751.483	376.800	0.000	0.000	10.534	0.000	0.000	0.000	1.000	178.000	12.800	-129.900	-119.700	29.500	-137.000	-73.700	0.000	0.000	0.000
3738961393.366	159.436	171.411	170.376	0.000	163.072	295.085	0.000	286.276	0.000	155.000	163.000	0.000	0.000	0.000	0.000	0.000	0.000	1.000	1.000	0.000	0.464	-1.266	1.149	14527.913	-376.800	93.959	0.000	0.100	0.100	743.664	376.800	0.000	0.000	10.534	0.000	0.000	0.000	1.000	148.700	12.800	-129.600	-120.200	28.900	-136.200	-73.000	0.000	0.000	0.000
3738961403.364	159.321	171.392	170.338	0.000	162.947	295.081	0.000	286.281	0.000	155.000	163.000	0.000	0.000	0.000	0.000	0.000	0.000	0.000	1.000	0.000	0.161	3.876	1.149	14527.913	-376.800	93.078	0.000	0.100	0.100	748.355	376.800	0.000	0.000	9.505	0.000	0.000	0.000	1.000	164.600	12.100	-128.800	-121.100	29.500	-135.900	-71.600	0.000	0.000	0.000
3738961413.364	159.227	171.367	170.335	0.000	162.840	295.088	0.000	286.271	0.000	155.000	163.000	0.000	0.000	0.000	0.000	0.000	0.000	0.000	1.000	0.000	0.161	1.305	3.719	14243.963	-376.800	93.216	0.000	0.100	0.100	750.701	376.800	0.000	0.000	8.991	0.000	0.000	0.000	1.000	199.700	12.800	-128.300	-121.100	28.900	-136.200	-70.200	0.000	0.000	0.000
3738961423.364	159.186	171.343	170.317	0.000	162.836	295.074	0.000	286.259	0.000	155.000	163.000	0.000	0.000	0.000	0.000	0.000	0.000	0.000	1.000	0.000	0.161	3.876	8.861	14817.524	-376.800	92.891	0.000	0.100	0.100	738.191	376.800	0.000	0.000	8.477	0.000	0.000	0.000	1.000	162.100	10.200	-127.500	-120.800	28.400	-138.700	-67.300	0.000	0.000	0.000
3738961433.364	159.192	171.323	170.288	0.000	162.913	295.063	0.000	286.255	0.000	155.000	163.000	0.000	0.000	0.000	0.000	0.000	0.000	0.000	1.000	0.000	-0.142	-1.266	6.290	14527.913	-376.800	93.586	0.000	0.100	0.100	749.137	376.800	0.000	0.000	7.963	0.000	0.000	0.000	1.000	197.800	10.200	-125.800	-120.600	27.800	-141.000	-65.800	0.000	0.000	0.000
3738961443.364	159.224	171.310	170.270	0.000	163.069	295.080	0.000	286.271	0.000	155.000	163.000	0.000	0.000	0.000	0.000	0.000	0.000	0.000	1.000	0.000	-0.142	3.876	1.149	14527.913	-376.800	93.864	0.000	0.100	0.100	755.392	376.800	0.000	0.000	7.963	0.000	0.000	0.000	1.000	190.800	10.200	-123.900	-120.000	27.800	-142.800	-65.100	0.000	0.000	0.000
3738961453.365	159.275	171.289	170.240	0.000	163.242	295.070	0.000	286.258	0.000	155.000	163.000	0.000	0.000	0.000	0.000	0.000	0.000	0.000	1.000	0.000	0.161	-1.266	1.149	14527.913	-376.800	92.798	0.000	0.100	0.100	749.137	376.800	0.000	0.000	6.934	0.000	0.000	0.000	1.000	197.100	9.600	-122.000	-119.500	27.800	-143.800	-64.300	0.000	0.000	0.000
3738961463.365	159.354	171.268	170.213	0.000	163.424	295.077	0.000	286.251	0.000	155.000	163.000	0.000	0.000	0.000	0.000	0.000	0.000	1.000	1.000	0.000	-0.142	3.876	6.290	14527.913	-376.800	93.633	0.000	0.100	0.100	753.047	376.800	0.000	0.000	6.934	0.000	0.000	0.000	1.000	188.200	8.300	-120.000	-118.900	27.800	-144.800	-63.600	0.000	0.000	0.000
3738961473.364	159.559	171.248	170.201	0.000	163.592	295.080	0.000	286.247	0.000	155.000	163.000	0.000	0.000	0.000	0.000	0.000	0.000	1.000	1.000	0.000	0.161	-1.266	6.290	14243.963	-376.800	93.726	0.000	0.100	0.100	750.701	376.800	0.000	0.000	6.420	0.000	0.000	0.000	1.000	171.000	12.800	-127.500	-118.600	28.400	-145.000	-71.600	0.000	0.000	0.000
3738961483.365	159.702	171.243	170.194	0.000	163.612	295.081	0.000	286.258	0.000	155.000	163.000	0.000	0.000	0.000	0.000	0.000	0.000	1.000	1.000	0.000	0.161	-1.266	1.149	14817.524	-376.800	93.773	0.000	0.100	0.100	752.265	376.800	0.000	0.000	5.906	0.000	0.000	0.000	1.000	167.200	17.900	-132.000	-120.000	29.500	-142.800	-76.600	0.000	0.000	0.000
3738961493.365	159.763	171.228	170.173	0.000	163.524	295.087	0.000	286.245	0.000	155.000	163.000	0.000	0.000	0.000	0.000	0.000	0.000	1.000	1.000	0.000	0.161	1.305	6.290	14243.963	-376.800	93.264	0.000	0.100	0.100	740.536	376.800	0.000	0.000	5.906	0.000	0.000	0.000	1.000	172.300	14.700	-132.600	-120.800	29.500	-139.700	-75.800	0.000	0.000	0.000
3738961503.364	159.739	171.196	170.121	0.000	163.383	295.076	0.000	286.243	0.000	155.000	163.000	0.000	0.000	0.000	0.000	0.000	0.000	1.000	1.000	0.000	0.161	3.876	6.290	14243.963	-376.800	93.589	0.000	0.100	0.100	742.100	376.800	0.000	0.000	5.392	0.000	0.000	0.000	1.000	185.000	13.400	-131.500	-120.000	28.900	-138.300	-74.800	0.000	0.000	0.000
3738961513.364	159.691	171.172	170.133	0.000	163.259	295.082	0.000	286.250	0.000	155.000	163.000	0.000	0.000	0.000	0.000	0.000	0.000	1.000	1.000	0.000	-0.142	3.876	3.719	14527.913	-376.800	93.216	0.000	0.100	0.100	743.664	376.800	0.000	0.000	5.392	0.000	0.000	0.000	1.000	146.700	13.400	-130.400	-119.500	28.900	-137.200	-73.700	0.000	0.000	0.000
3738961523.364	159.600	171.192	170.127	0.000	163.098	295.070	0.000	286.232	0.000	155.000	163.000	0.000	0.000	0.000	0.000	0.000	0.000	1.000	1.000	0.000	-0.142	1.305	3.719	14527.913	-376.800	92.659	0.000	0.100	0.100	749.920	376.800	0.000	0.000	4.878	0.000	0.000	0.000	1.000	167.200	14.700	-129.600	-120.200	28.400	-136.400	-72.300	0.000	0.000	0.000
3738961533.365	159.475	171.185	170.113	0.000	162.970	295.072	0.000	286.223	0.000	155.000	163.000	0.000	0.000	0.000	0.000	0.000	0.000	0.000	1.000	0.000	0.161	1.305	3.719	14243.963	-376.800	93.587	0.000	0.100	0.100	744.446	376.800	0.000	0.000	4.363	0.000	0.000	0.000	1.000	180.600	14.700	-129.000	-121.100	28.400	-136.200	-71.600	0.000	0.000	0.000
3738961543.365	159.373	171.185	170.113	0.000	162.853	295.077	0.000	286.234	0.000	155.000	163.000	0.000	0.000	0.000	0.000	0.000	0.000	0.000	1.000	0.000	-0.142	1.305	6.290	14527.913	-376.800	93.867	0.000	0.100	0.100	738.191	376.800	0.000	0.000	3.849	0.000	0.000	0.000	1.000	198.400	12.100	-128.500	-121.100	28.900	-136.200	-70.200	0.000	0.000	0.000
3738961553.364	159.375	171.172	170.095	0.000	162.849	295.072	0.000	286.225	0.000	155.000	163.000	0.000	0.000	0.000	0.000	0.000	0.000	0.000	1.000	0.000	0.464	1.305	3.719	14527.913	-376.800	93.820	0.000	0.100	0.100	745.228	376.800	0.000	0.000	3.335	0.000	0.000	0.000	1.000	172.300	10.800	-127.200	-120.800	28.400	-138.700	-67.600	0.000	0.000	0.000
3738961563.364	159.345	171.152	170.074	0.000	162.927	295.072	0.000	286.225	0.000	155.000	163.000	0.000	0.000	0.000	0.000	0.000	0.000	0.000	1.000	0.000	-0.142	1.305	6.290	14527.913	-376.800	93.170	0.000	0.100	0.100	742.883	376.800	0.000	0.000	2.821	0.000	0.000	0.000	1.000	192.700	8.900	-126.100	-120.600	27.800	-141.200	-66.200	0.000	0.000	0.000
3738961573.365	159.406	171.148	170.074	0.000	163.088	295.080	0.000	286.228	0.000	155.000	163.000	0.000	0.000	0.000	0.000	0.000	0.000	0.000	1.000	0.000	-0.142	-1.266	3.719	13965.563	-376.800	92.984	0.000	0.100	0.100	747.573	376.800	0.000	0.000	2.821	0.000	0.000	0.000	1.000	174.800	10.200	-123.900	-120.000	27.800	-143.000	-65.100	0.000	0.000	0.000
3738961583.365	159.461	171.154	170.072	0.000	163.236	295.085	0.000	286.228	0.000	155.000	163.000	0.000	0.000	0.000	0.000	0.000	0.000	0.000	1.000	0.000	-0.142	3.876	3.719	14527.913	-376.800	93.865	0.000	0.100	0.100	748.355	376.800	0.000	0.000	2.307	0.000	0.000	0.000	1.000	172.900	7.700	-121.700	-119.500	27.300	-144.000	-64.300	0.000	0.000	0.000
3738961593.365	159.503	171.131	170.045	0.000	163.409	295.072	0.000	286.240	0.000	155.000	163.000	0.000	0.000	0.000	0.000	0.000	0.000	1.000	1.000	0.000	-0.142	1.305	6.290	14243.963	-376.800	93.727	0.000	0.100	0.100	751.483	376.800	0.000	0.000	2.307	0.000	0.000	0.000	1.000	174.200	9.600	-119.500	-118.600	27.300	-144.800	-64.300	0.000	0.000	0.000
3738961603.365	159.707	171.126	170.029	0.000	163.575	295.074	0.000	286.229	0.000	155.000	163.000	0.000	0.000	0.000	0.000	0.000	0.000	1.000	1.000	0.000	-0.142	3.876	3.719	14243.963	-376.800	92.847	0.000	0.100	0.100	748.356	376.800	0.000	0.000	3.849	0.000	0.000	0.000	1.000	186.900	15.300	-126.600	-118.600	27.800	-145.000	-71.600	0.000	0.000	0.000
3738961613.364	159.837	171.085	169.976	0.000	163.578	295.068	0.000	286.220	0.000	155.000	163.000	0.000	0.000	0.000	0.000	0.000	0.000	1.000	1.000	0.000	0.161	3.876	1.149	14527.913	-376.800	92.661	0.000	0.100	0.100	744.446	376.800	0.000	0.000	11.048	0.000	0.000	0.000	1.000	180.600	17.900	-132.800	-120.000	28.400	-142.800	-75.100	0.000	0.000	0.000
3738961623.365	159.867	171.064	169.978	0.000	163.490	295.059	0.000	286.251	0.000	155.000	163.000	0.000	0.000	0.000	0.000	0.000	0.000	1.000	1.000	0.000	-0.142	3.876	6.290	13965.563	-376.800	92.336	0.000	0.100	0.100	743.664	376.800	0.000	0.000	11.048	0.000	0.000	0.000	1.000	167.200	16.600	-132.200	-120.800	28.900	-139.700	-75.100	0.000	0.000	0.000
3738961633.365	159.821	171.046	169.946	0.000	163.371	295.077	0.000	286.233	0.000	155.000	163.000	0.000	0.000	0.000	0.000	0.000	0.000	1.000	1.000	0.000	-0.445	3.876	6.290	14243.963	-376.800	93.633	0.000	0.100	0.100	745.228	376.800	0.000	0.000	10.020	0.000	0.000	0.000	1.000	164.000	16.600	-130.900	-120.200	30.000	-138.300	-74.500	0.000	0.000	0.000
3738961643.366	159.729	171.019	169.934	0.000	163.209	295.069	0.000	286.231	0.000	155.000	163.000	0.000	0.000	0.000	0.000	0.000	0.000	1.000	1.000	0.000	0.464	3.876	3.719	14527.913	-376.800	92.985	0.000	0.100	0.100	743.664	376.800	0.000	0.000	10.020	0.000	0.000	0.000	1.000	148.000	12.100	-129.900	-119.500	29.500	-137.500	-73.000	0.000	0.000	0.000
3738961653.365	159.618	171.015	169.912	0.000	163.049	295.067	0.000	286.224	0.000	155.000	163.000	0.000	0.000	0.000	0.000	0.000	0.000	1.000	1.000	0.000	-0.142	1.305	3.719	14243.963	-376.800	93.542	0.000	0.100	0.100	746.009	376.800	0.000	0.000	8.991	0.000	0.000	0.000	1.000	188.200	16.000	-129.400	-120.000	28.400	-136.700	-72.300	0.000	0.000	0.000
3738961663.364	159.465	170.966	169.866	0.000	162.896	295.070	0.000	286.216	0.000	155.000	163.000	0.000	0.000	0.000	0.000	0.000	0.000	0.000	1.000	0.000	0.161	1.305	3.719	14527.913	-376.800	93.171	0.000	0.100	0.100	743.665	376.800	0.000	0.000	8.991	0.000	0.000	0.000	1.000	191.400	13.400	-128.800	-120.800	29.500	-136.200	-71.600	0.000	0.000	0.000
3738961673.365	159.346	170.958	169.878	0.000	162.785	295.085	0.000	286.215	0.000	155.000	163.000	0.000	0.000	0.000	0.000	0.000	0.000	0.000	1.000	0.000	0.464	1.305	3.719	14527.913	-376.800	93.170	0.000	0.100	0.100	749.919	376.800	0.000	0.000	8.477	0.000	0.000	0.000	1.000	158.200	9.600	-128.500	-121.100	28.900	-136.200	-70.200	0.000	0.000	0.000
3738961683.365	159.321	170.968	169.865	0.000	162.771	295.080	0.000	286.218	0.000	155.000	163.000	0.000	0.000	0.000	0.000	0.000	0.000	0.000	1.000	0.000	-0.142	-1.266	3.719	14527.913	-376.800	92.891	0.000	0.100	0.100	746.010	376.800	0.000	0.000	7.963	0.000	0.000	0.000	1.000	202.200	10.200	-127.500	-120.800	28.400	-138.700	-67.300	0.000	0.000	0.000
3738961693.364	159.330	170.958	169.854	0.000	162.849	295.086	0.000	286.216	0.000	155.000	163.000	0.000	0.000	0.000	0.000	0.000	0.000	0.000	1.000	0.000	0.161	3.876	1.149	14243.963	-376.800	93.866	0.000	0.100	0.100	754.611	376.800	0.000	0.000	7.449	0.000	0.000	0.000	1.000	183.100	10.200	-126.100	-120.200	27.800	-141.200	-66.200	0.000	0.000	0.000
3738961703.364	159.327	170.937	169.829	0.000	162.976	295.084	0.000	286.198	0.000	155.000	163.000	0.000	0.000	0.000	0.000	0.000	0.000	0.000	1.000	0.000	-0.142	3.876	3.719	14243.963	-376.800	93.403	0.000	0.100	0.100	749.138	376.800	0.000	0.000	6.934	0.000	0.000	0.000	1.000	167.800	10.200	-124.200	-119.700	27.300	-143.000	-65.100	0.000	0.000	0.000
3738961713.365	159.397	170.929	169.836	0.000	163.158	295.087	0.000	286.206	0.000	155.000	163.000	0.000	0.000	0.000	0.000	0.000	0.000	0.000	1.000	0.000	0.464	-1.266	3.719	14527.913	-376.800	94.004	0.000	0.100	0.100	752.265	376.800	0.000	0.000	6.934	0.000	0.000	0.000	1.000	154.400	10.200	-122.200	-119.500	27.800	-144.000	-64.700	0.000	0.000	0.000
3738961723.364	159.483	170.929	169.824	0.000	163.341	295.087	0.000	286.211	0.000	155.000	163.000	0.000	0.000	0.000	0.000	0.000	0.000	1.000	1.000	0.000	0.161	1.305	6.290	14243.963	-376.800	93.586	0.000	0.100	0.100	748.355	376.800	0.000	0.000	5.392	0.000	0.000	0.000	1.000	178.600	10.200	-120.000	-118.600	27.800	-144.800	-64.300	0.000	0.000	0.000
3738961733.364	159.680	170.923	169.813	0.000	163.500	295.087	0.000	286.213	0.000	155.000	163.000	0.000	0.000	0.000	0.000	0.000	0.000	1.000	1.000	0.000	0.161	1.305	1.149	14527.913	-376.800	93.355	0.000	0.100	0.100	749.919	376.800	0.000	0.000	5.906	0.000	0.000	0.000	1.000	149.300	16.600	-127.500	-118.900	27.300	-144.800	-72.300	0.000	0.000	0.000
3738961743.365	159.806	170.884	169.793	0.000	163.497	295.077	0.000	286.214	0.000	155.000	163.000	0.000	0.000	0.000	0.000	0.000	0.000	1.000	1.000	0.000	-0.142	-1.266	1.149	14243.963	-376.800	93.030	0.000	0.100	0.100	742.882	376.800	0.000	0.000	5.392	0.000	0.000	0.000	1.000	164.600	17.900	-132.200	-120.000	28.900	-142.800	-77.900	0.000	0.000	0.000
3738961753.364	159.872	170.889	169.784	0.000	163.409	295.088	0.000	285.969	0.000	155.000	163.000	0.000	0.000	0.000	0.000	0.000	0.000	1.000	1.000	0.000	0.161	-1.266	6.290	14243.963	-376.800	93.309	0.000	0.100	0.100	746.009	376.800	0.000	0.000	5.392	0.000	0.000	0.000	1.000	149.900	14.700	-132.800	-120.800	29.500	-139.700	-77.200	0.000	0.000	0.000
3738961763.364	159.815	170.884	169.761	0.000	163.267	295.070	0.000	286.083	0.000	155.000	163.000	0.000	0.000	0.000	0.000	0.000	0.000	1.000	1.000	0.000	0.161	-1.266	6.290	14527.913	-376.800	93.356	0.000	0.100	0.100	746.792	376.800	0.000	0.000	5.392	0.000	0.000	0.000	1.000	155.000	13.400	-131.200	-120.200	30.000	-138.300	-75.800	0.000	0.000	0.000
3738961773.364	159.754	170.883	169.768	0.000	163.138	295.091	0.000	286.126	0.000	155.000	163.000	0.000	0.000	0.000	0.000	0.000	0.000	1.000	1.000	0.000	0.464	3.876	1.149	14527.913	-376.800	93.959	0.000	0.100	0.100	751.483	376.800	0.000	0.000	4.363	0.000	0.000	0.000	1.000	180.600	16.600	-129.900	-119.700	28.400	-137.200	-74.500	0.000	0.000	0.000
3738961783.364	159.652	170.862	169.751	0.000	162.989	295.088	0.000	286.146	0.000	155.000	163.000	0.000	0.000	0.000	0.000	0.000	0.000	0.000	1.000	0.000	0.161	3.876	1.149	14527.913	-376.800	93.495	0.000	0.100	0.100	746.792	376.800	0.000	0.000	3.849	0.000	0.000	0.000	1.000	151.800	16.600	-129.400	-120.000	28.400	-136.700	-73.000	0.000	0.000	0.000
3738961793.365	159.498	170.843	169.719	0.000	162.855	295.075	0.000	286.150	0.000	155.000	163.000	0.000	0.000	0.000	0.000	0.000	0.000	0.000	1.000	0.000	0.161	1.305	3.719	14243.963	-376.800	93.402	0.000	0.100	0.100	749.137	376.800	0.000	0.000	4.363	0.000	0.000	0.000	1.000	178.000	12.100	-128.800	-120.600	29.500	-136.700	-71.600	0.000	0.000	0.000
3738961803.364	159.462	170.837	169.697	0.000	162.808	295.085	0.000	286.155	0.000	155.000	163.000	0.000	0.000	0.000	0.000	0.000	0.000	0.000	1.000	0.000	0.161	3.876	3.719	14243.963	-376.800	92.752	0.000	0.100	0.100	740.536	376.800	0.000	0.000	3.335	0.000	0.000	0.000	1.000	177.400	10.800	-127.700	-120.600	28.400	-138.900	-69.100	0.000	0.000	0.000
3738961813.364	159.444	170.801	169.665	0.000	162.866	295.092	0.000	286.172	0.000	155.000	163.000	0.000	0.000	0.000	0.000	0.000	0.000	0.000	1.000	0.000	0.464	3.876	6.290	14527.913	-376.800	93.215	0.000	0.100	0.100	745.228	376.800	0.000	0.000	2.307	0.000	0.000	0.000	1.000	155.700	10.200	-126.600	-120.000	27.800	-141.200	-67.300	0.000	0.000	0.000
3738961823.364	159.470	170.789	169.655	0.000	163.008	295.095	0.000	286.171	0.000	155.000	163.000	0.000	0.000	0.000	0.000	0.000	0.000	0.000	1.000	0.000	-0.142	3.876	3.719	14527.913	-376.800	92.335	0.000	0.100	0.100	746.792	376.800	0.000	0.000	2.821	0.000	0.000	0.000	1.000	153.100	10.200	-124.700	-119.500	27.800	-143.200	-66.600	0.000	0.000	0.000
3738961833.364	159.526	170.768	169.639	0.000	163.155	295.071	0.000	286.177	0.000	155.000	163.000	0.000	0.000	0.000	0.000	0.000	0.000	0.000	1.000	0.000	0.161	3.876	8.861	13965.563	-376.800	92.474	0.000	0.100	0.100	738.191	376.800	0.000	0.000	1.792	0.000	0.000	0.000	1.000	167.200	10.200	-122.500	-118.900	27.800	-144.200	-65.800	0.000	0.000	0.000
3738961843.365	159.585	170.776	169.652	0.000	163.333	295.100	0.000	286.175	0.000	155.000	163.000	0.000	0.000	0.000	0.000	0.000	0.000	1.000	1.000	0.000	-0.142	3.876	6.290	14527.913	-376.800	93.911	0.000	0.100	0.100	747.573	376.800	0.000	0.000	0.764	0.000	0.000	0.000	1.000	172.300	9.600	-120.600	-118.200	27.800	-144.800	-65.400	0.000	0.000	0.000
3738961853.366	159.780	170.753	169.616	0.000	163.505	295.091	0.000	286.169	0.000	155.000	163.000	0.000	0.000	0.000	0.000	0.000	0.000	1.000	1.000	0.000	-0.142	3.876	1.149	14243.963	-376.800	93.818	0.000	0.100	0.100	750.701	376.800	0.000	0.000	10.020	0.000	0.000	0.000	1.000	184.400	13.400	-127.500	-118.600	27.800	-145.000	-72.300	0.000	0.000	0.000
3738961863.364	159.906	170.741	169.620	0.000	163.494	295.102	0.000	286.161	0.000	155.000	163.000	0.000	0.000	0.000	0.000	0.000	0.000	1.000	1.000	0.000	0.464	3.876	3.719	14527.913	-376.800	92.706	0.000	0.100	0.100	746.792	376.800	0.000	0.000	10.534	0.000	0.000	0.000	1.000	172.300	15.300	-132.800	-119.700	29.500	-143.000	-77.900	0.000	0.000	0.000
3738961873.364	159.950	170.752	169.607	0.000	163.398	295.099	0.000	286.148	0.000	155.000	163.000	0.000	0.000	0.000	0.000	0.000	0.000	1.000	1.000	0.000	0.161	3.876	6.290	14243.963	-376.800	93.865	0.000	0.100	0.100	744.446	376.800	0.000	0.000	10.534	0.000	0.000	0.000	1.000	167.200	16.000	-132.200	-120.800	29.500	-140.000	-77.200	0.000	0.000	0.000
3738961883.365	159.917	170.734	169.582	0.000	163.278	295.105	0.000	286.163	0.000	155.000	163.000	0.000	0.000	0.000	0.000	0.000	0.000	1.000	1.000	0.000	0.464	1.305	3.719	14243.963	-376.800	92.938	0.000	0.100	0.100	745.228	376.800	0.000	0.000	9.505	0.000	0.000	0.000	1.000	156.900	12.100	-131.500	-120.600	30.000	-138.500	-75.800	0.000	0.000	0.000
3738961893.364	159.789	170.714	169.557	0.000	163.110	295.097	0.000	286.173	0.000	155.000	163.000	0.000	0.000	0.000	0.000	0.000	0.000	1.000	1.000	0.000	-0.142	6.446	3.719	14243.963	-376.800	93.309	0.000	0.100	0.100	744.446	376.800	0.000	0.000	9.505	0.000	0.000	0.000	1.000	167.800	13.400	-130.400	-119.500	29.500	-137.700	-74.800	0.000	0.000	0.000
3738961903.364	159.675	170.708	169.548	0.000	162.961	295.096	0.000	286.170	0.000	155.000	163.000	0.000	0.000	0.000	0.000	0.000	0.000	0.000	1.000	0.000	0.464	1.305	1.149	14243.963	-376.800	94.004	0.000	0.100	0.100	749.919	376.800	0.000	0.000	9.505	0.000	0.000	0.000	1.000	158.900	13.400	-129.900	-119.700	28.900	-136.700	-73.400	0.000	0.000	0.000
3738961913.365	159.545	170.715	169.535	0.000	162.817	295.112	0.000	286.159	0.000	155.000	163.000	0.000	0.000	0.000	0.000	0.000	0.000	0.000	1.000	0.000	-0.142	1.305	1.149	14527.913	-376.800	93.402	0.000	0.100	0.100	746.792	376.800	0.000	0.000	8.991	0.000	0.000	0.000	1.000	157.600	11.500	-129.000	-120.600	28.900	-136.700	-71.900	0.000	0.000	0.000
3738961923.366	159.502	170.681	169.536	0.000	162.781	295.111	0.000	286.140	0.000	155.000	163.000	0.000	0.000	0.000	0.000	0.000	0.000	0.000	1.000	0.000	-0.142	1.305	1.149	14527.913	-376.800	93.542	0.000	0.100	0.100	752.265	376.800	0.000	0.000	8.477	0.000	0.000	0.000	1.000	202.900	10.200	-127.700	-120.200	28.400	-138.900	-69.400	0.000	0.000	0.000
3738961933.364	159.518	170.673	169.505	0.000	162.852	295.126	0.000	286.161	0.000	155.000	163.000	0.000	0.000	0.000	0.000	0.000	0.000	0.000	1.000	0.000	0.161	1.305	3.719	14527.913	-376.800	92.893	0.000	0.100	0.100	746.010	376.800	0.000	0.000	8.477	0.000	0.000	0.000	1.000	196.500	9.600	-126.400	-120.000	27.800	-141.500	-68.000	0.000	0.000	0.000
3738961943.364	159.529	170.648	169.484	0.000	162.978	295.126	0.000	286.150	0.000	155.000	163.000	0.000	0.000	0.000	0.000	0.000	0.000	0.000	1.000	0.000	0.464	3.876	3.719	13965.563	-376.800	93.170	0.000	0.100	0.100	745.228	376.800	0.000	0.000	7.449	0.000	0.000	0.000	1.000	196.500	9.600	-125.000	-119.500	27.800	-143.200	-66.900	0.000	0.000	0.000
3738961953.364	159.562	170.624	169.468	0.000	163.126	295.128	0.000	286.146	0.000	155.000	163.000	0.000	0.000	0.000	0.000	0.000	0.000	0.000	1.000	0.000	0.161	1.305	3.719	14527.913	-376.800	93.216	0.000	0.100	0.100	753.829	376.800	0.000	0.000	6.934	0.000	0.000	0.000	1.000	178.000	9.600	-122.800	-118.900	27.800	-144.200	-66.200	0.000	0.000	0.000
3738961963.366	159.599	170.604	169.450	0.000	163.293	295.124	0.000	286.149	0.000	155.000	163.000	0.000	0.000	0.000	0.000	0.000	0.000	1.000	1.000	0.000	0.161	-1.266	6.290	14243.963	-376.800	93.866	0.000	0.100	0.100	745.228	376.800	0.000	0.000	6.420	0.000	0.000	0.000	1.000	187.600	10.200	-120.800	-118.200	27.800	-145.000	-65.800	0.000	0.000	0.000
3738961973.364	159.758	170.565	169.412	0.000	163.420	295.123	0.000	286.141	0.000	155.000	163.000	0.000	0.000	0.000	0.000	0.000	0.000	1.000	1.000	0.000	0.161	3.876	3.719	14243.963	-376.800	93.542	0.000	0.100	0.100	747.574	376.800	0.000	0.000	5.392	0.000	0.000	0.000	1.000	183.100	14.700	-127.200	-118.200	27.800	-145.000	-72.300	0.000	0.000	0.000
3738961983.366	159.867	170.560	169.396	0.000	163.424	295.127	0.000	286.149	0.000	155.000	163.000	0.000	0.000	0.000	0.000	0.000	0.000	1.000	1.000	0.000	0.161	1.305	3.719	14243.963	-376.800	93.589	0.000	0.100	0.100	753.047	376.800	0.000	0.000	5.392	0.000	0.000	0.000	1.000	169.700	17.200	-132.200	-120.000	28.900	-142.800	-77.500	0.000	0.000	0.000
3738961993.366	159.883	170.539	169.384	0.000	163.315	295.128	0.000	286.145	0.000	155.000	163.000	0.000	0.000	0.000	0.000	0.000	0.000	1.000	1.000	0.000	0.464	1.305	3.719	14243.963	-376.800	93.681	0.000	0.100	0.100	743.664	376.800	0.000	0.000	5.392	0.000	0.000	0.000	1.000	165.900	14.700	-133.000	-120.600	28.900	-140.000	-77.500	0.000	0.000	0.000
3738962003.364	159.823	170.539	169.370	0.000	163.164	295.129	0.000	286.151	0.000	155.000	163.000	0.000	0.000	0.000	0.000	0.000	0.000	1.000	1.000	0.000	0.161	1.305	1.149	14527.913	-376.800	92.382	0.000	0.100	0.100	747.574	376.800	0.000	0.000	5.392	0.000	0.000	0.000	1.000	145.500	12.100	-131.500	-120.600	29.500	-138.500	-76.100	0.000	0.000	0.000
3738962013.365	159.738	170.524	169.333	0.000	163.011	295.136	0.000	286.147	0.000	155.000	163.000	0.000	0.000	0.000	0.000	0.000	0.000	1.000	1.000	0.000	-0.142	-1.266	6.290	14243.963	-376.800	93.540	0.000	0.100	0.100	750.701	376.800	0.000	0.000	4.878	0.000	0.000	0.000	1.000	181.200	14.000	-130.400	-119.500	29.500	-137.700	-75.100	0.000	0.000	0.000
3738962023.365	159.600	170.499	169.330	0.000	162.853	295.131	0.000	286.134	0.000	155.000	163.000	0.000	0.000	0.000	0.000	0.000	0.000	0.000	1.000	0.000	0.161	1.305	3.719	14527.913	-376.800	93.216	0.000	0.100	0.100	744.446	376.800	0.000	0.000	4.363	0.000	0.000	0.000	1.000	147.400	14.000	-129.400	-119.700	29.500	-137.000	-73.700	0.000	0.000	0.000
3738962033.365	159.482	170.491	169.324	0.000	162.690	295.126	0.000	286.127	0.000	155.000	163.000	0.000	0.000	0.000	0.000	0.000	0.000	0.000	1.000	0.000	0.161	1.305	3.719	14243.963	-376.800	93.495	0.000	0.100	0.100	742.100	376.800	0.000	0.000	3.849	0.000	0.000	0.000	1.000	186.900	12.800	-129.400	-120.600	28.900	-137.000	-72.300	0.000	0.000	0.000
3738962043.364	159.450	170.476	169.302	0.000	162.690	295.133	0.000	286.127	0.000	155.000	163.000	0.000	0.000	0.000	0.000	0.000	0.000	0.000	1.000	0.000	-0.142	-1.266	3.719	14527.913	-376.800	92.522	0.000	0.100	0.100	742.882	376.800	0.000	0.000	3.849	0.000	0.000	0.000	1.000	177.400	10.800	-128.300	-120.200	28.400	-139.300	-70.200	0.000	0.000	0.000
3738962053.364	159.438	170.479	169.308	0.000	162.748	295.123	0.000	286.136	0.000	155.000	163.000	0.000	0.000	0.000	0.000	0.000	0.000	0.000	1.000	0.000	0.464	1.305	3.719	13965.563	-376.800	94.052	0.000	0.100	0.100	747.573	376.800	0.000	0.000	2.821	0.000	0.000	0.000	1.000	155.700	9.600	-126.900	-120.000	27.800	-141.800	-68.000	0.000	0.000	0.000
3738962063.364	159.461	170.457	169.280	0.000	162.844	295.117	0.000	286.130	0.000	155.000	163.000	0.000	0.000	0.000	0.000	0.000	0.000	0.000	1.000	0.000	-0.142	-1.266	1.149	14243.963	-376.800	93.171	0.000	0.100	0.100	743.664	376.800	0.000	0.000	2.821	0.000	0.000	0.000	1.000	152.500	9.600	-125.300	-119.500	27.800	-143.200	-67.300	0.000	0.000	0.000
3738962073.364	159.501	170.447	169.258	0.000	163.004	295.121	0.000	286.137	0.000	155.000	163.000	0.000	0.000	0.000	0.000	0.000	0.000	0.000	1.000	0.000	0.464	3.876	3.719	14243.963	-376.800	93.588	0.000	0.100	0.100	746.010	376.800	0.000	0.000	2.307	0.000	0.000	0.000	1.000	187.600	7.700	-123.100	-118.900	27.800	-144.200	-66.600	0.000	0.000	0.000
3738962083.364	159.520	170.416	169.232	0.000	163.134	295.115	0.000	286.115	0.000	155.000	163.000	0.000	0.000	0.000	0.000	0.000	0.000	0.000	1.000	0.000	0.464	3.876	1.149	14243.963	-376.800	93.079	0.000	0.100	0.100	742.100	376.800	0.000	0.000	1.278	0.000	0.000	0.000	1.000	179.900	8.300	-121.400	-118.200	27.300	-145.000	-66.200	0.000	0.000	0.000
3738962093.364	159.571	170.419	169.225	0.000	163.306	295.128	0.000	286.119	0.000	155.000	163.000	0.000	0.000	0.000	0.000	0.000	0.000	1.000	1.000	0.000	-0.142	1.305	3.719	14243.963	-376.800	92.244	0.000	0.100	0.100	740.537	376.800	0.000	0.000	5.906	0.000	0.000	0.000	1.000	157.600	8.300	-119.700	-117.700	27.300	-146.000	-65.800	0.000	0.000	0.000
3738962103.364	159.774	170.400	169.217	0.000	163.458	295.127	0.000	286.135	0.000	155.000	163.000	0.000	0.000	0.000	0.000	0.000	0.000	1.000	1.000	0.000	0.161	3.876	3.719	13965.563	-376.800	92.754	0.000	0.100	0.100	749.137	376.800	0.000	0.000	10.534	0.000	0.000	0.000	1.000	179.900	12.800	-126.900	-118.200	27.300	-145.700	-72.300	0.000	0.000	0.000
3738962113.365	159.902	170.383	169.175	0.000	163.446	295.113	0.000	286.100	0.000	155.000	163.000	0.000	0.000	0.000	0.000	0.000	0.000	1.000	1.000	0.000	-0.142	-1.266	3.719	13965.563	-376.800	93.216	0.000	0.100	0.100	748.356	376.800	0.000	0.000	11.562	0.000	0.000	0.000	1.000	142.900	14.700	-133.000	-119.700	29.500	-143.200	-77.900	0.000	0.000	0.000
3738962123.364	159.949	170.361	169.164	0.000	163.365	295.121	0.000	286.113	0.000	155.000	163.000	0.000	0.000	0.000	0.000	0.000	0.000	1.000	1.000	0.000	-0.142	1.305	1.149	14527.913	-376.800	93.401	0.000	0.100	0.100	746.010	376.800	0.000	0.000	10.534	0.000	0.000	0.000	1.000	144.200	12.800	-133.000	-120.200	30.000	-140.800	-77.200	0.000	0.000	0.000
3738962133.364	159.919	170.355	169.155	0.000	163.195	295.120	0.000	286.123	0.000	155.000	163.000	0.000	0.000	0.000	0.000	0.000	0.000	1.000	1.000	0.000	-0.142	-1.266	6.290	14527.913	-376.800	92.798	0.000	0.100	0.100	745.228	376.800	0.000	0.000	10.020	0.000	0.000	0.000	1.000	155.700	12.800	-132.000	-120.200	28.900	-138.700	-75.800	0.000	0.000	0.000
3738962143.364	159.816	170.332	169.149	0.000	163.014	295.112	0.000	286.130	0.000	155.000	163.000	0.000	0.000	0.000	0.000	0.000	0.000	1.000	1.000	0.000	-0.142	3.876	3.719	14527.913	-376.800	93.355	0.000	0.100	0.100	738.190	376.800	0.000	0.000	9.505	0.000	0.000	0.000	1.000	167.200	16.000	-130.100	-119.500	28.400	-137.900	-74.000	0.000	0.000	0.000
3738962153.364	159.716	170.352	169.162	0.000	162.881	295.120	0.000	286.121	0.000	155.000	163.000	0.000	0.000	0.000	0.000	0.000	0.000	0.000	1.000	0.000	0.161	-1.266	3.719	14527.913	-376.800	93.123	0.000	0.100	0.100	742.882	376.800	0.000	0.000	8.477	0.000	0.000	0.000	1.000	170.300	14.000	-129.900	-119.700	28.900	-137.200	-73.000	0.000	0.000	0.000
3738962163.366	159.547	170.302	169.103	0.000	162.703	295.112	0.000	286.109	0.000	155.000	163.000	0.000	0.000	0.000	0.000	0.000	0.000	0.000	1.000	0.000	-0.142	3.876	3.719	14243.963	-376.800	93.170	0.000	0.100	0.100	748.356	376.800	0.000	0.000	8.477	0.000	0.000	0.000	1.000	188.200	12.800	-129.600	-120.200	28.400	-137.200	-71.600	0.000	0.000	0.000
3738962173.364	159.491	170.283	169.079	0.000	162.657	295.105	0.000	286.103	0.000	155.000	163.000	0.000	0.000	0.000	0.000	0.000	0.000	0.000	1.000	0.000	-0.142	3.876	3.719	14243.963	-376.800	93.588	0.000	0.100	0.100	747.574	376.800	0.000	0.000	7.449	0.000	0.000	0.000	1.000	156.900	10.200	-128.500	-120.000	28.400	-139.500	-69.400	0.000	0.000	0.000
3738962183.365	159.496	170.290	169.084	0.000	162.756	295.099	0.000	286.130	0.000	155.000	163.000	0.000	0.000	0.000	0.000	0.000	0.000	0.000	1.000	0.000	0.464	1.305	1.149	14527.913	-376.800	93.588	0.000	0.100	0.100	746.792	376.800	0.000	0.000	7.449	0.000	0.000	0.000	1.000	158.200	10.200	-126.900	-119.700	27.300	-141.800	-67.600	0.000	0.000	0.000
3738962193.365	159.520	170.281	169.078	0.000	162.865	295.093	0.000	286.116	0.000	155.000	163.000	0.000	0.000	0.000	0.000	0.000	0.000	0.000	1.000	0.000	-0.445	1.305	3.719	14243.963	-376.800	93.449	0.000	0.100	0.100	742.100	376.800	0.000	0.000	6.934	0.000	0.000	0.000	1.000	162.700	10.200	-125.000	-119.100	27.300	-143.200	-66.900	0.000	0.000	0.000
3738962203.364	159.555	170.258	169.058	0.000	162.986	295.093	0.000	286.126	0.000	155.000	163.000	0.000	0.000	0.000	0.000	0.000	0.000	0.000	1.000	0.000	0.464	-1.266	6.290	14243.963	-376.800	93.078	0.000	0.100	0.100	749.920	376.800	0.000	0.000	6.934	0.000	0.000	0.000	1.000	192.700	9.600	-123.300	-118.600	27.300	-144.200	-66.600	0.000	0.000	0.000
3738962213.364	159.614	170.256	169.058	0.000	163.146	295.078	0.000	286.111	0.000	155.000	163.000	0.000	0.000	0.000	0.000	0.000	0.000	0.000	1.000	0.000	0.464	-1.266	6.290	14817.524	-376.800	92.615	0.000	0.100	0.100	744.447	376.800	0.000	0.000	6.420	0.000	0.000	0.000	1.000	182.500	7.000	-120.600	-118.000	27.800	-145.200	-65.800	0.000	0.000	0.000
3738962223.365	159.647	170.234	169.025	0.000	163.317	295.086	0.000	286.112	0.000	155.000	163.000	0.000	0.000	0.000	0.000	0.000	0.000	1.000	1.000	0.000	0.161	3.876	6.290	14243.963	-376.800	93.078	0.000	0.100	0.100	742.882	376.800	0.000	0.000	5.906	0.000	0.000	0.000	1.000	175.500	12.100	-118.900	-117.500	27.300	-146.000	-65.100	0.000	0.000	0.000
3738962233.365	159.861	170.224	169.029	0.000	163.451	295.075	0.000	286.127	0.000	155.000	163.000	0.000	0.000	0.000	0.000	0.000	0.000	1.000	1.000	0.000	-0.142	-1.266	1.149	14817.524	-376.800	93.588	0.000	0.100	0.100	742.882	376.800	0.000	0.000	5.392	0.000	0.000	0.000	1.000	167.800	17.200	-127.500	-118.200	28.400	-145.700	-73.000	0.000	0.000	0.000
3738962243.365	159.995	170.218	169.009	0.000	163.437	295.088	0.000	286.127	0.000	155.000	163.000	0.000	0.000	0.000	0.000	0.000	0.000	1.000	1.000	0.000	0.464	1.305	3.719	14527.913	-376.800	92.661	0.000	0.100	0.100	754.611	376.800	0.000	0.000	4.878	0.000	0.000	0.000	1.000	171.600	17.200	-132.800	-119.700	28.400	-143.200	-77.200	0.000	0.000	0.000
3738962253.364	160.032	170.210	169.008	0.000	163.324	295.091	0.000	286.115	0.000	155.000	163.000	0.000	0.000	0.000	0.000	0.000	0.000	1.000	1.000	0.000	-0.142	1.305	3.719	14817.524	-376.800	92.893	0.000	0.100	0.100	749.138	376.800	0.000	0.000	4.878	0.000	0.000	0.000	1.000	184.400	14.700	-133.000	-120.200	29.500	-140.200	-76.600	0.000	0.000	0.000
3738962263.366	159.976	170.200	168.980	0.000	163.173	295.089	0.000	286.107	0.000	155.000	163.000	0.000	0.000	0.000	0.000	0.000	0.000	1.000	1.000	0.000	0.161	-1.266	3.719	14817.524	-376.800	92.521	0.000	0.100	0.100	746.010	376.800	0.000	0.000	3.849	0.000	0.000	0.000	1.000	178.000	14.700	-131.700	-120.600	28.400	-138.700	-75.100	0.000	0.000	0.000
3738962273.364	159.889	170.208	168.977	0.000	163.020	295.094	0.000	286.116	0.000	155.000	163.000	0.000	0.000	0.000	0.000	0.000	0.000	1.000	1.000	0.000	-0.142	1.305	3.719	14243.963	-376.800	92.985	0.000	0.100	0.100	741.319	376.800	0.000	0.000	4.363	0.000	0.000	0.000	1.000	157.600	15.300	-130.400	-119.700	28.900	-137.900	-73.700	0.000	0.000	0.000
3738962283.364	159.767	170.206	168.980	0.000	162.853	295.093	0.000	286.111	0.000	155.000	163.000	0.000	0.000	0.000	0.000	0.000	0.000	0.000	1.000	0.000	-0.142	3.876	3.719	14527.913	-376.800	93.773	0.000	0.100	0.100	743.664	376.800	0.000	0.000	3.849	0.000	0.000	0.000	1.000	162.100	12.800	-129.900	-119.500	29.500	-137.200	-73.000	0.000	0.000	0.000
3738962293.365	159.628	170.194	168.952	0.000	162.701	295.091	0.000	286.130	0.000	155.000	163.000	0.000	0.000	0.000	0.000	0.000	0.000	0.000	1.000	0.000	0.161	6.446	1.149	14243.963	-376.800	93.727	0.000	0.100	0.100	739.754	376.800	0.000	0.000	2.821	0.000	0.000	0.000	1.000	182.500	12.800	-129.600	-120.000	28.400	-137.200	-71.600	0.000	0.000	0.000
3738962303.364	159.569	170.163	168.943	0.000	162.628	295.083	0.000	286.104	0.000	155.000	163.000	0.000	0.000	0.000	0.000	0.000	0.000	0.000	1.000	0.000	0.161	3.876	1.149	14527.913	-376.800	94.144	0.000	0.100	0.100	752.265	376.800	0.000	0.000	2.821	0.000	0.000	0.000	1.000	186.900	10.200	-128.300	-120.000	27.800	-139.500	-69.400	0.000	0.000	0.000
3738962313.364	159.578	170.162	168.942	0.000	162.720	295.080	0.000	286.107	0.000	155.000	163.000	0.000	0.000	0.000	0.000	0.000	0.000	0.000	1.000	0.000	0.161	1.305	1.149	14527.913	-376.800	92.939	0.000	0.100	0.100	738.973	376.800	0.000	0.000	1.792	0.000	0.000	0.000	1.000	187.600	10.200	-126.900	-119.700	27.300	-141.800	-67.600	0.000	0.000	0.000
3738962323.366	159.617	170.166	168.926	0.000	162.838	295.078	0.000	286.102	0.000	155.000	163.000	0.000	0.000	0.000	0.000	0.000	0.000	0.000	1.000	0.000	0.161	3.876	3.719	14527.913	-376.800	93.541	0.000	0.100	0.100	741.319	376.800	0.000	0.000	1.792	0.000	0.000	0.000	1.000	167.200	10.200	-125.300	-118.900	27.800	-143.600	-66.900	0.000	0.000	0.000
3738962333.364	159.657	170.157	168.923	0.000	162.991	295.081	0.000	286.096	0.000	155.000	163.000	0.000	0.000	0.000	0.000	0.000	0.000	0.000	1.000	0.000	0.161	1.305	3.719	13965.563	-376.800	92.985	0.000	0.100	0.100	734.282	376.800	0.000	0.000	2.307	0.000	0.000	0.000	1.000	147.400	10.200	-123.100	-118.600	27.300	-144.500	-66.600	0.000	0.000	0.000
3738962343.366	159.704	170.158	168.904	0.000	163.156	295.087	0.000	286.107	0.000	155.000	163.000	0.000	0.000	0.000	0.000	0.000	0.000	0.000	1.000	0.000	0.161	1.305	3.719	14243.963	-376.800	93.680	0.000	0.100	0.100	747.573	376.800	0.000	0.000	11.048	0.000	0.000	0.000	1.000	187.600	10.200	-120.600	-118.000	27.300	-145.200	-65.800	0.000	0.000	0.000
3738962353.365	159.736	170.124	168.876	0.000	163.281	295.075	0.000	286.086	0.000	155.000	163.000	0.000	0.000	0.000	0.000	0.000	0.000	1.000	1.000	0.000	0.161	3.876	3.719	14817.524	-376.800	92.337	0.000	0.100	0.100	748.356	376.800	0.000	0.000	10.534	0.000	0.000	0.000	1.000	182.500	9.600	-118.900	-117.500	27.300	-146.000	-65.400	0.000	0.000	0.000
3738962363.365	159.932	170.124	168.868	0.000	163.420	295.071	0.000	286.088	0.000	155.000	163.000	0.000	0.000	0.000	0.000	0.000	0.000	1.000	1.000	0.000	0.161	3.876	1.149	14527.913	-376.800	93.681	0.000	0.100	0.100	748.356	376.800	0.000	0.000	10.020	0.000	0.000	0.000	1.000	172.900	16.600	-126.900	-118.200	27.300	-146.000	-73.000	0.000	0.000	0.000
3738962373.364	160.055	170.102	168.854	0.000	163.384	295.069	0.000	286.075	0.000	155.000	163.000	0.000	0.000	0.000	0.000	0.000	0.000	1.000	1.000	0.000	-0.142	3.876	1.149	14243.963	-376.800	93.310	0.000	0.100	0.100	747.574	376.800	0.000	0.000	10.020	0.000	0.000	0.000	1.000	170.300	16.000	-133.000	-120.000	28.400	-143.600	-77.900	0.000	0.000	0.000
3738962383.364	160.071	170.113	168.854	0.000	163.285	295.063	0.000	286.071	0.000	155.000	163.000	0.000	0.000	0.000	0.000	0.000	0.000	1.000	1.000	0.000	0.464	-1.266	6.290	14243.963	-376.800	92.985	0.000	0.100	0.100	746.792	376.800	0.000	0.000	9.505	0.000	0.000	0.000	1.000	164.600	13.400	-133.900	-120.200	28.900	-140.500	-77.200	0.000	0.000	0.000
3738962393.365	160.015	170.097	168.848	0.000	163.153	295.080	0.000	286.072	0.000	155.000	163.000	0.000	0.000	0.000	0.000	0.000	0.000	1.000	1.000	0.000	0.161	1.305	6.290	13965.563	-376.800	93.356	0.000	0.100	0.100	748.356	376.800	0.000	0.000	9.505	0.000	0.000	0.000	1.000	186.300	15.300	-132.000	-120.600	28.400	-138.900	-75.800	0.000	0.000	0.000
3738962403.364	159.936	170.101	168.844	0.000	162.994	295.076	0.000	286.071	0.000	155.000	163.000	0.000	0.000	0.000	0.000	0.000	0.000	0.000	1.000	0.000	0.464	3.876	3.719	14527.913	-376.800	92.522	0.000	0.100	0.100	736.627	376.800	0.000	0.000	8.477	0.000	0.000	0.000	1.000	167.200	12.100	-131.200	-119.700	28.400	-138.300	-74.500	0.000	0.000	0.000
3738962413.365	159.792	170.090	168.830	0.000	162.813	295.086	0.000	286.070	0.000	155.000	163.000	0.000	0.000	0.000	0.000	0.000	0.000	0.000	1.000	0.000	0.464	3.876	3.719	14527.913	-376.800	93.635	0.000	0.100	0.100	745.228	376.800	0.000	0.000	7.963	0.000	0.000	0.000	1.000	167.800	12.100	-130.400	-119.100	28.900	-137.700	-73.000	0.000	0.000	0.000
3738962423.364	159.715	170.059	168.794	0.000	162.754	295.071	0.000	286.076	0.000	155.000	163.000	0.000	0.000	0.000	0.000	0.000	0.000	0.000	1.000	0.000	0.464	3.876	6.290	14243.963	-376.800	92.523	0.000	0.100	0.100	747.574	376.800	0.000	0.000	7.449	0.000	0.000	0.000	1.000	172.900	10.200	-129.400	-118.900	27.800	-139.500	-70.800	0.000	0.000	0.000
3738962433.364	159.724	170.040	168.771	0.000	162.775	295.046	0.000	286.059	0.000	155.000	163.000	0.000	0.000	0.000	0.000	0.000	0.000	0.000	1.000	0.000	0.464	1.305	1.149	14527.913	-376.800	92.940	0.000	0.100	0.100	748.356	376.800	0.000	0.000	6.934	0.000	0.000	0.000	1.000	154.400	9.600	-127.700	-118.600	27.800	-142.000	-69.400	0.000	0.000	0.000
3738962443.364	159.734	170.029	168.768	0.000	162.894	295.047	0.000	286.064	0.000	155.000	163.000	0.000	0.000	0.000	0.000	0.000	0.000	0.000	1.000	0.000	0.161	-1.266	3.719	14527.913	-376.800	93.357	0.000	0.100	0.100	752.265	376.800	0.000	0.000	6.934	0.000	0.000	0.000	1.000	179.900	10.200	-126.100	-118.200	27.300	-143.600	-68.000	0.000	0.000	0.000
3738962453.365	159.789	170.024	168.763	0.000	163.026	295.049	0.000	286.066	0.000	155.000	163.000	0.000	0.000	0.000	0.000	0.000	0.000	0.000	1.000	0.000	0.464	1.305	3.719	14243.963	-376.800	93.681	0.000	0.100	0.100	746.792	376.800	0.000	0.000	6.420	0.000	0.000	0.000	1.000	151.800	10.200	-124.400	-117.700	27.300	-144.500	-67.600	0.000	0.000	0.000
3738962463.364	159.820	170.025	168.755	0.000	163.175	295.040	0.000	286.068	0.000	155.000	163.000	0.000	0.000	0.000	0.000	0.000	0.000	0.000	1.000	0.000	0.161	1.305	1.149	14817.524	-376.800	93.774	0.000	0.100	0.100	747.574	376.800	0.000	0.000	5.906	0.000	0.000	0.000	1.000	193.300	7.700	-122.200	-117.200	27.300	-145.200	-67.300	0.000	0.000	0.000
3738962473.364	159.877	170.008	168.749	0.000	163.341	295.049	0.000	286.066	0.000	155.000	163.000	0.000	0.000	0.000	0.000	0.000	0.000	1.000	1.000	0.000	-0.142	3.876	3.719	14527.913	-376.800	92.986	0.000	0.100	0.100	744.446	376.800	0.000	0.000	5.392	0.000	0.000	0.000	1.000	157.600	10.200	-119.500	-116.600	27.300	-146.200	-66.600	0.000	0.000	0.000
3738962483.364	160.059	169.986	168.730	0.000	163.473	295.051	0.000	286.067	0.000	155.000	163.000	0.000	0.000	0.000	0.000	0.000	0.000	1.000	1.000	0.000	-0.142	-1.266	3.719	14243.963	-376.800	93.496	0.000	0.100	0.100	739.755	376.800	0.000	0.000	5.392	0.000	0.000	0.000	1.000	147.400	12.800	-126.600	-117.200	27.300	-146.000	-75.100	0.000	0.000	0.000
3738962493.365	160.165	169.984	168.717	0.000	163.450	295.049	0.000	286.054	0.000	155.000	163.000	0.000	0.000	0.000	0.000	0.000	0.000	1.000	1.000	0.000	0.161	1.305	3.719	14243.963	-376.800	93.032	0.000	0.100	0.100	747.574	376.800	0.000	0.000	4.878	0.000	0.000	0.000	1.000	157.600	14.000	-132.800	-119.500	28.400	-144.000	-80.600	0.000	0.000	0.000
3738962503.364	160.143	169.949	168.685	0.000	163.322	295.038	0.000	286.049	0.000	155.000	163.000	0.000	0.000	0.000	0.000	0.000	0.000	1.000	1.000	0.000	0.161	3.876	3.719	14527.913	-376.800	93.588	0.000	0.100	0.100	738.191	376.800	0.000	0.000	4.363	0.000	0.000	0.000	1.000	167.800	12.800	-133.900	-120.000	28.900	-140.800	-80.300	0.000	0.000	0.000
3738962513.364	160.093	169.953	168.684	0.000	163.168	295.062	0.000	286.056	0.000	155.000	163.000	0.000	0.000	0.000	0.000	0.000	0.000	1.000	1.000	0.000	0.766	1.305	3.719	14243.963	-376.800	93.357	0.000	0.100	0.100	748.355	376.800	0.000	0.000	3.849	0.000	0.000	0.000	1.000	178.000	14.700	-132.200	-120.200	27.800	-139.300	-78.500	0.000	0.000	0.000
3738962523.364	159.969	169.937	168.681	0.000	162.975	295.062	0.000	286.064	0.000	155.000	163.000	0.000	0.000	0.000	0.000	0.000	0.000	0.000	1.000	0.000	0.161	1.305	3.719	14817.524	-376.800	93.403	0.000	0.100	0.100	744.446	376.800	0.000	0.000	3.335	0.000	0.000	0.000	1.000	162.700	16.600	-131.500	-120.000	27.800	-138.300	-77.200	0.000	0.000	0.000
3738962533.365	159.806	169.911	168.637	0.000	162.792	295.054	0.000	286.051	0.000	155.000	163.000	0.000	0.000	0.000	0.000	0.000	0.000	0.000	1.000	0.000	0.161	1.305	6.290	14243.963	-376.800	92.986	0.000	0.100	0.100	746.010	376.800	0.000	0.000	3.849	0.000	0.000	0.000	1.000	160.800	12.800	-130.400	-119.100	27.800	-137.900	-75.100	0.000	0.000	0.000
3738962543.364	159.730	169.883	168.614	0.000	162.716	295.057	0.000	286.058	0.000	155.000	163.000	0.000	0.000	0.000	0.000	0.000	0.000	0.000	1.000	0.000	0.161	3.876	6.290	14243.963	-376.800	93.311	0.000	0.100	0.100	742.882	376.800	0.000	0.000	2.821	0.000	0.000	0.000	1.000	187.600	9.600	-129.400	-118.600	27.300	-139.700	-72.300	0.000	0.000	0.000
3738962553.365	159.725	169.862	168.598	0.000	162.769	295.063	0.000	286.054	0.000	155.000	163.000	0.000	0.000	0.000	0.000	0.000	0.000	0.000	1.000	0.000	0.161	1.305	3.719	14243.963	-376.800	92.708	0.000	0.100	0.100	746.010	376.800	0.000	0.000	2.307	0.000	0.000	0.000	1.000	195.200	10.200	-127.700	-118.200	26.300	-142.000	-71.300	0.000	0.000	0.000
3738962563.364	159.770	169.862	168.598	0.000	162.880	295.052	0.000	286.054	0.000	155.000	163.000	0.000	0.000	0.000	0.000	0.000	0.000	0.000	1.000	0.000	-0.142	3.876	1.149	14527.913	-376.800	93.171	0.000	0.100	0.100	751.483	376.800	0.000	0.000	2.307	0.000	0.000	0.000	1.000	160.100	9.600	-126.100	-118.000	25.700	-143.800	-70.200	0.000	0.000	0.000
3738962573.365	159.798	169.840	168.577	0.000	163.010	295.060	0.000	286.052	0.000	155.000	163.000	0.000	0.000	0.000	0.000	0.000	0.000	0.000	1.000	0.000	0.766	3.876	6.290	14527.913	-376.800	92.938	0.000	0.100	0.100	743.664	376.800	0.000	0.000	1.278	0.000	0.000	0.000	1.000	176.700	10.200	-124.400	-117.500	25.700	-144.800	-69.100	0.000	0.000	0.000
3738962583.364	159.837	169.845	168.573	0.000	163.160	295.055	0.000	286.046	0.000	155.000	163.000	0.000	0.000	0.000	0.000	0.000	0.000	0.000	1.000	0.000	0.161	-1.266	1.149	14527.913	-376.800	92.706	0.000	0.100	0.100	746.792	376.800	0.000	0.000	8.477	0.000	0.000	0.000	1.000	167.800	9.600	-122.500	-116.800	26.300	-145.500	-68.700	0.000	0.000	0.000
3738962593.364	159.891	169.846	168.566	0.000	163.278	295.055	0.000	286.039	0.000	155.000	163.000	0.000	0.000	0.000	0.000	0.000	0.000	1.000	1.000	0.000	0.464	1.305	1.149	14243.963	-376.800	93.264	0.000	0.100	0.100	746.792	376.800	0.000	0.000	11.048	0.000	0.000	0.000	1.000	185.700	7.700	-120.600	-116.300	25.700	-146.400	-67.300	0.000	0.000	0.000
3738962603.365	160.055	169.822	168.545	0.000	163.401	295.048	0.000	286.023	0.000	155.000	163.000	0.000	0.000	0.000	0.000	0.000	0.000	1.000	1.000	0.000	0.464	1.305	6.290	14527.913	-376.800	93.171	0.000	0.100	0.100	741.318	376.800	0.000	0.000	7.963	0.000	0.000	0.000	1.000	155.700	12.800	-127.200	-116.800	25.700	-146.000	-73.700	0.000	0.000	0.000
3738962613.365	160.161	169.810	168.526	0.000	163.378	295.056	0.000	286.027	0.000	155.000	163.000	0.000	0.000	0.000	0.000	0.000	0.000	1.000	1.000	0.000	-0.445	1.305	8.861	14527.913	-376.800	93.263	0.000	0.100	0.100	753.047	376.800	0.000	0.000	10.020	0.000	0.000	0.000	1.000	167.200	17.900	-133.000	-119.500	26.300	-144.000	-78.200	0.000	0.000	0.000
3738962623.364	160.176	169.801	168.503	0.000	163.262	295.060	0.000	286.035	0.000	155.000	163.000	0.000	0.000	0.000	0.000	0.000	0.000	1.000	1.000	0.000	-0.142	3.876	3.719	14243.963	-376.800	93.540	0.000	0.100	0.100	749.137	376.800	0.000	0.000	7.449	0.000	0.000	0.000	1.000	167.200	13.400	-134.100	-120.200	27.300	-141.000	-77.900	0.000	0.000	0.000
3738962633.366	160.084	169.772	168.487	0.000	163.066	295.060	0.000	286.016	0.000	155.000	163.000	0.000	0.000	0.000	0.000	0.000	0.000	1.000	1.000	0.000	-0.142	3.876	3.719	14243.963	-376.800	92.937	0.000	0.100	0.100	747.574	376.800	0.000	0.000	9.505	0.000	0.000	0.000	1.000	167.200	12.100	-132.000	-120.000	27.300	-139.300	-76.600	0.000	0.000	0.000
3738962643.365	159.955	169.776	168.476	0.000	162.903	295.060	0.000	286.014	0.000	155.000	163.000	0.000	0.000	0.000	0.000	0.000	0.000	0.000	1.000	0.000	0.161	1.305	1.149	14527.913	-376.800	92.845	0.000	0.100	0.100	752.265	376.800	0.000	0.000	8.991	0.000	0.000	0.000	1.000	164.600	12.800	-131.500	-120.000	27.300	-138.500	-75.100	0.000	0.000	0.000
3738962653.364	159.802	169.762	168.467	0.000	162.720	295.062	0.000	286.013	0.000	155.000	163.000	0.000	0.000	0.000	0.000	0.000	0.000	0.000	1.000	0.000	0.161	1.305	1.149	14243.963	-376.800	93.633	0.000	0.100	0.100	743.664	376.800	0.000	0.000	7.963	0.000	0.000	0.000	1.000	155.700	11.500	-130.700	-119.100	26.300	-138.300	-73.700	0.000	0.000	0.000
3738962663.366	159.736	169.734	168.441	0.000	162.640	295.051	0.000	286.027	0.000	155.000	163.000	0.000	0.000	0.000	0.000	0.000	0.000	0.000	1.000	0.000	0.161	3.876	6.290	14243.963	-376.800	92.985	0.000	0.100	0.100	743.664	376.800	0.000	0.000	4.878	0.000	0.000	0.000	1.000	167.800	10.200	-129.600	-118.600	25.700	-140.000	-71.600	0.000	0.000	0.000
3738962673.364	159.750	169.760	168.449	0.000	162.701	295.055	0.000	285.771	0.000	155.000	163.000	0.000	0.000	0.000	0.000	0.000	0.000	0.000	1.000	0.000	-0.142	1.305	1.149	14527.913	-376.800	93.866	0.000	0.100	0.100	747.573	376.800	0.000	0.000	4.363	0.000	0.000	0.000	1.000	181.800	9.600	-128.300	-118.200	25.200	-142.200	-69.400	0.000	0.000	0.000
3738962683.364	159.814	169.756	168.473	0.000	162.814	295.078	0.000	285.909	0.000	155.000	163.000	0.000	0.000	0.000	0.000	0.000	0.000	0.000	1.000	0.000	-0.142	1.305	6.290	14243.963	-376.800	93.311	0.000	0.100	0.100	746.792	376.800	0.000	0.000	6.420	0.000	0.000	0.000	1.000	157.600	10.200	-126.400	-118.000	25.200	-143.800	-68.700	0.000	0.000	0.000
3738962693.366	159.843	169.762	168.457	0.000	162.934	295.074	0.000	285.942	0.000	155.000	163.000	0.000	0.000	0.000	0.000	0.000	0.000	0.000	1.000	0.000	0.161	1.305	3.719	14243.963	-376.800	93.727	0.000	0.100	0.100	743.664	376.800	0.000	0.000	6.420	0.000	0.000	0.000	1.000	178.000	8.900	-124.700	-117.500	25.200	-144.800	-68.000	0.000	0.000	0.000
3738962703.364	159.873	169.753	168.436	0.000	163.078	295.068	0.000	285.964	0.000	155.000	163.000	0.000	0.000	0.000	0.000	0.000	0.000	0.000	1.000	0.000	-0.142	3.876	3.719	14243.963	-376.800	93.633	0.000	0.100	0.100	746.792	376.800	0.000	0.000	6.420	0.000	0.000	0.000	1.000	151.800	10.200	-122.500	-116.800	25.200	-145.700	-67.300	0.000	0.000	0.000
3738962713.364	159.920	169.736	168.436	0.000	163.211	295.075	0.000	285.972	0.000	155.000	163.000	0.000	0.000	0.000	0.000	0.000	0.000	0.000	1.000	0.000	0.161	3.876	3.719	14243.963	-376.800	93.262	0.000	0.100	0.100	746.792	376.800	0.000	0.000	3.335	0.000	0.000	0.000	1.000	146.700	10.200	-119.700	-116.300	24.600	-146.700	-66.600	0.000	0.000	0.000
3738962723.364	159.966	169.716	168.408	0.000	163.350	295.068	0.000	285.978	0.000	155.000	163.000	0.000	0.000	0.000	0.000	0.000	0.000	1.000	1.000	0.000	0.464	1.305	6.290	14527.913	-376.800	93.124	0.000	0.100	0.100	745.228	376.800	0.000	0.000	4.878	0.000	0.000	0.000	1.000	170.300	7.000	-118.000	-115.700	25.200	-147.200	-66.200	0.000	0.000	0.000
3738962733.364	160.131	169.675	168.373	0.000	163.469	295.056	0.000	285.988	0.000	155.000	163.000	0.000	0.000	0.000	0.000	0.000	0.000	1.000	1.000	0.000	-0.142	1.305	6.290	14527.913	-376.800	93.217	0.000	0.100	0.100	750.701	376.800	0.000	0.000	2.307	0.000	0.000	0.000	1.000	157.600	16.600	-125.300	-116.300	24.600	-147.000	-73.000	0.000	0.000	0.000
3738962743.365	160.253	169.676	168.361	0.000	163.430	295.055	0.000	285.990	0.000	155.000	163.000	0.000	0.000	0.000	0.000	0.000	0.000	1.000	1.000	0.000	0.161	3.876	3.719	14243.963	-376.800	93.449	0.000	0.100	0.100	742.882	376.800	0.000	0.000	2.307	0.000	0.000	0.000	1.000	181.200	17.900	-132.800	-119.100	25.700	-144.500	-77.200	0.000	0.000	0.000
3738962753.365	160.294	169.666	168.356	0.000	163.319	295.061	0.000	286.000	0.000	155.000	163.000	0.000	0.000	0.000	0.000	0.000	0.000	1.000	1.000	0.000	0.464	3.876	3.719	14527.913	-376.800	93.403	0.000	0.100	0.100	747.574	376.800	0.000	0.000	2.821	0.000	0.000	0.000	1.000	170.300	12.800	-134.600	-120.000	26.300	-141.500	-77.200	0.000	0.000	0.000
3738962763.365	160.191	169.648	168.330	0.000	163.131	295.072	0.000	285.995	0.000	155.000	163.000	0.000	0.000	0.000	0.000	0.000	0.000	1.000	1.000	0.000	-0.142	3.876	8.861	14527.913	-376.800	93.171	0.000	0.100	0.100	740.536	376.800	0.000	0.000	11.048	0.000	0.000	0.000	1.000	155.000	13.400	-132.800	-119.500	27.300	-139.700	-75.800	0.000	0.000	0.000
3738962773.365	160.056	169.638	168.304	0.000	162.933	295.061	0.000	285.989	0.000	155.000	163.000	0.000	0.000	0.000	0.000	0.000	0.000	0.000	1.000	0.000	0.161	-1.266	1.149	14243.963	-376.800	92.754	0.000	0.100	0.100	741.318	376.800	0.000	0.000	11.048	0.000	0.000	0.000	1.000	171.600	12.800	-131.700	-120.000	26.300	-138.700	-74.800	0.000	0.000	0.000
3738962783.364	159.892	169.617	168.305	0.000	162.743	295.057	0.000	286.000	0.000	155.000	163.000	0.000	0.000	0.000	0.000	0.000	0.000	0.000	1.000	0.000	0.464	3.876	3.719	14243.963	-376.800	93.681	0.000	0.100	0.100	737.409	376.800	0.000	0.000	10.534	0.000	0.000	0.000	1.000	151.200	12.800	-130.900	-119.100	25.700	-138.700	-73.000	0.000	0.000	0.000
3738962793.364	159.836	169.605	168.282	0.000	162.673	295.055	0.000	285.987	0.000	155.000	163.000	0.000	0.000	0.000	0.000	0.000	0.000	0.000	1.000	0.000	-0.142	1.305	3.719	14243.963	-376.800	92.939	0.000	0.100	0.100	745.228	376.800	0.000	0.000	9.505	0.000	0.000	0.000	1.000	192.000	10.800	-129.900	-118.600	25.200	-140.500	-70.800	0.000	0.000	0.000
3738962803.364	159.838	169.614	168.276	0.000	162.722	295.075	0.000	286.008	0.000	155.000	163.000	0.000	0.000	0.000	0.000	0.000	0.000	0.000	1.000	0.000	0.161	1.305	6.290	14527.913	-376.800	93.774	0.000	0.100	0.100	742.100	376.800	0.000	0.000	8.991	0.000	0.000	0.000	1.000	148.000	9.600	-128.300	-118.200	24.600	-142.800	-69.400	0.000	0.000	0.000
3738962813.365	159.826	169.580	168.245	0.000	162.795	295.054	0.000	286.000	0.000	155.000	163.000	0.000	0.000	0.000	0.000	0.000	0.000	0.000	1.000	0.000	-0.142	1.305	6.290	13965.563	-376.800	93.866	0.000	0.100	0.100	747.574	376.800	0.000	0.000	8.477	0.000	0.000	0.000	1.000	176.700	9.600	-126.600	-117.700	24.600	-144.200	-68.000	0.000	0.000	0.000
3738962823.366	159.868	169.575	168.250	0.000	162.914	295.062	0.000	285.990	0.000	155.000	163.000	0.000	0.000	0.000	0.000	0.000	0.000	0.000	1.000	0.000	0.161	-1.266	3.719	14243.963	-376.800	93.448	0.000	0.100	0.100	748.356	376.800	0.000	0.000	8.477	0.000	0.000	0.000	1.000	167.800	7.000	-124.400	-117.500	24.600	-145.200	-67.300	0.000	0.000	0.000
3738962833.364	159.921	169.580	168.253	0.000	163.077	295.066	0.000	286.004	0.000	155.000	163.000	0.000	0.000	0.000	0.000	0.000	0.000	0.000	1.000	0.000	0.161	1.305	3.719	13965.563	-376.800	92.845	0.000	0.100	0.100	742.101	376.800	0.000	0.000	7.963	0.000	0.000	0.000	1.000	174.200	7.700	-122.500	-116.600	24.600	-146.000	-66.900	0.000	0.000	0.000
3738962843.365	159.957	169.573	168.230	0.000	163.216	295.058	0.000	285.998	0.000	155.000	163.000	0.000	0.000	0.000	0.000	0.000	0.000	0.000	1.000	0.000	-0.142	1.305	3.719	13965.563	-376.800	93.170	0.000	0.100	0.100	743.664	376.800	0.000	0.000	6.934	0.000	0.000	0.000	1.000	171.600	9.600	-120.000	-116.100	24.600	-147.000	-66.600	0.000	0.000	0.000
3738962853.365	159.999	169.533	168.218	0.000	163.336	295.058	0.000	285.996	0.000	155.000	163.000	0.000	0.000	0.000	0.000	0.000	0.000	1.000	1.000	0.000	0.161	1.305	3.719	14243.963	-376.800	92.893	0.000	0.100	0.100	737.409	376.800	0.000	0.000	6.934	0.000	0.000	0.000	1.000	153.800	9.600	-117.700	-115.400	24.600	-147.400	-65.800	0.000	0.000	0.000
3738962863.364	160.190	169.534	168.201	0.000	163.457	295.056	0.000	286.006	0.000	155.000	163.000	0.000	0.000	0.000	0.000	0.000	0.000	1.000	1.000	0.000	0.464	1.305	6.290	13692.604	-376.800	92.985	0.000	0.100	0.100	742.101	376.800	0.000	0.000	7.449	0.000	0.000	0.000	1.000	152.500	12.100	-124.400	-116.300	25.200	-147.200	-73.700	0.000	0.000	0.000
3738962873.365	160.301	169.500	168.168	0.000	163.412	295.064	0.000	285.992	0.000	155.000	163.000	0.000	0.000	0.000	0.000	0.000	0.000	1.000	1.000	0.000	-0.142	3.876	3.719	13965.563	-376.800	92.938	0.000	0.100	0.100	753.047	376.800	0.000	0.000	6.934	0.000	0.000	0.000	1.000	152.500	17.200	-132.600	-118.600	25.700	-144.800	-79.300	0.000	0.000	0.000
3738962883.365	160.330	169.496	168.177	0.000	163.291	295.068	0.000	286.001	0.000	155.000	163.000	0.000	0.000	0.000	0.000	0.000	0.000	1.000	1.000	0.000	-0.142	3.876	6.290	14243.963	-376.800	92.984	0.000	0.100	0.100	730.372	376.800	0.000	0.000	5.906	0.000	0.000	0.000	1.000	156.900	12.800	-134.900	-120.000	26.700	-141.800	-78.500	0.000	0.000	0.000
3738962893.365	160.258	169.505	168.149	0.000	163.152	295.063	0.000	286.009	0.000	155.000	163.000	0.000	0.000	0.000	0.000	0.000	0.000	1.000	1.000	0.000	0.161	1.305	6.290	14243.963	-376.800	93.818	0.000	0.100	0.100	753.829	376.800	0.000	0.000	5.906	0.000	0.000	0.000	1.000	183.100	16.000	-133.000	-119.700	25.700	-140.000	-77.200	0.000	0.000	0.000
3738962903.364	160.121	169.468	168.140	0.000	162.951	295.062	0.000	286.020	0.000	155.000	163.000	0.000	0.000	0.000	0.000	0.000	0.000	0.000	1.000	0.000	0.161	1.305	3.719	14243.963	-376.800	93.216	0.000	0.100	0.100	746.792	376.800	0.000	0.000	4.878	0.000	0.000	0.000	1.000	147.400	13.400	-131.700	-119.700	26.700	-139.300	-75.800	0.000	0.000	0.000
3738962913.364	159.945	169.458	168.112	0.000	162.752	295.058	0.000	286.006	0.000	155.000	163.000	0.000	0.000	0.000	0.000	0.000	0.000	0.000	1.000	0.000	-0.142	3.876	6.290	14527.913	-376.800	93.727	0.000	0.100	0.100	738.191	376.800	0.000	0.000	4.878	0.000	0.000	0.000	1.000	152.500	10.800	-131.200	-119.500	26.300	-138.900	-73.700	0.000	0.000	0.000
3738962923.364	159.895	169.443	168.114	0.000	162.670	295.054	0.000	286.006	0.000	155.000	163.000	0.000	0.000	0.000	0.000	0.000	0.000	0.000	1.000	0.000	0.161	3.876	3.719	14243.963	-376.800	93.820	0.000	0.100	0.100	746.792	376.800	0.000	0.000	4.363	0.000	0.000	0.000	1.000	153.100	9.600	-129.900	-118.900	25.700	-140.800	-71.600	0.000	0.000	0.000
3738962933.364	159.888	169.442	168.105	0.000	162.697	295.054	0.000	285.996	0.000	155.000	163.000	0.000	0.000	0.000	0.000	0.000	0.000	0.000	1.000	0.000	0.161	-1.266	1.149	14243.963	-376.800	93.032	0.000	0.100	0.100	749.137	376.800	0.000	0.000	4.878	0.000	0.000	0.000	1.000	178.000	9.600	-128.800	-118.200	25.200	-143.000	-70.200	0.000	0.000	0.000
3738962943.365	159.908	169.432	168.082	0.000	162.776	295.051	0.000	285.994	0.000	155.000	163.000	0.000	0.000	0.000	0.000	0.000	0.000	0.000	1.000	0.000	0.161	1.305	1.149	14527.913	-376.800	94.005	0.000	0.100	0.100	745.228	376.800	0.000	0.000	3.849	0.000	0.000	0.000	1.000	162.100	9.600	-127.200	-118.000	25.200	-144.500	-68.700	0.000	0.000	0.000
3738962953.365	159.928	169.427	168.075	0.000	162.890	295.056	0.000	285.996	0.000	155.000	163.000	0.000	0.000	0.000	0.000	0.000	0.000	0.000	1.000	0.000	-0.142	1.305	6.290	14527.913	-376.800	93.727	0.000	0.100	0.100	744.446	376.800	0.000	0.000	3.335	0.000	0.000	0.000	1.000	188.200	9.600	-125.300	-117.500	25.200	-145.700	-68.000	0.000	0.000	0.000
3738962963.364	159.971	169.425	168.063	0.000	163.026	295.054	0.000	285.984	0.000	155.000	163.000	0.000	0.000	0.000	0.000	0.000	0.000	0.000	1.000	0.000	-0.142	1.305	1.149	14243.963	-376.800	93.310	0.000	0.100	0.100	742.882	376.800	0.000	0.000	2.821	0.000	0.000	0.000	1.000	189.500	10.200	-123.100	-116.800	25.200	-146.200	-67.300	0.000	0.000	0.000
3738962973.366	159.985	169.387	168.020	0.000	163.156	295.052	0.000	285.986	0.000	155.000	163.000	0.000	0.000	0.000	0.000	0.000	0.000	0.000	1.000	0.000	0.161	3.876	3.719	13965.563	-376.800	93.495	0.000	0.100	0.100	749.137	376.800	0.000	0.000	2.821	0.000	0.000	0.000	1.000	167.800	10.200	-120.600	-116.300	25.200	-147.200	-66.900	0.000	0.000	0.000
3738962983.365	160.032	169.397	168.045	0.000	163.303	295.068	0.000	285.994	0.000	155.000	163.000	0.000	0.000	0.000	0.000	0.000	0.000	1.000	1.000	0.000	0.464	3.876	6.290	14243.963	-376.800	93.308	0.000	0.100	0.100	749.138	376.800	0.000	0.000	1.792	0.000	0.000	0.000	1.000	139.700	10.200	-118.000	-115.400	25.200	-147.700	-66.600	0.000	0.000	0.000
3738962993.364	160.215	169.384	168.031	0.000	163.423	295.058	0.000	285.985	0.000	155.000	163.000	0.000	0.000	0.000	0.000	0.000	0.000	1.000	1.000	0.000	0.766	6.446	1.149	14243.963	-376.800	94.096	0.000	0.100	0.100	743.664	376.800	0.000	0.000	1.792	0.000	0.000	0.000	1.000	179.300	17.900	-125.500	-116.300	25.200	-147.200	-70.800	0.000	0.000	0.000
3738963003.366	160.335	169.374	168.005	0.000	163.388	295.047	0.000	285.983	0.000	155.000	163.000	0.000	0.000	0.000	0.000	0.000	0.000	1.000	1.000	0.000	0.161	3.876	6.290	14527.913	-376.800	93.540	0.000	0.100	0.100	746.010	376.800	0.000	0.000	8.991	0.000	0.000	0.000	1.000	177.400	17.900	-133.500	-118.900	26.300	-144.800	-72.300	0.000	0.000	0.000
3738963013.364	160.419	169.372	168.015	0.000	163.332	295.057	0.000	285.997	0.000	155.000	163.000	0.000	0.000	0.000	0.000	0.000	0.000	1.000	1.000	0.000	0.464	3.876	3.719	14243.963	-376.800	92.381	0.000	0.100	0.100	748.356	376.800	0.000	0.000	10.534	0.000	0.000	0.000	1.000	167.800	15.300	-134.900	-120.000	26.300	-141.800	-72.300	0.000	0.000	0.000
3738963023.364	160.345	169.337	167.987	0.000	163.167	295.044	0.000	285.978	0.000	155.000	163.000	0.000	0.000	0.000	0.000	0.000	0.000	1.000	1.000	0.000	0.464	1.305	3.719	14243.963	-376.800	93.633	0.000	0.100	0.100	754.611	376.800	0.000	0.000	10.534	0.000	0.000	0.000	1.000	183.700	15.300	-133.500	-119.700	26.300	-140.000	-71.600	0.000	0.000	0.000
3738963033.364	160.185	169.352	167.996	0.000	162.969	295.042	0.000	285.980	0.000	155.000	163.000	0.000	0.000	0.000	0.000	0.000	0.000	0.000	1.000	0.000	-0.142	1.305	1.149	14243.963	-376.800	93.540	0.000	0.100	0.100	753.046	376.800	0.000	0.000	10.020	0.000	0.000	0.000	1.000	172.900	12.800	-132.600	-119.100	27.300	-139.300	-70.800	0.000	0.000	0.000
3738963043.364	160.024	169.337	167.978	0.000	162.752	295.053	0.000	285.974	0.000	155.000	163.000	0.000	0.000	0.000	0.000	0.000	0.000	0.000	1.000	0.000	0.161	1.305	1.149	13965.563	-376.800	92.845	0.000	0.100	0.100	736.627	376.800	0.000	0.000	10.020	0.000	0.000	0.000	1.000	167.800	12.800	-131.700	-119.700	26.300	-139.300	-70.200	0.000	0.000	0.000
3738963053.365	159.976	169.347	167.975	0.000	162.677	295.056	0.000	285.988	0.000	155.000	163.000	0.000	0.000	0.000	0.000	0.000	0.000	0.000	1.000	0.000	-0.142	1.305	6.290	14243.963	-376.800	92.892	0.000	0.100	0.100	739.754	376.800	0.000	0.000	8.991	0.000	0.000	0.000	1.000	162.700	8.900	-130.400	-119.500	26.300	-141.000	-67.600	0.000	0.000	0.000
3738963063.364	159.973	169.338	167.983	0.000	162.714	295.062	0.000	285.986	0.000	155.000	163.000	0.000	0.000	0.000	0.000	0.000	0.000	0.000	1.000	0.000	0.161	6.446	1.149	13965.563	-376.800	92.847	0.000	0.100	0.100	742.101	376.800	0.000	0.000	8.991	0.000	0.000	0.000	1.000	190.800	10.200	-128.800	-118.900	25.700	-143.000	-66.600	0.000	0.000	0.000
3738963073.364	160.004	169.345	167.972	0.000	162.810	295.072	0.000	285.987	0.000	155.000	163.000	0.000	0.000	0.000	0.000	0.000	0.000	0.000	1.000	0.000	-0.142	3.876	6.290	14527.913	-376.800	93.913	0.000	0.100	0.100	742.100	376.800	0.000	0.000	7.963	0.000	0.000	0.000	1.000	146.700	9.600	-127.200	-118.200	25.700	-144.800	-65.800	0.000	0.000	0.000
3738963083.365	160.030	169.323	167.975	0.000	162.938	295.056	0.000	285.990	0.000	155.000	163.000	0.000	0.000	0.000	0.000	0.000	0.000	0.000	1.000	0.000	-0.142	1.305	6.290	13965.563	-376.800	93.542	0.000	0.100	0.100	746.791	376.800	0.000	0.000	8.477	0.000	0.000	0.000	1.000	188.800	9.600	-125.300	-117.700	25.700	-145.700	-65.100	0.000	0.000	0.000
3738963093.364	160.033	169.311	167.934	0.000	163.038	295.052	0.000	285.974	0.000	155.000	163.000	0.000	0.000	0.000	0.000	0.000	0.000	0.000	1.000	0.000	0.161	1.305	3.719	14243.963	-376.800	93.496	0.000	0.100	0.100	743.664	376.800	0.000	0.000	7.963	0.000	0.000	0.000	1.000	178.000	10.200	-123.100	-117.200	25.700	-146.700	-64.300	0.000	0.000	0.000
3738963103.365	160.061	169.281	167.919	0.000	163.147	295.059	0.000	285.973	0.000	155.000	163.000	0.000	0.000	0.000	0.000	0.000	0.000	0.000	1.000	0.000	0.161	1.305	1.149	14243.963	-376.800	94.051	0.000	0.100	0.100	751.483	376.800	0.000	0.000	7.449	0.000	0.000	0.000	1.000	187.600	10.800	-120.600	-116.600	25.700	-147.400	-64.300	0.000	0.000	0.000
3738963113.365	160.093	169.276	167.903	0.000	163.292	295.052	0.000	285.986	0.000	155.000	163.000	0.000	0.000	0.000	0.000	0.000	0.000	1.000	1.000	0.000	0.161	1.305	3.719	14243.963	-376.800	93.169	0.000	0.100	0.100	746.792	376.800	0.000	0.000	6.420	0.000	0.000	0.000	1.000	171.000	10.800	-118.000	-116.100	26.300	-148.000	-63.600	0.000	0.000	0.000
3738963123.364	160.275	169.262	167.878	0.000	163.411	295.057	0.000	285.990	0.000	155.000	163.000	0.000	0.000	0.000	0.000	0.000	0.000	1.000	1.000	0.000	0.161	1.305	3.719	13965.563	-376.800	92.659	0.000	0.100	0.100	746.792	376.800	0.000	0.000	6.420	0.000	0.000	0.000	1.000	167.800	15.300	-124.700	-116.300	27.300	-147.400	-71.600	0.000	0.000	0.000
3738963133.365	160.363	169.231	167.869	0.000	163.377	295.051	0.000	285.974	0.000	155.000	163.000	0.000	0.000	0.000	0.000	0.000	0.000	1.000	1.000	0.000	0.161	-1.266	1.149	14243.963	-376.800	92.938	0.000	0.100	0.100	750.701	376.800	0.000	0.000	5.392	0.000	0.000	0.000	1.000	153.100	16.000	-133.500	-118.600	27.300	-145.000	-73.700	0.000	0.000	0.000
3738963143.365	160.470	169.227	167.849	0.000	163.315	295.051	0.000	285.957	0.000	155.000	163.000	0.000	0.000	0.000	0.000	0.000	0.000	1.000	1.000	0.000	0.766	3.876	1.149	14243.963	-376.800	93.355	0.000	0.100	0.100	751.483	376.800	0.000	0.000	5.392	0.000	0.000	0.000	1.000	155.700	13.400	-134.900	-119.700	28.400	-142.000	-73.000	0.000	0.000	0.000
3738963153.364	160.415	169.224	167.849	0.000	163.175	295.039	0.000	285.953	0.000	155.000	163.000	0.000	0.000	0.000	0.000	0.000	0.000	1.000	1.000	0.000	0.161	3.876	6.290	14243.963	-376.800	92.707	0.000	0.100	0.100	742.101	376.800	0.000	0.000	4.878	0.000	0.000	0.000	1.000	183.100	16.000	-133.500	-119.700	27.300	-140.200	-71.600	0.000	0.000	0.000
3738963163.365	160.235	169.198	167.820	0.000	162.958	295.046	0.000	285.954	0.000	155.000	163.000	0.000	0.000	0.000	0.000	0.000	0.000	0.000	1.000	0.000	0.161	1.305	1.149	14243.963	-376.800	92.985	0.000	0.100	0.100	743.664	376.800	0.000	0.000	4.363	0.000	0.000	0.000	1.000	142.900	14.700	-132.600	-118.900	28.400	-139.300	-70.800	0.000	0.000	0.000
3738963173.366	160.081	169.206	167.821	0.000	162.754	295.050	0.000	285.950	0.000	155.000	163.000	0.000	0.000	0.000	0.000	0.000	0.000	0.000	1.000	0.000	-0.142	3.876	3.719	13965.563	-376.800	92.847	0.000	0.100	0.100	752.265	376.800	0.000	0.000	4.363	0.000	0.000	0.000	1.000	176.700	12.100	-131.700	-119.500	27.800	-139.300	-69.100	0.000	0.000	0.000
3738963183.364	160.036	169.207	167.830	0.000	162.668	295.054	0.000	285.954	0.000	155.000	163.000	0.000	0.000	0.000	0.000	0.000	0.000	0.000	1.000	0.000	-0.142	1.305	6.290	13965.563	-376.800	93.774	0.000	0.100	0.100	739.754	376.800	0.000	0.000	3.335	0.000	0.000	0.000	1.000	150.600	7.700	-130.700	-118.900	27.300	-141.000	-67.300	0.000	0.000	0.000
3738963193.364	160.026	169.192	167.802	0.000	162.689	295.064	0.000	285.964	0.000	155.000	163.000	0.000	0.000	0.000	0.000	0.000	0.000	0.000	1.000	0.000	-0.142	1.305	1.149	14243.963	-376.800	92.846	0.000	0.100	0.100	744.446	376.800	0.000	0.000	3.335	0.000	0.000	0.000	1.000	178.600	9.600	-129.000	-118.600	27.300	-143.200	-65.800	0.000	0.000	0.000
3738963203.366	160.040	169.198	167.797	0.000	162.773	295.075	0.000	285.959	0.000	155.000	163.000	0.000	0.000	0.000	0.000	0.000	0.000	0.000	1.000	0.000	-0.142	3.876	6.290	14243.963	-376.800	92.939	0.000	0.100	0.100	740.536	376.800	0.000	0.000	3.335	0.000	0.000	0.000	1.000	194.000	9.600	-127.500	-118.000	26.700	-144.800	-65.100	0.000	0.000	0.000
3738963213.365	160.041	169.165	167.779	0.000	162.872	295.043	0.000	285.965	0.000	155.000	163.000	0.000	0.000	0.000	0.000	0.000	0.000	0.000	1.000	0.000	-0.142	3.876	3.719	14527.913	-376.800	93.542	0.000	0.100	0.100	743.664	376.800	0.000	0.000	2.821	0.000	0.000	0.000	1.000	190.100	10.800	-125.300	-117.500	26.700	-146.000	-64.300	0.000	0.000	0.000
3738963223.364	160.057	169.128	167.741	0.000	162.994	295.052	0.000	285.972	0.000	155.000	163.000	0.000	0.000	0.000	0.000	0.000	0.000	0.000	1.000	0.000	0.464	1.305	3.719	14243.963	-376.800	92.939	0.000	0.100	0.100	746.791	376.800	0.000	0.000	2.307	0.000	0.000	0.000	1.000	156.900	10.800	-123.300	-116.800	27.300	-147.000	-64.000	0.000	0.000	0.000
3738963233.364	160.059	169.108	167.742	0.000	163.107	295.044	0.000	285.957	0.000	155.000	163.000	0.000	0.000	0.000	0.000	0.000	0.000	0.000	1.000	0.000	-0.142	1.305	6.290	14243.963	-376.800	92.522	0.000	0.100	0.100	740.536	376.800	0.000	0.000	1.792	0.000	0.000	0.000	1.000	175.500	10.800	-120.600	-116.300	27.300	-147.700	-63.600	0.000	0.000	0.000
3738963243.364	160.091	169.090	167.705	0.000	163.248	295.046	0.000	285.956	0.000	155.000	163.000	0.000	0.000	0.000	0.000	0.000	0.000	1.000	1.000	0.000	-0.142	3.876	6.290	14243.963	-376.800	93.496	0.000	0.100	0.100	743.664	376.800	0.000	0.000	3.849	0.000	0.000	0.000	1.000	185.700	10.800	-118.000	-115.400	27.300	-148.200	-63.200	0.000	0.000	0.000
3738963253.364	160.249	169.088	167.685	0.000	163.345	295.047	0.000	285.951	0.000	155.000	163.000	0.000	0.000	0.000	0.000	0.000	0.000	1.000	1.000	0.000	0.161	3.876	3.719	14243.963	-376.800	94.191	0.000	0.100	0.100	746.792	376.800	0.000	0.000	11.048	0.000	0.000	0.000	1.000	144.800	13.400	-124.200	-116.600	27.800	-147.700	-68.700	0.000	0.000	0.000
3738963263.365	160.355	169.070	167.684	0.000	163.320	295.053	0.000	285.950	0.000	155.000	163.000	0.000	0.000	0.000	0.000	0.000	0.000	1.000	1.000	0.000	0.161	1.305	3.719	14527.913	-376.800	92.614	0.000	0.100	0.100	742.100	376.800	0.000	0.000	10.534	0.000	0.000	0.000	1.000	177.400	17.200	-133.300	-118.600	27.800	-145.000	-71.900	0.000	0.000	0.000
3738963273.364	160.429	169.052	167.669	0.000	163.302	295.052	0.000	285.951	0.000	155.000	163.000	0.000	0.000	0.000	0.000	0.000	0.000	1.000	1.000	0.000	0.464	1.305	1.149	14243.963	-376.800	93.402	0.000	0.100	0.100	746.010	376.800	0.000	0.000	10.534	0.000	0.000	0.000	1.000	160.800	13.400	-135.600	-119.700	28.400	-142.000	-71.300	0.000	0.000	0.000
3738963283.365	160.397	169.031	167.664	0.000	163.161	295.050	0.000	285.949	0.000	155.000	163.000	0.000	0.000	0.000	0.000	0.000	0.000	1.000	1.000	0.000	0.161	3.876	6.290	14243.963	-376.800	93.773	0.000	0.100	0.100	742.100	376.800	0.000	0.000	9.505	0.000	0.000	0.000	1.000	170.300	14.000	-133.900	-119.500	29.500	-140.800	-70.200	0.000	0.000	0.000
3738963293.365	160.249	169.027	167.647	0.000	162.971	295.068	0.000	285.959	0.000	155.000	163.000	0.000	0.000	0.000	0.000	0.000	0.000	0.000	1.000	0.000	-0.142	3.876	3.719	14527.913	-376.800	92.938	0.000	0.100	0.100	746.009	376.800	0.000	0.000	8.991	0.000	0.000	0.000	1.000	172.300	14.000	-132.800	-118.600	28.400	-139.700	-69.400	0.000	0.000	0.000
3738963303.364	160.096	169.041	167.650	0.000	162.795	295.069	0.000	285.971	0.000	155.000	163.000	0.000	0.000	0.000	0.000	0.000	0.000	0.000	1.000	0.000	0.161	3.876	3.719	14243.963	-376.800	93.865	0.000	0.100	0.100	742.882	376.800	0.000	0.000	8.477	0.000	0.000	0.000	1.000	174.800	12.800	-132.000	-118.900	28.400	-139.500	-68.000	0.000	0.000	0.000
3738963313.364	160.038	169.025	167.639	0.000	162.685	295.062	0.000	285.956	0.000	155.000	163.000	0.000	0.000	0.000	0.000	0.000	0.000	0.000	1.000	0.000	0.464	1.305	6.290	14243.963	-376.800	93.170	0.000	0.100	0.100	733.499	376.800	0.000	0.000	8.477	0.000	0.000	0.000	1.000	165.200	10.800	-130.900	-118.000	27.800	-141.200	-66.600	0.000	0.000	0.000
3738963323.364	160.018	169.004	167.620	0.000	162.694	295.067	0.000	285.954	0.000	155.000	163.000	0.000	0.000	0.000	0.000	0.000	0.000	0.000	1.000	0.000	-0.142	1.305	3.719	14527.913	-376.800	93.263	0.000	0.100	0.100	746.791	376.800	0.000	0.000	7.449	0.000	0.000	0.000	1.000	167.800	9.600	-129.600	-118.200	27.300	-143.200	-65.400	0.000	0.000	0.000
3738963333.364	160.035	168.996	167.598	0.000	162.766	295.060	0.000	285.951	0.000	155.000	163.000	0.000	0.000	0.000	0.000	0.000	0.000	0.000	1.000	0.000	0.464	1.305	6.290	14243.963	-376.800	92.939	0.000	0.100	0.100	735.063	376.800	0.000	0.000	7.963	0.000	0.000	0.000	1.000	191.400	9.600	-127.700	-117.700	27.300	-144.800	-64.300	0.000	0.000	0.000
3738963343.364	160.033	168.967	167.570	0.000	162.858	295.064	0.000	285.948	0.000	155.000	163.000	0.000	0.000	0.000	0.000	0.000	0.000	0.000	1.000	0.000	0.464	3.876	6.290	14243.963	-376.800	93.171	0.000	0.100	0.100	745.228	376.800	0.000	0.000	6.934	0.000	0.000	0.000	1.000	176.100	10.800	-126.100	-117.200	27.300	-146.000	-63.600	0.000	0.000	0.000
3738963353.365	160.042	168.950	167.562	0.000	162.986	295.060	0.000	285.958	0.000	155.000	163.000	0.000	0.000	0.000	0.000	0.000	0.000	0.000	1.000	0.000	-0.142	-1.266	3.719	13965.563	-376.800	93.264	0.000	0.100	0.100	744.446	376.800	0.000	0.000	6.420	0.000	0.000	0.000	1.000	188.200	10.800	-123.600	-116.600	27.300	-147.000	-63.200	0.000	0.000	0.000
3738963363.364	160.067	168.941	167.566	0.000	163.088	295.055	0.000	285.943	0.000	155.000	163.000	0.000	0.000	0.000	0.000	0.000	0.000	0.000	1.000	0.000	0.161	-1.266	3.719	14527.913	-376.800	93.959	0.000	0.100	0.100	749.919	376.800	0.000	0.000	6.934	0.000	0.000	0.000	1.000	178.000	7.700	-121.400	-115.700	27.300	-147.400	-63.200	0.000	0.000	0.000
3738963373.365	160.111	168.941	167.545	0.000	163.228	295.071	0.000	285.954	0.000	155.000	163.000	0.000	0.000	0.000	0.000	0.000	0.000	0.000	1.000	0.000	0.161	-1.266	3.719	13965.563	-376.800	93.310	0.000	0.100	0.100	743.664	376.800	0.000	0.000	6.420	0.000	0.000	0.000	1.000	178.000	10.200	-118.900	-115.200	27.800	-148.200	-62.900	0.000	0.000	0.000
3738963383.364	160.169	168.939	167.543	0.000	163.361	295.060	0.000	285.934	0.000	155.000	163.000	0.000	0.000	0.000	0.000	0.000	0.000	1.000	1.000	0.000	0.464	1.305	3.719	14243.963	-376.800	92.799	0.000	0.100	0.100	740.537	376.800	0.000	0.000	5.392	0.000	0.000	0.000	1.000	171.000	10.200	-116.300	-114.300	27.800	-148.600	-62.900	0.000	0.000	0.000
3738963393.365	160.376	168.929	167.541	0.000	163.455	295.071	0.000	285.963	0.000	155.000	163.000	0.000	0.000	0.000	0.000	0.000	0.000	1.000	1.000	0.000	0.161	1.305	1.149	14243.963	-376.800	93.123	0.000	0.100	0.100	747.574	376.800	0.000	0.000	4.878	0.000	0.000	0.000	1.000	158.200	14.000	-123.600	-116.100	27.800	-148.200	-67.300	0.000	0.000	0.000
3738963403.364	160.482	168.936	167.527	0.000	163.410	295.060	0.000	285.950	0.000	155.000	163.000	0.000	0.000	0.000	0.000	0.000	0.000	1.000	1.000	0.000	-0.142	3.876	3.719	14527.913	-376.800	92.474	0.000	0.100	0.100	742.100	376.800	0.000	0.000	4.878	0.000	0.000	0.000	1.000	167.800	14.000	-132.800	-118.600	29.500	-145.700	-71.600	0.000	0.000	0.000
3738963413.364	160.618	168.927	167.526	0.000	163.427	295.053	0.000	285.942	0.000	155.000	163.000	0.000	0.000	0.000	0.000	0.000	0.000	1.000	1.000	0.000	0.161	3.876	3.719	14243.963	-376.800	92.938	0.000	0.100	0.100	750.702	376.800	0.000	0.000	4.363	0.000	0.000	0.000	1.000	167.200	13.400	-135.600	-120.000	29.500	-142.800	-70.800	0.000	0.000	0.000
3738963423.364	160.604	168.909	167.500	0.000	163.291	295.046	0.000	285.942	0.000	155.000	163.000	0.000	0.000	0.000	0.000	0.000	0.000	1.000	1.000	0.000	-0.142	-1.266	6.290	14527.913	-376.800	92.938	0.000	0.100	0.100	747.573	376.800	0.000	0.000	4.363	0.000	0.000	0.000	1.000	141.600	12.800	-133.900	-119.500	29.500	-141.000	-69.400	0.000	0.000	0.000
3738963433.365	160.484	168.925	167.505	0.000	163.094	295.069	0.000	285.960	0.000	155.000	163.000	0.000	0.000	0.000	0.000	0.000	0.000	1.000	1.000	0.000	0.161	1.305	3.719	14243.963	-376.800	93.217	0.000	0.100	0.100	741.318	376.800	0.000	0.000	3.849	0.000	0.000	0.000	1.000	183.100	16.000	-133.000	-118.600	28.400	-140.000	-69.800	0.000	0.000	0.000
3738963443.365	160.283	168.920	167.487	0.000	162.855	295.050	0.000	285.948	0.000	155.000	163.000	0.000	0.000	0.000	0.000	0.000	0.000	0.000	1.000	0.000	-0.142	1.305	3.719	14243.963	-376.800	93.125	0.000	0.100	0.100	738.973	376.800	0.000	0.000	3.335	0.000	0.000	0.000	1.000	156.900	17.200	-132.000	-118.600	28.400	-138.900	-69.100	0.000	0.000	0.000
3738963453.366	160.050	168.899	167.474	0.000	162.594	295.038	0.000	285.931	0.000	155.000	163.000	0.000	0.000	0.000	0.000	0.000	0.000	0.000	1.000	0.000	-0.142	1.305	3.719	13965.563	-376.800	93.727	0.000	0.100	0.100	741.318	376.800	0.000	0.000	2.821	0.000	0.000	0.000	1.000	172.900	12.800	-131.700	-118.900	28.400	-138.900	-68.000	0.000	0.000	0.000
3738963463.365	159.982	168.889	167.448	0.000	162.502	295.048	0.000	285.927	0.000	155.000	163.000	0.000	0.000	0.000	0.000	0.000	0.000	0.000	1.000	0.000	0.161	1.305	6.290	14527.913	-376.800	92.938	0.000	0.100	0.100	738.191	376.800	0.000	0.000	2.821	0.000	0.000	0.000	1.000	156.900	10.800	-130.700	-118.600	27.800	-140.800	-65.800	0.000	0.000	0.000
3738963473.364	159.976	168.894	167.464	0.000	162.547	295.064	0.000	285.948	0.000	155.000	163.000	0.000	0.000	0.000	0.000	0.000	0.000	0.000	1.000	0.000	0.161	3.876	6.290	14243.963	-376.800	93.169	0.000	0.100	0.100	742.882	376.800	0.000	0.000	2.307	0.000	0.000	0.000	1.000	157.600	9.600	-129.000	-118.200	27.300	-142.800	-64.700	0.000	0.000	0.000
3738963483.364	159.959	168.865	167.421	0.000	162.598	295.046	0.000	285.929	0.000	155.000	163.000	0.000	0.000	0.000	0.000	0.000	0.000	0.000	1.000	0.000	0.161	-1.266	3.719	14243.963	-376.800	94.096	0.000	0.100	0.100	746.791	376.800	0.000	0.000	2.307	0.000	0.000	0.000	1.000	178.000	10.200	-127.500	-117.700	27.300	-144.200	-63.600	0.000	0.000	0.000
3738963493.364	159.991	168.865	167.431	0.000	162.702	295.057	0.000	285.943	0.000	155.000	163.000	0.000	0.000	0.000	0.000	0.000	0.000	0.000	1.000	0.000	-0.142	6.446	3.719	14527.913	-376.800	92.614	0.000	0.100	0.100	739.755	376.800	0.000	0.000	9.505	0.000	0.000	0.000	1.000	149.300	10.200	-125.500	-117.200	27.300	-145.700	-62.900	0.000	0.000	0.000
3738963503.364	159.995	168.853	167.413	0.000	162.822	295.071	0.000	285.970	0.000	155.000	163.000	0.000	0.000	0.000	0.000	0.000	0.000	0.000	1.000	0.000	-0.142	-1.266	3.719	14527.913	-376.800	93.449	0.000	0.100	0.100	743.663	376.800	0.000	0.000	10.020	0.000	0.000	0.000	1.000	167.200	10.200	-123.300	-116.300	27.300	-146.700	-62.900	0.000	0.000	0.000
3738963513.364	160.021	168.818	167.392	0.000	162.955	295.066	0.000	285.943	0.000	155.000	163.000	0.000	0.000	0.000	0.000	0.000	0.000	0.000	1.000	0.000	0.161	3.876	3.719	14243.963	-376.800	93.635	0.000	0.100	0.100	750.701	376.800	0.000	0.000	10.534	0.000	0.000	0.000	1.000	172.900	10.800	-120.200	-115.700	27.300	-147.400	-62.200	0.000	0.000	0.000
3738963523.364	160.022	168.808	167.387	0.000	163.056	295.079	0.000	285.940	0.000	155.000	163.000	0.000	0.000	0.000	0.000	0.000	0.000	0.000	1.000	0.000	-0.142	3.876	3.719	14243.963	-376.800	93.495	0.000	0.100	0.100	740.537	376.800	0.000	0.000	10.020	0.000	0.000	0.000	1.000	185.700	10.200	-117.700	-114.800	27.300	-148.000	-62.200	0.000	0.000	0.000
3738963533.364	160.046	168.774	167.347	0.000	163.175	295.072	0.000	285.945	0.000	155.000	163.000	0.000	0.000	0.000	0.000	0.000	0.000	0.000	1.000	0.000	0.464	1.305	3.719	14527.913	-376.800	93.262	0.000	0.100	0.100	746.010	376.800	0.000	0.000	8.991	0.000	0.000	0.000	1.000	164.600	10.200	-115.200	-114.300	27.300	-148.600	-61.800	0.000	0.000	0.000
3738963543.366	160.090	168.775	167.349	0.000	163.298	295.078	0.000	285.933	0.000	155.000	163.000	0.000	0.000	0.000	0.000	0.000	0.000	1.000	1.000	0.000	0.161	3.876	1.149	14243.963	-376.800	93.633	0.000	0.100	0.100	745.228	376.800	0.000	0.000	9.505	0.000	0.000	0.000	1.000	172.900	10.800	-112.900	-113.400	27.300	-148.900	-61.400	0.000	0.000	0.000
3738963553.364	160.306	168.778	167.345	0.000	163.403	295.085	0.000	285.946	0.000	155.000	163.000	0.000	0.000	0.000	0.000	0.000	0.000	1.000	1.000	0.000	-0.142	1.305	3.719	13965.563	-376.800	93.448	0.000	0.100	0.100	738.973	376.800	0.000	0.000	8.477	0.000	0.000	0.000	1.000	158.200	13.400	-122.000	-115.400	27.800	-148.400	-67.300	0.000	0.000	0.000
3738963563.365	160.434	168.753	167.330	0.000	163.374	295.089	0.000	285.947	0.000	155.000	163.000	0.000	0.000	0.000	0.000	0.000	0.000	1.000	1.000	0.000	0.464	3.876	3.719	14243.963	-376.800	94.096	0.000	0.100	0.100	743.664	376.800	0.000	0.000	7.963	0.000	0.000	0.000	1.000	137.800	17.900	-132.600	-118.200	27.800	-146.000	-70.500	0.000	0.000	0.000
3738963573.365	160.535	168.750	167.316	0.000	163.360	295.078	0.000	285.933	0.000	155.000	163.000	0.000	0.000	0.000	0.000	0.000	0.000	1.000	1.000	0.000	-0.142	1.305	6.290	14527.913	-376.800	93.262	0.000	0.100	0.100	739.755	376.800	0.000	0.000	7.449	0.000	0.000	0.000	1.000	159.500	16.000	-135.100	-119.700	28.400	-143.000	-69.400	0.000	0.000	0.000
3738963583.365	160.596	168.767	167.320	0.000	163.277	295.081	0.000	285.949	0.000	155.000	163.000	0.000	0.000	0.000	0.000	0.000	0.000	1.000	1.000	0.000	0.161	1.305	1.149	14243.963	-376.800	93.216	0.000	0.100	0.100	751.484	376.800	0.000	0.000	7.449	0.000	0.000	0.000	1.000	164.000	16.600	-134.100	-119.500	27.800	-141.000	-68.000	0.000	0.000	0.000
3738963593.364	160.480	168.761	167.330	0.000	163.076	295.085	0.000	285.942	0.000	155.000	163.000	0.000	0.000	0.000	0.000	0.000	0.000	1.000	1.000	0.000	0.161	-1.266	3.719	14243.963	-376.800	93.540	0.000	0.100	0.100	742.882	376.800	0.000	0.000	6.934	0.000	0.000	0.000	1.000	146.700	16.000	-132.800	-118.600	28.400	-140.000	-67.600	0.000	0.000	0.000
3738963603.364	160.321	168.753	167.307	0.000	162.866	295.088	0.000	285.941	0.000	155.000	163.000	0.000	0.000	0.000	0.000	0.000	0.000	0.000	1.000	0.000	0.766	1.305	3.719	14527.913	-376.800	93.494	0.000	0.100	0.100	750.702	376.800	0.000	0.000	6.420	0.000	0.000	0.000	1.000	162.100	16.000	-132.600	-118.600	27.800	-139.300	-67.300	0.000	0.000	0.000
3738963613.364	160.094	168.746	167.303	0.000	162.612	295.089	0.000	285.946	0.000	155.000	163.000	0.000	0.000	0.000	0.000	0.000	0.000	0.000	1.000	0.000	0.161	1.305	1.149	14817.524	-376.800	93.216	0.000	0.100	0.100	752.266	376.800	0.000	0.000	6.420	0.000	0.000	0.000	1.000	165.200	10.200	-131.700	-118.900	28.400	-138.900	-66.600	0.000	0.000	0.000
3738963623.366	160.015	168.744	167.312	0.000	162.508	295.085	0.000	285.947	0.000	155.000	163.000	0.000	0.000	0.000	0.000	0.000	0.000	0.000	1.000	0.000	-0.142	1.305	3.719	14527.913	-376.800	93.355	0.000	0.100	0.100	745.228	376.800	0.000	0.000	5.392	0.000	0.000	0.000	1.000	178.000	9.600	-130.700	-118.600	27.800	-140.800	-64.300	0.000	0.000	0.000
3738963633.365	159.986	168.712	167.269	0.000	162.488	295.082	0.000	285.950	0.000	155.000	163.000	0.000	0.000	0.000	0.000	0.000	0.000	0.000	1.000	0.000	0.464	1.305	3.719	14527.913	-376.800	93.541	0.000	0.100	0.100	741.319	376.800	0.000	0.000	5.392	0.000	0.000	0.000	1.000	172.900	9.600	-129.400	-118.200	27.300	-142.800	-62.900	0.000	0.000	0.000
3738963643.364	160.004	168.718	167.272	0.000	162.576	295.090	0.000	285.936	0.000	155.000	163.000	0.000	0.000	0.000	0.000	0.000	0.000	0.000	1.000	0.000	-0.142	-1.266	6.290	14817.524	-376.800	92.939	0.000	0.100	0.100	735.845	376.800	0.000	0.000	4.878	0.000	0.000	0.000	1.000	177.400	9.600	-127.500	-117.700	27.300	-144.500	-62.200	0.000	0.000	0.000
3738963653.364	160.026	168.713	167.271	0.000	162.698	295.088	0.000	285.937	0.000	155.000	163.000	0.000	0.000	0.000	0.000	0.000	0.000	0.000	1.000	0.000	-0.142	-1.266	6.290	14527.913	-376.800	93.171	0.000	0.100	0.100	743.664	376.800	0.000	0.000	4.878	0.000	0.000	0.000	1.000	175.500	10.200	-126.100	-117.200	26.700	-145.700	-61.400	0.000	0.000	0.000
3738963663.364	160.062	168.714	167.247	0.000	162.807	295.081	0.000	285.925	0.000	155.000	163.000	0.000	0.000	0.000	0.000	0.000	0.000	0.000	1.000	0.000	0.464	3.876	6.290	14527.913	-376.800	92.939	0.000	0.100	0.100	748.356	376.800	0.000	0.000	4.363	0.000	0.000	0.000	1.000	173.500	10.200	-123.600	-116.300	27.300	-146.700	-61.100	0.000	0.000	0.000
3738963673.364	160.096	168.698	167.231	0.000	162.926	295.088	0.000	285.938	0.000	155.000	163.000	0.000	0.000	0.000	0.000	0.000	0.000	0.000	1.000	0.000	0.161	-1.266	3.719	14527.913	-376.800	93.123	0.000	0.100	0.100	747.574	376.800	0.000	0.000	3.849	0.000	0.000	0.000	1.000	169.100	10.200	-120.800	-115.400	27.300	-147.400	-60.600	0.000	0.000	0.000
3738963683.365	160.133	168.689	167.226	0.000	163.046	295.091	0.000	285.951	0.000	155.000	163.000	0.000	0.000	0.000	0.000	0.000	0.000	0.000	1.000	0.000	-0.142	-1.266	3.719	14527.913	-376.800	92.335	0.000	0.100	0.100	738.973	376.800	0.000	0.000	4.363	0.000	0.000	0.000	1.000	174.200	10.200	-118.200	-114.800	27.300	-148.000	-60.600	0.000	0.000	0.000
3738963693.366	160.153	168.676	167.212	0.000	163.162	295.079	0.000	285.939	0.000	155.000	163.000	0.000	0.000	0.000	0.000	0.000	0.000	0.000	1.000	0.000	0.161	3.876	1.149	14243.963	-376.800	93.774	0.000	0.100	0.100	738.191	376.800	0.000	0.000	3.849	0.000	0.000	0.000	1.000	172.900	10.200	-116.300	-114.000	27.300	-148.600	-60.000	0.000	0.000	0.000
3738963703.364	160.168	168.662	167.199	0.000	163.269	295.070	0.000	285.927	0.000	155.000	163.000	0.000	0.000	0.000	0.000	0.000	0.000	1.000	1.000	0.000	-0.142	1.305	3.719	14527.913	-376.800	92.800	0.000	0.100	0.100	740.537	376.800	0.000	0.000	2.307	0.000	0.000	0.000	1.000	168.400	8.300	-114.600	-113.400	26.700	-149.200	-60.000	0.000	0.000	0.000
3738963713.364	160.381	168.656	167.192	0.000	163.365	295.061	0.000	285.930	0.000	155.000	163.000	0.000	0.000	0.000	0.000	0.000	0.000	1.000	1.000	0.000	-0.142	1.305	8.861	14243.963	-376.800	93.309	0.000	0.100	0.100	742.882	376.800	0.000	0.000	2.307	0.000	0.000	0.000	1.000	160.100	13.400	-123.300	-115.700	27.800	-148.200	-67.300	0.000	0.000	0.000
3738963723.366	160.506	168.654	167.182	0.000	163.325	295.072	0.000	285.928	0.000	155.000	163.000	0.000	0.000	0.000	0.000	0.000	0.000	1.000	1.000	0.000	0.161	-1.266	3.719	14243.963	-376.800	93.586	0.000	0.100	0.100	747.574	376.800	0.000	0.000	1.792	0.000	0.000	0.000	1.000	172.900	14.000	-132.800	-118.200	28.400	-145.700	-70.500	0.000	0.000	0.000
3738963733.364	160.632	168.652	167.192	0.000	163.332	295.079	0.000	285.928	0.000	155.000	163.000	0.000	0.000	0.000	0.000	0.000	0.000	1.000	1.000	0.000	0.464	1.305	1.149	14527.913	-376.800	93.494	0.000	0.100	0.100	747.574	376.800	0.000	0.000	5.392	0.000	0.000	0.000	1.000	160.800	13.400	-135.900	-119.500	28.400	-142.800	-69.400	0.000	0.000	0.000
3738963743.365	160.679	168.660	167.199	0.000	163.235	295.079	0.000	285.923	0.000	155.000	163.000	0.000	0.000	0.000	0.000	0.000	0.000	1.000	1.000	0.000	0.161	1.305	3.719	14527.913	-376.800	92.660	0.000	0.100	0.100	737.409	376.800	0.000	0.000	11.562	0.000	0.000	0.000	1.000	167.800	14.000	-133.900	-118.900	28.400	-141.000	-67.600	0.000	0.000	0.000
3738963753.366	160.521	168.649	167.182	0.000	163.039	295.071	0.000	285.930	0.000	155.000	163.000	0.000	0.000	0.000	0.000	0.000	0.000	1.000	1.000	0.000	0.161	1.305	1.149	14527.913	-376.800	92.707	0.000	0.100	0.100	751.483	376.800	0.000	0.000	10.534	0.000	0.000	0.000	1.000	158.900	17.200	-132.800	-118.600	27.800	-140.000	-66.900	0.000	0.000	0.000
3738963763.365	160.297	168.623	167.155	0.000	162.777	295.067	0.000	285.923	0.000	155.000	163.000	0.000	0.000	0.000	0.000	0.000	0.000	0.000	1.000	0.000	-0.142	1.305	8.861	14243.963	-376.800	93.264	0.000	0.100	0.100	740.537	376.800	0.000	0.000	10.534	0.000	0.000	0.000	1.000	147.400	14.000	-132.800	-118.600	27.800	-138.900	-67.300	0.000	0.000	0.000
3738963773.364	160.111	168.624	167.162	0.000	162.533	295.073	0.000	285.927	0.000	155.000	163.000	0.000	0.000	0.000	0.000	0.000	0.000	0.000	1.000	0.000	0.464	-1.266	6.290	14527.913	-376.800	93.171	0.000	0.100	0.100	749.920	376.800	0.000	0.000	10.020	0.000	0.000	0.000	1.000	159.500	12.800	-131.700	-118.900	28.400	-138.900	-65.800	0.000	0.000	0.000
3738963783.364	160.030	168.617	167.147	0.000	162.447	295.079	0.000	285.925	0.000	155.000	163.000	0.000	0.000	0.000	0.000	0.000	0.000	0.000	1.000	0.000	0.161	6.446	3.719	14243.963	-376.800	92.846	0.000	0.100	0.100	744.446	376.800	0.000	0.000	8.991	0.000	0.000	0.000	1.000	160.100	10.200	-130.700	-118.600	27.800	-140.800	-64.000	0.000	0.000	0.000
3738963793.364	160.038	168.622	167.153	0.000	162.482	295.076	0.000	285.920	0.000	155.000	163.000	0.000	0.000	0.000	0.000	0.000	0.000	0.000	1.000	0.000	0.161	3.876	6.290	14527.913	-376.800	93.587	0.000	0.100	0.100	740.537	376.800	0.000	0.000	8.477	0.000	0.000	0.000	1.000	192.700	9.600	-129.000	-118.200	27.300	-143.000	-62.500	0.000	0.000	0.000
3738963803.364	160.038	168.622	167.146	0.000	162.533	295.072	0.000	285.922	0.000	155.000	163.000	0.000	0.000	0.000	0.000	0.000	0.000	0.000	1.000	0.000	0.161	1.305	3.719	14243.963	-376.800	92.798	0.000	0.100	0.100	743.665	376.800	0.000	0.000	8.477	0.000	0.000	0.000	1.000	157.600	9.600	-127.900	-117.700	26.700	-144.800	-61.400	0.000	0.000	0.000
3738963813.366	160.080	168.612	167.131	0.000	162.628	295.082	0.000	285.927	0.000	155.000	163.000	0.000	0.000	0.000	0.000	0.000	0.000	0.000	1.000	0.000	-0.142	3.876	6.290	14243.963	-376.800	92.613	0.000	0.100	0.100	745.228	376.800	0.000	0.000	8.477	0.000	0.000	0.000	1.000	172.900	10.200	-126.400	-117.200	27.300	-145.700	-60.600	0.000	0.000	0.000
3738963823.364	160.091	168.593	167.100	0.000	162.733	295.071	0.000	285.932	0.000	155.000	163.000	0.000	0.000	0.000	0.000	0.000	0.000	0.000	1.000	0.000	0.161	6.446	1.149	14243.963	-376.800	93.030	0.000	0.100	0.100	744.446	376.800	0.000	0.000	6.934	0.000	0.000	0.000	1.000	185.000	10.800	-124.400	-116.300	26.700	-146.700	-60.300	0.000	0.000	0.000
3738963833.365	160.103	168.560	167.076	0.000	162.846	295.071	0.000	285.909	0.000	155.000	163.000	0.000	0.000	0.000	0.000	0.000	0.000	0.000	1.000	0.000	0.464	-1.266	6.290	14243.963	-376.800	93.215	0.000	0.100	0.100	746.010	376.800	0.000	0.000	7.449	0.000	0.000	0.000	1.000	175.500	10.200	-122.800	-115.400	27.300	-147.400	-60.000	0.000	0.000	0.000
3738963843.364	160.148	168.597	167.101	0.000	162.990	295.080	0.000	285.908	0.000	155.000	163.000	0.000	0.000	0.000	0.000	0.000	0.000	0.000	1.000	0.000	0.161	1.305	1.149	14243.963	-376.800	93.494	0.000	0.100	0.100	750.701	376.800	0.000	0.000	5.906	0.000	0.000	0.000	1.000	175.500	10.200	-120.600	-114.800	27.300	-148.000	-60.000	0.000	0.000	0.000
3738963853.364	160.188	168.576	167.074	0.000	163.099	295.074	0.000	285.898	0.000	155.000	163.000	0.000	0.000	0.000	0.000	0.000	0.000	0.000	1.000	0.000	0.161	1.305	1.149	14243.963	-376.800	92.474	0.000	0.100	0.100	749.138	376.800	0.000	0.000	5.906	0.000	0.000	0.000	1.000	157.600	10.800	-118.600	-114.000	27.300	-148.600	-59.200	0.000	0.000	0.000
3738963863.364	160.233	168.574	167.081	0.000	163.230	295.093	0.000	285.916	0.000	155.000	163.000	0.000	0.000	0.000	0.000	0.000	0.000	0.000	1.000	0.000	0.161	-1.266	6.290	14527.913	-376.800	93.215	0.000	0.100	0.100	749.138	376.800	0.000	0.000	5.906	0.000	0.000	0.000	1.000	141.000	10.200	-117.200	-113.100	27.300	-149.200	-59.200	0.000	0.000	0.000
3738963873.365	160.258	168.546	167.074	0.000	163.345	295.096	0.000	285.913	0.000	155.000	163.000	0.000	0.000	0.000	0.000	0.000	0.000	1.000	1.000	0.000	0.161	-1.266	1.149	14243.963	-376.800	92.984	0.000	0.100	0.100	745.227	376.800	0.000	0.000	6.420	0.000	0.000	0.000	1.000	148.700	10.800	-116.100	-112.500	27.800	-149.600	-58.700	0.000	0.000	0.000
3738963883.365	160.467	168.555	167.058	0.000	163.426	295.082	0.000	285.903	0.000	155.000	163.000	0.000	0.000	0.000	0.000	0.000	0.000	1.000	1.000	0.000	0.464	-1.266	3.719	13965.563	-376.800	93.633	0.000	0.100	0.100	744.446	376.800	0.000	0.000	5.392	0.000	0.000	0.000	1.000	161.400	17.200	-122.200	-114.800	27.300	-148.600	-63.200	0.000	0.000	0.000
3738963893.365	160.606	168.529	167.049	0.000	163.370	295.079	0.000	285.887	0.000	155.000	163.000	0.000	0.000	0.000	0.000	0.000	0.000	1.000	1.000	0.000	0.161	3.876	3.719	14527.913	-376.800	93.357	0.000	0.100	0.100	748.356	376.800	0.000	0.000	3.849	0.000	0.000	0.000	1.000	138.400	14.700	-133.000	-118.000	28.400	-146.200	-65.800	0.000	0.000	0.000
3738963903.364	160.695	168.517	167.036	0.000	163.374	295.094	0.000	285.910	0.000	155.000	163.000	0.000	0.000	0.000	0.000	0.000	0.000	1.000	1.000	0.000	0.161	6.446	3.719	13965.563	-376.800	92.801	0.000	0.100	0.100	739.755	376.800	0.000	0.000	4.363	0.000	0.000	0.000	1.000	172.900	16.000	-135.100	-119.500	28.400	-143.000	-65.100	0.000	0.000	0.000
3738963913.364	160.762	168.529	167.030	0.000	163.297	295.109	0.000	285.896	0.000	155.000	163.000	0.000	0.000	0.000	0.000	0.000	0.000	1.000	1.000	0.000	0.464	1.305	6.290	14243.963	-376.800	93.633	0.000	0.100	0.100	751.483	376.800	0.000	0.000	3.849	0.000	0.000	0.000	1.000	162.700	16.000	-134.100	-118.900	28.400	-141.200	-64.300	0.000	0.000	0.000
3738963923.365	160.642	168.510	167.011	0.000	163.082	295.092	0.000	285.903	0.000	155.000	163.000	0.000	0.000	0.000	0.000	0.000	0.000	1.000	1.000	0.000	0.161	3.876	3.719	14527.913	-376.800	93.820	0.000	0.100	0.100	749.919	376.800	0.000	0.000	3.849	0.000	0.000	0.000	1.000	167.200	13.400	-133.500	-118.200	28.400	-140.000	-64.300	0.000	0.000	0.000
3738963933.364	160.428	168.505	167.014	0.000	162.834	295.093	0.000	285.913	0.000	155.000	163.000	0.000	0.000	0.000	0.000	0.000	0.000	0.000	1.000	0.000	-0.142	1.305	3.719	13965.563	-376.800	93.217	0.000	0.100	0.100	738.191	376.800	0.000	0.000	2.821	0.000	0.000	0.000	1.000	159.500	16.000	-132.600	-118.600	28.400	-139.300	-64.000	0.000	0.000	0.000
3738963943.364	160.201	168.498	166.998	0.000	162.581	295.090	0.000	285.905	0.000	155.000	163.000	0.000	0.000	0.000	0.000	0.000	0.000	0.000	1.000	0.000	0.161	1.305	6.290	14243.963	-376.800	92.613	0.000	0.100	0.100	735.845	376.800	0.000	0.000	2.821	0.000	0.000	0.000	1.000	157.600	12.800	-131.700	-118.600	27.800	-139.300	-62.900	0.000	0.000	0.000
3738963953.364	160.116	168.477	166.979	0.000	162.466	295.083	0.000	285.899	0.000	155.000	163.000	0.000	0.000	0.000	0.000	0.000	0.000	0.000	1.000	0.000	-0.142	-1.266	6.290	14243.963	-376.800	92.754	0.000	0.100	0.100	740.537	376.800	0.000	0.000	2.307	0.000	0.000	0.000	1.000	153.800	10.200	-130.700	-118.200	27.800	-141.000	-61.400	0.000	0.000	0.000
3738963963.364	160.100	168.458	166.961	0.000	162.466	295.083	0.000	285.901	0.000	155.000	163.000	0.000	0.000	0.000	0.000	0.000	0.000	0.000	1.000	0.000	0.464	-1.266	8.861	14243.963	-376.800	93.820	0.000	0.100	0.100	749.919	376.800	0.000	0.000	2.307	0.000	0.000	0.000	1.000	150.600	10.800	-129.400	-118.000	26.700	-142.800	-60.300	0.000	0.000	0.000
3738963973.364	160.082	168.441	166.939	0.000	162.519	295.080	0.000	285.906	0.000	155.000	163.000	0.000	0.000	0.000	0.000	0.000	0.000	0.000	1.000	0.000	-0.142	1.305	6.290	14243.963	-376.800	93.262	0.000	0.100	0.100	744.446	376.800	0.000	0.000	0.764	0.000	0.000	0.000	1.000	194.600	10.200	-127.900	-117.500	26.700	-144.500	-59.200	0.000	0.000	0.000
3738963983.364	160.079	168.418	166.912	0.000	162.611	295.081	0.000	285.898	0.000	155.000	163.000	0.000	0.000	0.000	0.000	0.000	0.000	0.000	1.000	0.000	0.464	1.305	3.719	14243.963	-376.800	92.800	0.000	0.100	0.100	741.318	376.800	0.000	0.000	11.562	0.000	0.000	0.000	1.000	156.900	10.800	-126.400	-116.600	26.700	-145.700	-58.400	0.000	0.000	0.000
3738963993.364	160.104	168.418	166.914	0.000	162.719	295.085	0.000	285.901	0.000	155.000	163.000	0.000	0.000	0.000	0.000	0.000	0.000	0.000	1.000	0.000	0.766	6.446	3.719	14527.913	-376.800	93.356	0.000	0.100	0.100	741.318	376.800	0.000	0.000	10.534	0.000	0.000	0.000	1.000	158.900	10.200	-124.700	-116.100	26.700	-146.700	-58.400	0.000	0.000	0.000
3738964003.365	160.143	168.425	166.918	0.000	162.848	295.086	0.000	285.896	0.000	155.000	163.000	0.000	0.000	0.000	0.000	0.000	0.000	0.000	1.000	0.000	0.161	1.305	6.290	14243.963	-376.800	93.355	0.000	0.100	0.100	741.319	376.800	0.000	0.000	10.534	0.000	0.000	0.000	1.000	147.400	10.200	-122.800	-115.200	26.700	-147.400	-58.100	0.000	0.000	0.000
3738964013.364	160.195	168.430	166.918	0.000	162.972	295.098	0.000	285.889	0.000	155.000	163.000	0.000	0.000	0.000	0.000	0.000	0.000	0.000	1.000	0.000	0.464	1.305	3.719	13965.563	-376.800	93.264	0.000	0.100	0.100	750.701	376.800	0.000	0.000	10.020	0.000	0.000	0.000	1.000	155.700	10.800	-120.800	-114.300	27.300	-148.200	-57.600	0.000	0.000	0.000
3738964023.365	160.249	168.425	166.929	0.000	163.111	295.091	0.000	285.881	0.000	155.000	163.000	0.000	0.000	0.000	0.000	0.000	0.000	0.000	1.000	0.000	0.161	3.876	1.149	14527.913	-376.800	93.913	0.000	0.100	0.100	738.191	376.800	0.000	0.000	9.505	0.000	0.000	0.000	1.000	183.100	10.200	-118.900	-113.700	27.300	-148.600	-56.900	0.000	0.000	0.000
3738964033.364	160.273	168.409	166.909	0.000	163.208	295.083	0.000	285.881	0.000	155.000	163.000	0.000	0.000	0.000	0.000	0.000	0.000	1.000	1.000	0.000	-0.142	-1.266	3.719	14527.913	-376.800	93.772	0.000	0.100	0.100	746.792	376.800	0.000	0.000	8.991	0.000	0.000	0.000	1.000	174.800	7.700	-117.700	-112.900	27.300	-149.200	-56.900	0.000	0.000	0.000
3738964043.365	160.449	168.398	166.881	0.000	163.286	295.080	0.000	285.884	0.000	155.000	163.000	0.000	0.000	0.000	0.000	0.000	0.000	1.000	1.000	0.000	0.464	-1.266	3.719	14527.913	-376.800	93.635	0.000	0.100	0.100	746.792	376.800	0.000	0.000	8.991	0.000	0.000	0.000	1.000	144.200	12.800	-123.900	-114.600	26.700	-148.600	-63.600	0.000	0.000	0.000
3738964053.365	160.564	168.386	166.872	0.000	163.257	295.083	0.000	285.883	0.000	155.000	163.000	0.000	0.000	0.000	0.000	0.000	0.000	1.000	1.000	0.000	-0.445	1.305	6.290	14527.913	-376.800	93.589	0.000	0.100	0.100	747.574	376.800	0.000	0.000	7.963	0.000	0.000	0.000	1.000	158.900	14.000	-133.300	-118.000	28.400	-146.000	-67.300	0.000	0.000	0.000
3738964063.365	160.653	168.357	166.852	0.000	163.238	295.087	0.000	285.890	0.000	155.000	163.000	0.000	0.000	0.000	0.000	0.000	0.000	1.000	1.000	0.000	0.464	1.305	3.719	14243.963	-376.800	93.401	0.000	0.100	0.100	742.882	376.800	0.000	0.000	7.449	0.000	0.000	0.000	1.000	149.900	12.800	-135.600	-119.500	28.900	-143.000	-65.800	0.000	0.000	0.000
3738964073.364	160.674	168.361	166.847	0.000	163.154	295.092	0.000	285.881	0.000	155.000	163.000	0.000	0.000	0.000	0.000	0.000	0.000	1.000	1.000	0.000	0.161	-1.266	6.290	14527.913	-376.800	93.542	0.000	0.100	0.100	749.919	376.800	0.000	0.000	7.449	0.000	0.000	0.000	1.000	151.200	0.000	-0.000	-119.500	27.800	-141.200	-64.300	0.000	0.000	0.000
3738964083.366	160.549	168.340	166.861	0.000	162.959	295.103	0.000	285.883	0.000	155.000	163.000	0.000	0.000	0.000	0.000	0.000	0.000	0.000	1.000	0.000	-0.142	1.305	3.719	14243.963	-376.800	93.032	0.000	0.100	0.100	746.792	376.800	0.000	0.000	6.934	0.000	0.000	0.000	1.000	142.900	13.400	-133.900	-118.600	27.800	-140.200	-64.000	0.000	0.000	0.000
3738964093.364	160.346	168.357	166.855	0.000	162.728	295.093	0.000	285.884	0.000	155.000	163.000	0.000	0.000	0.000	0.000	0.000	0.000	0.000	1.000	0.000	0.161	3.876	6.290	14243.963	-376.800	93.170	0.000	0.100	0.100	737.409	376.800	0.000	0.000	6.420	0.000	0.000	0.000	1.000	152.500	12.100	-132.800	-118.200	27.800	-140.000	-62.900	0.000	0.000	0.000
3738964103.364	160.306	168.348	166.834	0.000	162.631	295.088	0.000	285.879	0.000	155.000	163.000	0.000	0.000	0.000	0.000	0.000	0.000	0.000	1.000	0.000	0.161	1.305	6.290	13965.563	-376.800	92.891	0.000	0.100	0.100	745.228	376.800	0.000	0.000	6.934	0.000	0.000	0.000	1.000	194.600	10.200	-131.700	-118.000	27.800	-141.500	-61.400	0.000	0.000	0.000
3738964113.364	160.270	168.326	166.817	0.000	162.608	295.084	0.000	285.884	0.000	155.000	163.000	0.000	0.000	0.000	0.000	0.000	0.000	0.000	1.000	0.000	0.766	3.876	6.290	14243.963	-376.800	93.355	0.000	0.100	0.100	753.047	376.800	0.000	0.000	6.420	0.000	0.000	0.000	1.000	167.800	8.300	-130.400	-117.700	26.700	-143.200	-60.300	0.000	0.000	0.000
3738964123.365	160.299	168.331	166.822	0.000	162.687	295.083	0.000	285.893	0.000	155.000	163.000	0.000	0.000	0.000	0.000	0.000	0.000	0.000	1.000	0.000	-0.142	1.305	8.861	14527.913	-376.800	93.959	0.000	0.100	0.100	746.792	376.800	0.000	0.000	5.392	0.000	0.000	0.000	1.000	183.100	10.200	-128.800	-117.200	26.300	-145.000	-59.500	0.000	0.000	0.000
3738964133.364	160.335	168.340	166.828	0.000	162.780	295.096	0.000	285.886	0.000	155.000	163.000	0.000	0.000	0.000	0.000	0.000	0.000	0.000	1.000	0.000	-0.142	1.305	8.861	14527.913	-376.800	94.144	0.000	0.100	0.100	748.356	376.800	0.000	0.000	5.392	0.000	0.000	0.000	1.000	173.500	7.700	-127.500	-116.600	26.300	-146.200	-58.400	0.000	0.000	0.000
3738964143.364	160.362	168.326	166.808	0.000	162.892	295.090	0.000	285.879	0.000	155.000	163.000	0.000	0.000	0.000	0.000	0.000	0.000	0.000	1.000	0.000	0.766	1.305	3.719	14527.913	-376.800	93.218	0.000	0.100	0.100	748.356	376.800	0.000	0.000	5.392	0.000	0.000	0.000	1.000	172.900	10.800	-125.800	-115.700	26.700	-147.000	-58.400	0.000	0.000	0.000
3738964153.364	160.406	168.333	166.811	0.000	162.992	295.094	0.000	285.898	0.000	155.000	163.000	0.000	0.000	0.000	0.000	0.000	0.000	0.000	1.000	0.000	-0.142	3.876	3.719	14243.963	-376.800	93.030	0.000	0.100	0.100	746.010	376.800	0.000	0.000	4.363	0.000	0.000	0.000	1.000	167.200	8.300	-123.900	-115.200	26.700	-147.700	-57.600	0.000	0.000	0.000
3738964163.365	160.446	168.335	166.811	0.000	163.127	295.109	0.000	285.898	0.000	155.000	163.000	0.000	0.000	0.000	0.000	0.000	0.000	0.000	1.000	0.000	0.161	3.876	3.719	14527.913	-376.800	93.587	0.000	0.100	0.100	741.318	376.800	0.000	0.000	4.363	0.000	0.000	0.000	1.000	160.100	10.800	-121.700	-114.300	26.700	-148.200	-57.600	0.000	0.000	0.000
3738964173.366	160.472	168.316	166.790	0.000	163.211	295.100	0.000	285.884	0.000	155.000	163.000	0.000	0.000	0.000	0.000	0.000	0.000	1.000	1.000	0.000	0.464	1.305	3.719	14527.913	-376.800	92.335	0.000	0.100	0.100	738.191	376.800	0.000	0.000	3.849	0.000	0.000	0.000	1.000	167.800	10.800	-119.100	-113.400	26.700	-148.900	-56.900	0.000	0.000	0.000
3738964183.366	160.640	168.303	166.788	0.000	163.288	295.102	0.000	285.889	0.000	155.000	163.000	0.000	0.000	0.000	0.000	0.000	0.000	1.000	1.000	0.000	-0.142	1.305	3.719	14243.963	-376.800	92.569	0.000	0.100	0.100	748.356	376.800	0.000	0.000	3.849	0.000	0.000	0.000	1.000	145.500	14.700	-125.300	-115.700	-0.000	-0.000	-61.400	0.000	0.000	0.000
3738964193.365	160.717	168.293	166.769	0.000	163.242	295.097	0.000	285.873	0.000	155.000	163.000	0.000	0.000	0.000	0.000	0.000	0.000	1.000	1.000	0.000	-0.142	1.305	1.149	14527.913	-376.800	93.216	0.000	0.100	0.100	745.228	376.800	0.000	0.000	2.821	0.000	0.000	0.000	1.000	137.800	17.200	-133.300	-118.000	28.400	-145.500	-62.200	0.000	0.000	0.000
3738964203.365	160.799	168.303	166.787	0.000	163.274	295.104	0.000	285.893	0.000	155.000	163.000	0.000	0.000	0.000	0.000	0.000	0.000	1.000	1.000	0.000	-0.142	-1.266	3.719	14817.524	-376.800	93.078	0.000	0.100	0.100	748.356	376.800	0.000	0.000	2.307	0.000	0.000	0.000	1.000	167.800	17.200	-135.900	-118.900	27.800	-142.600	-61.800	0.000	0.000	0.000
3738964213.364	160.813	168.274	166.756	0.000	163.173	295.080	0.000	285.879	0.000	155.000	163.000	0.000	0.000	0.000	0.000	0.000	0.000	1.000	1.000	0.000	0.464	-1.266	6.290	14527.913	-376.800	93.217	0.000	0.100	0.100	747.573	376.800	0.000	0.000	2.821	0.000	0.000	0.000	1.000	146.700	13.400	-134.900	-119.100	28.400	-141.000	-61.400	0.000	0.000	0.000
3738964223.364	160.634	168.271	166.731	0.000	162.964	295.090	0.000	285.881	0.000	155.000	163.000	0.000	0.000	0.000	0.000	0.000	0.000	0.000	1.000	0.000	-0.142	-1.266	3.719	14817.524	-376.800	93.170	0.000	0.100	0.100	742.100	376.800	0.000	0.000	6.934	0.000	0.000	0.000	1.000	163.300	13.400	-133.900	-118.900	27.800	-140.000	-60.600	0.000	0.000	0.000
3738964233.366	160.395	168.258	166.733	0.000	162.702	295.096	0.000	285.897	0.000	155.000	163.000	0.000	0.000	0.000	0.000	0.000	0.000	0.000	1.000	0.000	0.464	3.876	3.719	14527.913	-376.800	93.773	0.000	0.100	0.100	746.010	376.800	0.000	0.000	11.048	0.000	0.000	0.000	1.000	148.000	12.100	-133.000	-118.600	27.800	-140.000	-60.000	0.000	0.000	0.000
3738964243.365	160.304	168.231	166.696	0.000	162.602	295.094	0.000	285.892	0.000	155.000	163.000	0.000	0.000	0.000	0.000	0.000	0.000	0.000	1.000	0.000	0.464	3.876	3.719	14527.913	-376.800	93.959	0.000	0.100	0.100	743.664	376.800	0.000	0.000	10.020	0.000	0.000	0.000	1.000	149.300	10.800	-131.700	-118.200	27.300	-141.500	-58.400	0.000	0.000	0.000
3738964253.364	160.299	168.219	166.672	0.000	162.599	295.086	0.000	285.875	0.000	155.000	163.000	0.000	0.000	0.000	0.000	0.000	0.000	0.000	1.000	0.000	0.161	1.305	3.719	14243.963	-376.800	92.845	0.000	0.100	0.100	746.792	376.800	0.000	0.000	10.020	0.000	0.000	0.000	1.000	187.600	10.200	-130.400	-118.000	26.700	-143.600	-57.300	0.000	0.000	0.000
3738964263.366	160.290	168.206	166.657	0.000	162.643	295.095	0.000	285.866	0.000	155.000	163.000	0.000	0.000	0.000	0.000	0.000	0.000	0.000	1.000	0.000	0.161	3.876	3.719	14817.524	-376.800	93.866	0.000	0.100	0.100	749.138	376.800	0.000	0.000	8.991	0.000	0.000	0.000	1.000	188.200	8.300	-129.000	-117.500	26.300	-145.200	-56.900	0.000	0.000	0.000
3738964273.364	160.312	168.200	166.677	0.000	162.751	295.092	0.000	285.898	0.000	155.000	163.000	0.000	0.000	0.000	0.000	0.000	0.000	0.000	1.000	0.000	0.161	3.876	1.149	15112.908	-376.800	93.681	0.000	0.100	0.100	744.446	376.800	0.000	0.000	9.505	0.000	0.000	0.000	1.000	153.800	9.600	-127.500	-116.800	26.300	-146.200	-56.100	0.000	0.000	0.000
3738964283.365	160.354	168.192	166.665	0.000	162.843	295.099	0.000	285.882	0.000	155.000	163.000	0.000	0.000	0.000	0.000	0.000	0.000	0.000	1.000	0.000	0.161	-1.266	6.290	14527.913	-376.800	92.847	0.000	0.100	0.100	753.829	376.800	0.000	0.000	8.477	0.000	0.000	0.000	1.000	167.200	10.200	-126.100	-116.300	26.300	-147.200	-55.800	0.000	0.000	0.000
3738964293.365	160.379	168.205	166.665	0.000	162.968	295.113	0.000	285.896	0.000	155.000	163.000	0.000	0.000	0.000	0.000	0.000	0.000	0.000	1.000	0.000	0.464	3.876	1.149	14243.963	-376.800	92.985	0.000	0.100	0.100	745.228	376.800	0.000	0.000	8.477	0.000	0.000	0.000	1.000	172.300	9.600	-124.200	-115.400	26.300	-148.000	-55.800	0.000	0.000	0.000
3738964303.364	160.390	168.178	166.630	0.000	163.070	295.096	0.000	285.890	0.000	155.000	163.000	0.000	0.000	0.000	0.000	0.000	0.000	0.000	1.000	0.000	0.161	-1.266	6.290	14817.524	-376.800	93.030	0.000	0.100	0.100	742.882	376.800	0.000	0.000	8.477	0.000	0.000	0.000	1.000	169.700	7.700	-122.200	-114.800	26.700	-148.400	-55.300	0.000	0.000	0.000
3738964313.365	160.426	168.174	166.647	0.000	163.163	295.097	0.000	285.896	0.000	155.000	163.000	0.000	0.000	0.000	0.000	0.000	0.000	0.000	1.000	0.000	0.161	1.305	3.719	14817.524	-376.800	93.542	0.000	0.100	0.100	747.574	376.800	0.000	0.000	7.449	0.000	0.000	0.000	1.000	167.200	10.200	-119.700	-114.000	26.700	-148.900	-55.300	0.000	0.000	0.000
3738964323.364	160.481	168.179	166.641	0.000	163.267	295.101	0.000	285.891	0.000	155.000	163.000	0.000	0.000	0.000	0.000	0.000	0.000	1.000	1.000	0.000	0.161	1.305	6.290	14243.963	-376.800	93.448	0.000	0.100	0.100	746.792	376.800	0.000	0.000	7.449	0.000	0.000	0.000	1.000	165.200	10.200	-118.000	-113.100	26.300	-149.600	-55.300	0.000	0.000	0.000
3738964333.364	160.648	168.168	166.645	0.000	163.364	295.103	0.000	285.885	0.000	155.000	163.000	0.000	0.000	0.000	0.000	0.000	0.000	1.000	1.000	0.000	0.161	1.305	6.290	14527.913	-376.800	93.772	0.000	0.100	0.100	753.047	376.800	0.000	0.000	6.420	0.000	0.000	0.000	1.000	139.700	17.900	-123.600	-115.700	26.300	-148.900	-59.200	0.000	0.000	0.000
3738964343.364	160.741	168.138	166.616	0.000	163.309	295.094	0.000	285.880	0.000	155.000	163.000	0.000	0.000	0.000	0.000	0.000	0.000	1.000	1.000	0.000	0.464	1.305	6.290	14243.963	-376.800	92.706	0.000	0.100	0.100	746.792	376.800	0.000	0.000	5.906	0.000	0.000	0.000	1.000	156.300	14.700	-133.500	-118.000	28.400	-146.200	-60.600	0.000	0.000	0.000
3738964353.365	160.809	168.130	166.609	0.000	163.319	295.105	0.000	285.900	0.000	155.000	163.000	0.000	0.000	0.000	0.000	0.000	0.000	1.000	1.000	0.000	-0.142	1.305	3.719	14243.963	-376.800	93.542	0.000	0.100	0.100	746.792	376.800	0.000	0.000	6.420	0.000	0.000	0.000	1.000	138.400	16.000	-135.600	-118.600	27.800	-143.200	-60.000	0.000	0.000	0.000
3738964363.365	160.893	168.148	166.603	0.000	163.273	295.107	0.000	285.902	0.000	155.000	163.000	0.000	0.000	0.000	0.000	0.000	0.000	1.000	1.000	0.000	0.464	1.305	1.149	14243.963	-376.800	92.893	0.000	0.100	0.100	741.319	376.800	0.000	0.000	5.906	0.000	0.000	0.000	1.000	162.700	15.300	-135.100	-118.900	27.300	-141.500	-60.000	0.000	0.000	0.000
3738964373.364	160.732	168.117	166.595	0.000	163.052	295.095	0.000	285.879	0.000	155.000	163.000	0.000	0.000	0.000	0.000	0.000	0.000	1.000	1.000	0.000	-0.142	1.305	6.290	14817.524	-376.800	93.447	0.000	0.100	0.100	752.265	376.800	0.000	0.000	4.878	0.000	0.000	0.000	1.000	149.900	13.400	-134.100	-118.600	27.800	-140.800	-59.200	0.000	0.000	0.000
3738964383.364	160.504	168.116	166.575	0.000	162.775	295.089	0.000	285.883	0.000	155.000	163.000	0.000	0.000	0.000	0.000	0.000	0.000	0.000	1.000	0.000	0.161	3.876	1.149	14527.913	-376.800	92.753	0.000	0.100	0.100	747.574	376.800	0.000	0.000	5.392	0.000	0.000	0.000	1.000	149.900	14.700	-133.000	-118.600	28.400	-139.700	-59.200	0.000	0.000	0.000
3738964393.364	160.293	168.101	166.566	0.000	162.517	295.091	0.000	285.874	0.000	155.000	163.000	0.000	0.000	0.000	0.000	0.000	0.000	0.000	1.000	0.000	0.464	-1.266	6.290	14527.913	-376.800	93.403	0.000	0.100	0.100	740.537	376.800	0.000	0.000	4.878	0.000	0.000	0.000	1.000	183.100	9.600	-132.800	-118.900	27.800	-139.700	-58.400	0.000	0.000	0.000
3738964403.365	160.235	168.091	166.561	0.000	162.434	295.083	0.000	285.886	0.000	155.000	163.000	0.000	0.000	0.000	0.000	0.000	0.000	0.000	1.000	0.000	0.161	3.876	1.149	14243.963	-376.800	94.190	0.000	0.100	0.100	745.227	376.800	0.000	0.000	3.849	0.000	0.000	0.000	1.000	179.900	9.600	-131.700	-118.600	27.300	-141.200	-56.900	0.000	0.000	0.000
3738964413.365	160.217	168.076	166.544	0.000	162.436	295.084	0.000	285.887	0.000	155.000	163.000	0.000	0.000	0.000	0.000	0.000	0.000	0.000	1.000	0.000	0.161	1.305	6.290	14817.524	-376.800	92.567	0.000	0.100	0.100	741.319	376.800	0.000	0.000	4.363	0.000	0.000	0.000	1.000	148.700	7.700	-130.400	-118.000	26.300	-143.600	-55.800	0.000	0.000	0.000
3738964423.365	160.232	168.099	166.542	0.000	162.497	295.078	0.000	285.880	0.000	155.000	163.000	0.000	0.000	0.000	0.000	0.000	0.000	0.000	1.000	0.000	0.161	1.305	3.719	14817.524	-376.800	93.679	0.000	0.100	0.100	741.318	376.800	0.000	0.000	3.335	0.000	0.000	0.000	1.000	188.200	7.700	-128.800	-117.700	26.300	-145.200	-55.300	0.000	0.000	0.000
3738964433.364	160.268	168.095	166.541	0.000	162.599	295.080	0.000	285.876	0.000	155.000	163.000	0.000	0.000	0.000	0.000	0.000	0.000	0.000	1.000	0.000	-0.142	3.876	3.719	15112.908	-376.800	93.077	0.000	0.100	0.100	737.409	376.800	0.000	0.000	2.821	0.000	0.000	0.000	1.000	189.500	9.600	-127.500	-117.200	26.300	-146.200	-54.600	0.000	0.000	0.000
3738964443.366	160.296	168.105	166.551	0.000	162.709	295.094	0.000	285.884	0.000	155.000	163.000	0.000	0.000	0.000	0.000	0.000	0.000	0.000	1.000	0.000	0.161	1.305	6.290	14817.524	-376.800	93.773	0.000	0.100	0.100	740.536	376.800	0.000	0.000	3.335	0.000	0.000	0.000	1.000	174.800	10.200	-125.500	-116.300	26.300	-147.200	-54.600	0.000	0.000	0.000
3738964453.364	160.317	168.081	166.517	0.000	162.796	295.082	0.000	285.878	0.000	155.000	163.000	0.000	0.000	0.000	0.000	0.000	0.000	0.000	1.000	0.000	0.161	-1.266	6.290	14817.524	-376.800	92.939	0.000	0.100	0.100	743.665	376.800	0.000	0.000	1.792	0.000	0.000	0.000	1.000	157.600	8.900	-123.900	-115.400	26.300	-147.700	-54.600	0.000	0.000	0.000
3738964463.365	160.320	168.050	166.481	0.000	162.912	295.069	0.000	285.861	0.000	155.000	163.000	0.000	0.000	0.000	0.000	0.000	0.000	0.000	1.000	0.000	0.161	3.876	3.719	14527.913	-376.800	93.401	0.000	0.100	0.100	747.574	376.800	0.000	0.000	3.335	0.000	0.000	0.000	1.000	156.900	8.900	-121.700	-114.800	26.700	-148.600	-54.200	0.000	0.000	0.000
3738964473.364	160.333	168.042	166.476	0.000	163.008	295.065	0.000	285.877	0.000	155.000	163.000	0.000	0.000	0.000	0.000	0.000	0.000	0.000	1.000	0.000	0.161	3.876	3.719	14817.524	-376.800	93.588	0.000	0.100	0.100	742.882	376.800	0.000	0.000	11.562	0.000	0.000	0.000	1.000	156.300	7.700	-119.700	-113.700	26.300	-149.200	-53.800	0.000	0.000	0.000
3738964483.365	160.397	168.052	166.494	0.000	163.140	295.081	0.000	285.895	0.000	155.000	163.000	0.000	0.000	0.000	0.000	0.000	0.000	0.000	1.000	0.000	-0.142	1.305	3.719	14527.913	-376.800	93.959	0.000	0.100	0.100	746.010	376.800	0.000	0.000	10.534	0.000	0.000	0.000	1.000	180.600	10.200	-118.200	-113.100	26.700	-149.600	-53.800	0.000	0.000	0.000
3738964493.364	160.415	168.023	166.487	0.000	163.232	295.082	0.000	285.885	0.000	155.000	163.000	0.000	0.000	0.000	0.000	0.000	0.000	1.000	1.000	0.000	0.161	1.305	6.290	14527.913	-376.800	92.799	0.000	0.100	0.100	750.701	376.800	0.000	0.000	11.048	0.000	0.000	0.000	1.000	147.400	10.200	-116.800	-112.500	26.700	-150.000	-53.800	0.000	0.000	0.000
3738964503.366	160.601	168.042	166.468	0.000	163.314	295.081	0.000	285.892	0.000	155.000	163.000	0.000	0.000	0.000	0.000	0.000	0.000	1.000	1.000	0.000	0.464	1.305	1.149	14527.913	-376.800	93.679	0.000	0.100	0.100	745.228	376.800	0.000	0.000	9.505	0.000	0.000	0.000	1.000	167.800	14.700	-122.800	-114.800	26.700	-149.600	-60.000	0.000	0.000	0.000
3738964513.365	160.730	168.041	166.479	0.000	163.269	295.081	0.000	285.889	0.000	155.000	163.000	0.000	0.000	0.000	0.000	0.000	0.000	1.000	1.000	0.000	-0.142	3.876	1.149	14527.913	-376.800	93.449	0.000	0.100	0.100	748.355	376.800	0.000	0.000	10.020	0.000	0.000	0.000	1.000	159.500	17.900	-132.200	-117.700	27.800	-147.000	-60.600	0.000	0.000	0.000
3738964523.365	160.798	168.019	166.460	0.000	163.266	295.082	0.000	285.885	0.000	155.000	163.000	0.000	0.000	0.000	0.000	0.000	0.000	1.000	1.000	0.000	-0.142	1.305	6.290	14527.913	-376.800	93.264	0.000	0.100	0.100	738.191	376.800	0.000	0.000	8.991	0.000	0.000	0.000	1.000	162.700	16.000	-136.200	-118.600	27.800	-143.800	-60.600	0.000	0.000	0.000
3738964533.365	160.913	168.033	166.464	0.000	163.259	295.086	0.000	285.889	0.000	155.000	163.000	0.000	0.000	0.000	0.000	0.000	0.000	1.000	1.000	0.000	0.161	-1.266	6.290	14817.524	-376.800	92.753	0.000	0.100	0.100	746.791	376.800	0.000	0.000	8.477	0.000	0.000	0.000	1.000	140.400	14.000	-135.100	-118.900	28.400	-142.000	-60.000	0.000	0.000	0.000
3738964543.364	160.799	168.015	166.451	0.000	163.072	295.088	0.000	285.577	0.000	155.000	163.000	0.000	0.000	0.000	0.000	0.000	0.000	1.000	1.000	0.000	0.161	3.876	6.290	14817.524	-376.800	93.169	0.000	0.100	0.100	751.483	376.800	0.000	0.000	7.963	0.000	0.000	0.000	1.000	141.600	13.400	-134.100	-118.600	27.300	-141.000	-59.200	0.000	0.000	0.000
3738964553.364	160.576	167.982	166.432	0.000	162.799	295.078	0.000	285.737	0.000	155.000	163.000	0.000	0.000	0.000	0.000	0.000	0.000	0.000	1.000	0.000	0.464	3.876	6.290	14527.913	-376.800	93.262	0.000	0.100	0.100	739.754	376.800	0.000	0.000	7.963	0.000	0.000	0.000	1.000	178.000	17.200	-133.500	-118.600	27.800	-140.000	-59.200	0.000	0.000	0.000
3738964563.364	160.352	167.992	166.423	0.000	162.548	295.087	0.000	285.810	0.000	155.000	163.000	0.000	0.000	0.000	0.000	0.000	0.000	0.000	1.000	0.000	0.464	3.876	3.719	14527.913	-376.800	93.263	0.000	0.100	0.100	742.882	376.800	0.000	0.000	6.934	0.000	0.000	0.000	1.000	192.000	10.200	-133.000	-118.900	27.800	-140.000	-58.100	0.000	0.000	0.000
3738964573.365	160.279	167.974	166.413	0.000	162.436	295.066	0.000	285.824	0.000	155.000	163.000	0.000	0.000	0.000	0.000	0.000	0.000	0.000	1.000	0.000	-0.142	1.305	6.290	14243.963	-376.800	92.291	0.000	0.100	0.100	742.883	376.800	0.000	0.000	6.934	0.000	0.000	0.000	1.000	176.700	10.200	-131.700	-118.600	27.300	-141.200	-56.900	0.000	0.000	0.000
3738964583.365	160.278	167.991	166.405	0.000	162.432	295.075	0.000	285.844	0.000	155.000	163.000	0.000	0.000	0.000	0.000	0.000	0.000	0.000	1.000	0.000	-0.142	3.876	3.719	14817.524	-376.800	93.588	0.000	0.100	0.100	749.138	376.800	0.000	0.000	6.420	0.000	0.000	0.000	1.000	152.500	9.600	-130.700	-118.000	26.300	-143.600	-55.300	0.000	0.000	0.000
3738964593.366	160.304	167.981	166.417	0.000	162.498	295.089	0.000	285.858	0.000	155.000	163.000	0.000	0.000	0.000	0.000	0.000	0.000	0.000	1.000	0.000	-0.142	3.876	3.719	14527.913	-376.800	93.308	0.000	0.100	0.100	744.446	376.800	0.000	0.000	6.420	0.000	0.000	0.000	1.000	191.400	9.600	-129.000	-117.500	26.300	-145.200	-54.600	0.000	0.000	0.000
3738964603.364	160.321	167.981	166.396	0.000	162.593	295.094	0.000	285.859	0.000	155.000	163.000	0.000	0.000	0.000	0.000	0.000	0.000	0.000	1.000	0.000	0.161	1.305	3.719	14817.524	-376.800	93.309	0.000	0.100	0.100	742.882	376.800	0.000	0.000	5.906	0.000	0.000	0.000	1.000	0.000	0.600	-127.500	-116.800	26.300	-146.400	-54.200	0.000	0.000	0.000
3738964613.365	160.328	167.952	166.379	0.000	162.681	295.083	0.000	285.847	0.000	155.000	163.000	0.000	0.000	0.000	0.000	0.000	0.000	0.000	1.000	0.000	0.161	-1.266	6.290	14243.963	-376.800	93.774	0.000	0.100	0.100	756.174	376.800	0.000	0.000	5.906	0.000	0.000	0.000	1.000	177.400	10.200	-126.100	-116.100	26.300	-147.200	-53.800	0.000	0.000	0.000
3738964623.364	160.365	167.947	166.380	0.000	162.791	295.075	0.000	285.837	0.000	155.000	163.000	0.000	0.000	0.000	0.000	0.000	0.000	0.000	1.000	0.000	-0.142	1.305	1.149	14527.913	-376.800	93.125	0.000	0.100	0.100	749.920	376.800	0.000	0.000	4.878	0.000	0.000	0.000	1.000	171.000	10.200	-124.200	-115.400	26.300	-148.000	-53.800	0.000	0.000	0.000
3738964633.364	160.415	167.949	166.384	0.000	162.896	295.076	0.000	285.844	0.000	155.000	163.000	0.000	0.000	0.000	0.000	0.000	0.000	0.000	1.000	0.000	-0.142	1.305	6.290	14817.524	-376.800	92.892	0.000	0.100	0.100	750.701	376.800	0.000	0.000	4.878	0.000	0.000	0.000	1.000	142.300	10.800	-122.200	-114.300	26.300	-148.600	-53.000	0.000	0.000	0.000
3738964643.364	160.459	167.958	166.375	0.000	163.009	295.079	0.000	285.852	0.000	155.000	163.000	0.000	0.000	0.000	0.000	0.000	0.000	0.000	1.000	0.000	-0.142	1.305	3.719	15112.908	-376.800	93.076	0.000	0.100	0.100	742.882	376.800	0.000	0.000	3.849	0.000	0.000	0.000	1.000	142.300	10.800	-120.000	-113.700	26.300	-149.200	-53.000	0.000	0.000	0.000
3738964653.364	160.497	167.966	166.387	0.000	163.138	295.085	0.000	285.851	0.000	155.000	163.000	0.000	0.000	0.000	0.000	0.000	0.000	0.000	1.000	0.000	0.161	1.305	6.290	14527.913	-376.800	93.078	0.000	0.100	0.100	747.574	376.800	0.000	0.000	3.849	0.000	0.000	0.000	1.000	147.400	10.800	-118.600	-112.900	26.300	-149.600	-53.000	0.000	0.000	0.000
3738964663.366	160.546	167.957	166.378	0.000	163.234	295.069	0.000	285.839	0.000	155.000	163.000	0.000	0.000	0.000	0.000	0.000	0.000	1.000	1.000	0.000	-0.142	1.305	-1.422	14527.913	-376.800	93.218	0.000	0.100	0.100	751.483	376.800	0.000	0.000	2.821	0.000	0.000	0.000	1.000	178.600	10.200	-117.500	-112.000	26.700	-150.000	-52.700	0.000	0.000	0.000
3738964673.364	160.737	167.954	166.360	0.000	163.299	295.067	0.000	285.845	0.000	155.000	163.000	0.000	0.000	0.000	0.000	0.000	0.000	1.000	1.000	0.000	0.161	1.305	3.719	14527.913	-376.800	93.031	0.000	0.100	0.100	744.446	376.800	0.000	0.000	2.821	0.000	0.000	0.000	1.000	139.100	14.700	-123.600	-115.200	26.300	-149.400	-56.500	0.000	0.000	0.000
3738964683.365	160.863	167.951	166.358	0.000	163.268	295.071	0.000	285.841	0.000	155.000	163.000	0.000	0.000	0.000	0.000	0.000	0.000	1.000	1.000	0.000	0.161	6.446	1.149	14817.524	-376.800	93.911	0.000	0.100	0.100	747.573	376.800	0.000	0.000	2.307	0.000	0.000	0.000	1.000	138.400	17.900	-132.600	-117.700	27.800	-146.200	-58.400	0.000	0.000	0.000
3738964693.364	160.918	167.952	166.354	0.000	163.264	295.066	0.000	285.832	0.000	155.000	163.000	0.000	0.000	0.000	0.000	0.000	0.000	1.000	1.000	0.000	0.161	3.876	6.290	14527.913	-376.800	93.309	0.000	0.100	0.100	740.536	376.800	0.000	0.000	2.307	0.000	0.000	0.000	1.000	146.700	16.600	-135.900	-118.200	27.800	-143.600	-57.600	0.000	0.000	0.000
3738964703.365	160.997	167.936	166.324	0.000	163.210	295.064	0.000	285.842	0.000	155.000	163.000	0.000	0.000	0.000	0.000	0.000	0.000	1.000	1.000	0.000	0.161	1.305	3.719	14527.913	-376.800	93.218	0.000	0.100	0.100	744.446	376.800	0.000	0.000	1.792	0.000	0.000	0.000	1.000	167.200	17.200	-135.100	-118.600	27.300	-142.000	-57.300	0.000	0.000	0.000
3738964713.365	160.878	167.925	166.317	0.000	163.038	295.069	0.000	285.843	0.000	155.000	163.000	0.000	0.000	0.000	0.000	0.000	0.000	1.000	1.000	0.000	0.464	1.305	3.719	14527.913	-376.800	92.244	0.000	0.100	0.100	746.010	376.800	0.000	0.000	8.477	0.000	0.000	0.000	1.000	172.900	16.000	-134.100	-118.600	27.300	-141.000	-56.900	0.000	0.000	0.000
3738964723.364	160.645	167.893	166.290	0.000	162.780	295.059	0.000	285.841	0.000	155.000	163.000	0.000	0.000	0.000	0.000	0.000	0.000	0.000	1.000	0.000	0.161	1.305	3.719	14817.524	-376.800	92.937	0.000	0.100	0.100	737.409	376.800	0.000	0.000	10.534	0.000	0.000	0.000	1.000	179.900	17.900	-133.300	-118.600	27.800	-140.000	-56.900	0.000	0.000	0.000
3738964733.364	160.395	167.889	166.294	0.000	162.513	295.062	0.000	285.847	0.000	155.000	163.000	0.000	0.000	0.000	0.000	0.000	0.000	0.000	1.000	0.000	-0.142	1.305	3.719	14817.524	-376.800	93.588	0.000	0.100	0.100	738.973	376.800	0.000	0.000	10.534	0.000	0.000	0.000	1.000	162.700	12.800	-132.800	-118.600	27.800	-139.700	-56.100	0.000	0.000	0.000
3738964743.365	160.330	167.870	166.288	0.000	162.415	295.074	0.000	285.855	0.000	155.000	163.000	0.000	0.000	0.000	0.000	0.000	0.000	0.000	1.000	0.000	-0.142	3.876	6.290	14817.524	-376.800	93.264	0.000	0.100	0.100	749.137	376.800	0.000	0.000	10.020	0.000	0.000	0.000	1.000	187.600	10.800	-131.500	-118.200	27.300	-141.500	-54.600	0.000	0.000	0.000
3738964753.365	160.299	167.867	166.279	0.000	162.408	295.073	0.000	285.854	0.000	155.000	163.000	0.000	0.000	0.000	0.000	0.000	0.000	0.000	1.000	0.000	0.161	3.876	1.149	14817.524	-376.800	93.401	0.000	0.100	0.100	743.664	376.800	0.000	0.000	9.505	0.000	0.000	0.000	1.000	160.100	9.600	-130.400	-118.000	26.300	-143.600	-53.800	0.000	0.000	0.000
3738964763.364	160.308	167.868	166.278	0.000	162.458	295.086	0.000	285.848	0.000	155.000	163.000	0.000	0.000	0.000	0.000	0.000	0.000	0.000	1.000	0.000	0.464	1.305	3.719	15112.908	-376.800	93.031	0.000	0.100	0.100	747.573	376.800	0.000	0.000	8.991	0.000	0.000	0.000	1.000	179.900	9.600	-129.400	-117.500	26.300	-145.200	-53.000	0.000	0.000	0.000
3738964773.365	160.331	167.861	166.288	0.000	162.562	295.079	0.000	285.842	0.000	155.000	163.000	0.000	0.000	0.000	0.000	0.000	0.000	0.000	1.000	0.000	-0.142	-1.266	6.290	14527.913	-376.800	93.728	0.000	0.100	0.100	754.611	376.800	0.000	0.000	8.991	0.000	0.000	0.000	1.000	189.500	10.200	-127.500	-116.600	26.300	-146.200	-52.700	0.000	0.000	0.000
3738964783.364	160.354	167.859	166.272	0.000	162.657	295.067	0.000	285.848	0.000	155.000	163.000	0.000	0.000	0.000	0.000	0.000	0.000	0.000	1.000	0.000	0.161	1.305	3.719	14527.913	-376.800	92.660	0.000	0.100	0.100	740.537	376.800	0.000	0.000	8.477	0.000	0.000	0.000	1.000	187.600	8.900	-126.100	-116.100	26.300	-147.200	-52.200	0.000	0.000	0.000
3738964793.365	160.397	167.839	166.242	0.000	162.755	295.084	0.000	285.845	0.000	155.000	163.000	0.000	0.000	0.000	0.000	0.000	0.000	0.000	1.000	0.000	0.161	6.446	6.290	14817.524	-376.800	94.004	0.000	0.100	0.100	753.829	376.800	0.000	0.000	8.477	0.000	0.000	0.000	1.000	156.900	10.800	-124.200	-115.200	26.300	-148.000	-52.200	0.000	0.000	0.000
3738964803.364	160.417	167.833	166.253	0.000	162.875	295.068	0.000	285.837	0.000	155.000	163.000	0.000	0.000	0.000	0.000	0.000	0.000	0.000	1.000	0.000	0.161	1.305	6.290	15112.908	-376.800	93.587	0.000	0.100	0.100	740.536	376.800	0.000	0.000	6.934	0.000	0.000	0.000	1.000	167.800	8.300	-122.200	-114.300	26.300	-148.600	-52.200	0.000	0.000	0.000
3738964813.364	160.460	167.846	166.254	0.000	162.986	295.072	0.000	285.839	0.000	155.000	163.000	0.000	0.000	0.000	0.000	0.000	0.000	0.000	1.000	0.000	0.161	3.876	3.719	14817.524	-376.800	93.079	0.000	0.100	0.100	749.920	376.800	0.000	0.000	7.449	0.000	0.000	0.000	1.000	180.600	10.800	-120.200	-113.700	26.300	-149.200	-51.900	0.000	0.000	0.000
3738964823.365	160.504	167.828	166.246	0.000	163.086	295.074	0.000	285.843	0.000	155.000	163.000	0.000	0.000	0.000	0.000	0.000	0.000	0.000	1.000	0.000	0.464	1.305	3.719	14817.524	-376.800	93.262	0.000	0.100	0.100	742.100	376.800	0.000	0.000	6.420	0.000	0.000	0.000	1.000	181.800	10.800	-118.600	-112.900	26.300	-149.600	-51.500	0.000	0.000	0.000
3738964833.365	160.540	167.842	166.237	0.000	163.174	295.066	0.000	285.853	0.000	155.000	163.000	0.000	0.000	0.000	0.000	0.000	0.000	0.000	1.000	0.000	-0.445	1.305	3.719	14527.913	-376.800	93.633	0.000	0.100	0.100	737.409	376.800	0.000	0.000	6.420	0.000	0.000	0.000	1.000	136.500	10.200	-117.700	-112.000	26.300	-150.000	-51.500	0.000	0.000	0.000
3738964843.365	160.565	167.832	166.226	0.000	163.275	295.061	0.000	285.864	0.000	155.000	163.000	0.000	0.000	0.000	0.000	0.000	0.000	1.000	1.000	0.000	-0.142	1.305	1.149	14817.524	-376.800	93.449	0.000	0.100	0.100	753.829	376.800	0.000	0.000	5.906	0.000	0.000	0.000	1.000	167.800	10.800	-116.300	-111.100	26.300	-150.600	-51.200	0.000	0.000	0.000
3738964853.365	160.763	167.831	166.225	0.000	163.355	295.073	0.000	285.861	0.000	155.000	163.000	0.000	0.000	0.000	0.000	0.000	0.000	1.000	1.000	0.000	0.161	3.876	1.149	14817.524	-376.800	94.284	0.000	0.100	0.100	753.047	376.800	0.000	0.000	5.392	0.000	0.000	0.000	1.000	142.300	18.500	-121.700	-114.300	26.300	-149.800	-55.800	0.000	0.000	0.000
3738964863.365	160.904	167.847	166.223	0.000	163.320	295.074	0.000	285.861	0.000	155.000	163.000	0.000	0.000	0.000	0.000	0.000	0.000	1.000	1.000	0.000	0.464	1.305	3.719	14527.913	-376.800	93.078	0.000	0.100	0.100	749.138	376.800	0.000	0.000	4.878	0.000	0.000	0.000	1.000	141.600	18.500	-132.200	-117.500	27.800	-147.200	-56.900	0.000	0.000	0.000
3738964873.364	160.973	167.824	166.201	0.000	163.303	295.060	0.000	285.848	0.000	155.000	163.000	0.000	0.000	0.000	0.000	0.000	0.000	1.000	1.000	0.000	-0.142	3.876	3.719	14527.913	-376.800	93.957	0.000	0.100	0.100	743.664	376.800	0.000	0.000	4.363	0.000	0.000	0.000	1.000	141.600	13.400	-136.700	-118.000	28.400	-144.000	-57.300	0.000	0.000	0.000
3738964883.364	161.096	167.815	166.207	0.000	163.299	295.060	0.000	285.844	0.000	155.000	163.000	0.000	0.000	0.000	0.000	0.000	0.000	1.000	1.000	0.000	0.464	3.876	3.719	14527.913	-376.800	93.264	0.000	0.100	0.100	748.356	376.800	0.000	0.000	4.878	0.000	0.000	0.000	1.000	142.900	14.000	-135.600	-118.200	27.300	-142.200	-56.100	0.000	0.000	0.000
3738964893.366	161.034	167.820	166.211	0.000	163.136	295.067	0.000	285.843	0.000	155.000	163.000	0.000	0.000	0.000	0.000	0.000	0.000	1.000	1.000	0.000	-0.142	1.305	6.290	14817.524	-376.800	93.773	0.000	0.100	0.100	739.755	376.800	0.000	0.000	3.849	0.000	0.000	0.000	1.000	148.000	14.000	-134.900	-118.600	27.800	-141.000	-55.800	0.000	0.000	0.000
3738964903.365	160.799	167.806	166.204	0.000	162.876	295.056	0.000	285.842	0.000	155.000	163.000	0.000	0.000	0.000	0.000	0.000	0.000	0.000	1.000	0.000	0.161	1.305	1.149	14527.913	-376.800	93.540	0.000	0.100	0.100	742.882	376.800	0.000	0.000	3.335	0.000	0.000	0.000	1.000	178.000	16.000	-133.900	-118.600	27.300	-140.000	-55.300	0.000	0.000	0.000
3738964913.364	160.597	167.800	166.184	0.000	162.636	295.063	0.000	285.848	0.000	155.000	163.000	0.000	0.000	0.000	0.000	0.000	0.000	0.000	1.000	0.000	0.161	3.876	3.719	14527.913	-376.800	93.959	0.000	0.100	0.100	749.138	376.800	0.000	0.000	3.849	0.000	0.000	0.000	1.000	181.200	12.800	-133.000	-118.600	27.800	-140.000	-54.600	0.000	0.000	0.000
3738964923.364	160.505	167.784	166.176	0.000	162.505	295.055	0.000	285.834	0.000	155.000	163.000	0.000	0.000	0.000	0.000	0.000	0.000	0.000	1.000	0.000	-0.142	1.305	-1.422	15112.908	-376.800	93.264	0.000	0.100	0.100	739.755	376.800	0.000	0.000	2.821	0.000	0.000	0.000	1.000	192.700	10.200	-132.000	-118.200	27.300	-141.800	-53.500	0.000	0.000	0.000
3738964933.364	160.496	167.772	166.150	0.000	162.498	295.062	0.000	285.823	0.000	155.000	163.000	0.000	0.000	0.000	0.000	0.000	0.000	0.000	1.000	0.000	-0.142	1.305	6.290	15112.908	-376.800	93.308	0.000	0.100	0.100	738.191	376.800	0.000	0.000	2.307	0.000	0.000	0.000	1.000	158.900	9.600	-130.700	-117.700	26.300	-143.800	-52.200	0.000	0.000	0.000
3738964943.364	160.497	167.755	166.143	0.000	162.547	295.068	0.000	285.827	0.000	155.000	163.000	0.000	0.000	0.000	0.000	0.000	0.000	0.000	1.000	0.000	-0.142	1.305	3.719	14817.524	-376.800	93.542	0.000	0.100	0.100	748.356	376.800	0.000	0.000	2.307	0.000	0.000	0.000	1.000	162.100	10.200	-129.400	-117.200	26.300	-145.500	-51.500	0.000	0.000	0.000
3738964953.365	160.508	167.762	166.145	0.000	162.637	295.083	0.000	285.845	0.000	155.000	163.000	0.000	0.000	0.000	0.000	0.000	0.000	0.000	1.000	0.000	-0.142	3.876	3.719	15112.908	-376.800	92.892	0.000	0.100	0.100	739.755	376.800	0.000	0.000	3.335	0.000	0.000	0.000	1.000	172.900	7.700	-127.700	-116.600	26.300	-146.700	-51.500	0.000	0.000	0.000
3738964963.365	160.487	167.729	166.116	0.000	162.716	295.076	0.000	285.833	0.000	155.000	163.000	0.000	0.000	0.000	0.000	0.000	0.000	0.000	1.000	0.000	-0.142	1.305	6.290	15112.908	-376.800	93.169	0.000	0.100	0.100	736.627	376.800	0.000	0.000	11.048	0.000	0.000	0.000	1.000	157.600	9.600	-126.400	-115.700	26.700	-147.400	-51.200	0.000	0.000	0.000
3738964973.365	160.544	167.746	166.122	0.000	162.845	295.071	0.000	285.852	0.000	155.000	163.000	0.000	0.000	0.000	0.000	0.000	0.000	0.000	1.000	0.000	-0.445	1.305	6.290	14817.524	-376.800	92.986	0.000	0.100	0.100	742.882	376.800	0.000	0.000	10.534	0.000	0.000	0.000	1.000	171.000	10.800	-124.700	-115.200	26.300	-148.000	-50.700	0.000	0.000	0.000
3738964983.365	160.568	167.740	166.129	0.000	162.943	295.076	0.000	285.845	0.000	155.000	163.000	0.000	0.000	0.000	0.000	0.000	0.000	0.000	1.000	0.000	0.161	3.876	3.719	14817.524	-376.800	93.634	0.000	0.100	0.100	750.701	376.800	0.000	0.000	10.020	0.000	0.000	0.000	1.000	168.400	8.900	-122.800	-114.300	26.700	-148.600	-50.700	0.000	0.000	0.000
3738964993.364	160.596	167.718	166.124	0.000	163.045	295.067	0.000	285.836	0.000	155.000	163.000	0.000	0.000	0.000	0.000	0.000	0.000	0.000	1.000	0.000	0.161	1.305	8.861	14817.524	-376.800	93.169	0.000	0.100	0.100	741.318	376.800	0.000	0.000	10.020	0.000	0.000	0.000	1.000	141.600	10.800	-120.800	-113.400	26.700	-149.200	-50.700	0.000	0.000	0.000
3738965003.365	160.629	167.717	166.107	0.000	163.146	295.079	0.000	285.855	0.000	155.000	163.000	0.000	0.000	0.000	0.000	0.000	0.000	0.000	1.000	0.000	0.161	1.305	6.290	14817.524	-376.800	92.753	0.000	0.100	0.100	744.446	376.800	0.000	0.000	8.991	0.000	0.000	0.000	1.000	157.600	9.600	-118.900	-112.500	27.300	-149.800	-50.700	0.000	0.000	0.000
3738965013.364	160.663	167.720	166.100	0.000	163.231	295.068	0.000	285.845	0.000	155.000	163.000	0.000	0.000	0.000	0.000	0.000	0.000	1.000	1.000	0.000	-0.445	1.305	6.290	14817.524	-376.800	92.893	0.000	0.100	0.100	739.755	376.800	0.000	0.000	8.477	0.000	0.000	0.000	1.000	165.900	10.800	-117.700	-111.700	26.700	-150.000	-50.700	0.000	0.000	0.000
3738965023.366	160.812	167.701	166.089	0.000	163.299	295.074	0.000	285.834	0.000	155.000	163.000	0.000	0.000	0.000	0.000	0.000	0.000	1.000	1.000	0.000	0.161	1.305	6.290	15112.908	-376.800	93.912	0.000	0.100	0.100	748.355	376.800	0.000	0.000	8.991	0.000	0.000	0.000	1.000	146.700	14.700	-123.300	-114.800	26.700	-149.600	-56.100	0.000	0.000	0.000
3738965033.364	160.918	167.690	166.067	0.000	163.265	295.085	0.000	285.835	0.000	155.000	163.000	0.000	0.000	0.000	0.000	0.000	0.000	1.000	1.000	0.000	0.766	1.305	3.719	15112.908	-376.800	92.984	0.000	0.100	0.100	753.047	376.800	0.000	0.000	7.963	0.000	0.000	0.000	1.000	163.300	14.700	-133.500	-117.500	28.400	-146.700	-57.600	0.000	0.000	0.000
3738965043.366	160.982	167.708	166.074	0.000	163.251	295.075	0.000	285.838	0.000	155.000	163.000	0.000	0.000	0.000	0.000	0.000	0.000	1.000	1.000	0.000	0.161	1.305	3.719	14817.524	-376.800	93.125	0.000	0.100	0.100	746.792	376.800	0.000	0.000	7.449	0.000	0.000	0.000	1.000	134.600	13.000	-136.700	-118.000	27.800	-143.600	-56.900	0.000	0.000	0.000
3738965053.365	161.081	167.692	166.079	0.000	163.236	295.074	0.000	285.833	0.000	155.000	163.000	0.000	0.000	0.000	0.000	0.000	0.000	1.000	1.000	0.000	-0.142	1.305	6.290	14817.524	-376.800	92.707	0.000	0.100	0.100	746.792	376.800	0.000	0.000	7.449	0.000	0.000	0.000	1.000	160.100	17.200	-135.100	-118.200	27.800	-142.000	-56.100	0.000	0.000	0.000
3738965063.364	160.969	167.668	166.068	0.000	163.050	295.078	0.000	285.843	0.000	155.000	163.000	0.000	0.000	0.000	0.000	0.000	0.000	1.000	1.000	0.000	0.161	1.305	3.719	14527.913	-376.800	94.004	0.000	0.100	0.100	746.792	376.800	0.000	0.000	7.449	0.000	0.000	0.000	1.000	146.700	13.400	-134.600	-118.600	27.800	-141.000	-56.100	0.000	0.000	0.000
3738965073.366	160.732	167.669	166.045	0.000	162.795	295.082	0.000	285.838	0.000	155.000	163.000	0.000	0.000	0.000	0.000	0.000	0.000	0.000	1.000	0.000	0.464	1.305	6.290	14817.524	-376.800	93.355	0.000	0.100	0.100	743.664	376.800	0.000	0.000	6.420	0.000	0.000	0.000	1.000	154.400	14.000	-134.100	-118.200	27.800	-140.000	-56.100	0.000	0.000	0.000
3738965083.364	160.519	167.658	166.057	0.000	162.550	295.084	0.000	285.845	0.000	155.000	163.000	0.000	0.000	0.000	0.000	0.000	0.000	0.000	1.000	0.000	0.161	1.305	6.290	14817.524	-376.800	93.680	0.000	0.100	0.100	742.100	376.800	0.000	0.000	6.420	0.000	0.000	0.000	1.000	174.200	9.600	-133.000	-118.600	28.400	-140.000	-55.000	0.000	0.000	0.000
3738965093.364	160.463	167.640	166.042	0.000	162.448	295.086	0.000	285.837	0.000	155.000	163.000	0.000	0.000	0.000	0.000	0.000	0.000	0.000	1.000	0.000	-0.142	1.305	6.290	14527.913	-376.800	92.939	0.000	0.100	0.100	744.447	376.800	0.000	0.000	5.392	0.000	0.000	0.000	1.000	152.500	10.800	-132.000	-118.200	27.300	-141.800	-53.800	0.000	0.000	0.000
3738965103.365	160.426	167.636	166.019	0.000	162.434	295.073	0.000	285.834	0.000	155.000	163.000	0.000	0.000	0.000	0.000	0.000	0.000	0.000	1.000	0.000	0.161	3.876	3.719	14817.524	-376.800	92.752	0.000	0.100	0.100	741.319	376.800	0.000	0.000	5.392	0.000	0.000	0.000	1.000	176.700	7.700	-130.700	-117.700	26.300	-143.800	-52.200	0.000	0.000	0.000
3738965113.365	160.430	167.618	166.009	0.000	162.483	295.079	0.000	285.830	0.000	155.000	163.000	0.000	0.000	0.000	0.000	0.000	0.000	0.000	1.000	0.000	0.161	-1.266	6.290	15112.908	-376.800	93.216	0.000	0.100	0.100	745.228	376.800	0.000	0.000	4.878	0.000	0.000	0.000	1.000	190.800	9.600	-129.400	-117.500	26.300	-145.500	-52.200	0.000	0.000	0.000
3738965123.364	160.465	167.630	166.030	0.000	162.572	295.086	0.000	285.846	0.000	155.000	163.000	0.000	0.000	0.000	0.000	0.000	0.000	0.000	1.000	0.000	-0.142	3.876	6.290	14817.524	-376.800	93.356	0.000	0.100	0.100	749.919	376.800	0.000	0.000	4.363	0.000	0.000	0.000	1.000	189.500	8.900	-127.700	-116.600	26.700	-146.200	-51.500	0.000	0.000	0.000
3738965133.364	160.495	167.621	166.017	0.000	162.659	295.083	0.000	285.842	0.000	155.000	163.000	0.000	0.000	0.000	0.000	0.000	0.000	0.000	1.000	0.000	0.161	1.305	1.149	14817.524	-376.800	92.383	0.000	0.100	0.100	742.883	376.800	0.000	0.000	4.878	0.000	0.000	0.000	1.000	170.300	10.200	-126.100	-116.100	26.700	-147.200	-51.200	0.000	0.000	0.000
3738965143.365	160.522	167.624	166.013	0.000	162.768	295.082	0.000	285.842	0.000	155.000	163.000	0.000	0.000	0.000	0.000	0.000	0.000	0.000	1.000	0.000	-0.142	3.876	3.719	14817.524	-376.800	93.542	0.000	0.100	0.100	735.845	376.800	0.000	0.000	3.335	0.000	0.000	0.000	1.000	186.900	9.600	-124.200	-115.200	26.700	-148.000	-50.700	0.000	0.000	0.000
3738965153.365	160.567	167.610	166.002	0.000	162.855	295.090	0.000	285.844	0.000	155.000	163.000	0.000	0.000	0.000	0.000	0.000	0.000	0.000	1.000	0.000	-0.142	3.876	3.719	14817.524	-376.800	93.447	0.000	0.100	0.100	740.536	376.800	0.000	0.000	3.335	0.000	0.000	0.000	1.000	182.500	10.200	-122.200	-114.300	27.300	-148.600	-50.700	0.000	0.000	0.000
3738965163.364	160.572	167.606	165.981	0.000	162.955	295.090	0.000	285.840	0.000	155.000	163.000	0.000	0.000	0.000	0.000	0.000	0.000	0.000	1.000	0.000	-0.445	1.305	3.719	14817.524	-376.800	93.541	0.000	0.100	0.100	742.882	376.800	0.000	0.000	2.821	0.000	0.000	0.000	1.000	155.000	10.800	-120.200	-113.400	26.700	-149.200	-50.400	0.000	0.000	0.000
3738965173.365	160.600	167.589	165.960	0.000	163.059	295.087	0.000	285.837	0.000	155.000	163.000	0.000	0.000	0.000	0.000	0.000	0.000	0.000	1.000	0.000	0.161	-1.266	6.290	14817.524	-376.800	94.098	0.000	0.100	0.100	749.919	376.800	0.000	0.000	3.335	0.000	0.000	0.000	1.000	141.000	10.800	-118.900	-112.500	26.700	-149.600	-49.900	0.000	0.000	0.000
3738965183.364	160.618	167.586	165.952	0.000	163.139	295.079	0.000	285.836	0.000	155.000	163.000	0.000	0.000	0.000	0.000	0.000	0.000	0.000	1.000	0.000	-0.142	1.305	3.719	15112.908	-376.800	92.476	0.000	0.100	0.100	739.755	376.800	0.000	0.000	1.792	0.000	0.000	0.000	1.000	162.100	8.900	-117.700	-111.700	26.700	-150.000	-49.900	0.000	0.000	0.000
3738965193.366	160.637	167.560	165.944	0.000	163.222	295.072	0.000	285.823	0.000	155.000	163.000	0.000	0.000	0.000	0.000	0.000	0.000	1.000	1.000	0.000	0.161	-1.266	3.719	14817.524	-376.800	92.337	0.000	0.100	0.100	743.664	376.800	0.000	0.000	1.792	0.000	0.000	0.000	1.000	176.100	10.200	-116.600	-110.800	26.700	-150.600	-49.900	0.000	0.000	0.000
3738965203.365	160.840	167.581	165.957	0.000	163.303	295.077	0.000	285.833	0.000	155.000	163.000	0.000	0.000	0.000	0.000	0.000	0.000	1.000	1.000	0.000	0.464	6.446	3.719	14817.524	-376.800	92.939	0.000	0.100	0.100	745.228	376.800	0.000	0.000	8.477	0.000	0.000	0.000	1.000	162.700	14.700	-122.500	-114.300	27.300	-149.800	-56.100	0.000	0.000	0.000
3738965213.366	160.951	167.587	165.964	0.000	163.246	295.081	0.000	285.841	0.000	155.000	163.000	0.000	0.000	0.000	0.000	0.000	0.000	1.000	1.000	0.000	0.464	-1.266	-1.422	15414.181	-376.800	93.633	0.000	0.100	0.100	747.574	376.800	0.000	0.000	11.048	0.000	0.000	0.000	1.000	156.900	17.900	-132.600	-117.500	28.400	-147.000	-57.600	0.000	0.000	0.000
3738965223.364	161.015	167.574	165.950	0.000	163.246	295.072	0.000	285.816	0.000	155.000	163.000	0.000	0.000	0.000	0.000	0.000	0.000	1.000	1.000	0.000	-0.142	3.876	3.719	15112.908	-376.800	92.567	0.000	0.100	0.100	748.356	376.800	0.000	0.000	10.534	0.000	0.000	0.000	1.000	139.700	12.800	-136.700	-118.000	28.400	-143.800	-57.600	0.000	0.000	0.000
3738965233.365	161.150	167.585	165.956	0.000	163.244	295.077	0.000	285.829	0.000	155.000	163.000	0.000	0.000	0.000	0.000	0.000	0.000	1.000	1.000	0.000	0.161	1.305	3.719	14817.524	-376.800	92.288	0.000	0.100	0.100	742.882	376.800	0.000	0.000	9.505	0.000	0.000	0.000	1.000	166.500	14.000	-135.100	-118.200	27.800	-142.000	-56.100	0.000	0.000	0.000
3738965243.365	161.058	167.572	165.937	0.000	163.085	295.096	0.000	285.842	0.000	155.000	163.000	0.000	0.000	0.000	0.000	0.000	0.000	1.000	1.000	0.000	-0.142	-1.266	8.861	15112.908	-376.800	93.262	0.000	0.100	0.100	742.882	376.800	0.000	0.000	10.020	0.000	0.000	0.000	1.000	175.500	13.400	-134.100	-118.200	27.800	-141.000	-55.300	0.000	0.000	0.000
3738965253.365	160.847	167.585	165.950	0.000	162.835	295.080	0.000	285.847	0.000	155.000	163.000	0.000	0.000	0.000	0.000	0.000	0.000	0.000	1.000	0.000	0.161	3.876	3.719	14817.524	-376.800	92.798	0.000	0.100	0.100	749.919	376.800	0.000	0.000	8.477	0.000	0.000	0.000	1.000	167.800	16.600	-133.300	-118.200	27.800	-140.000	-55.300	0.000	0.000	0.000
3738965263.364	160.608	167.544	165.926	0.000	162.553	295.075	0.000	285.829	0.000	155.000	163.000	0.000	0.000	0.000	0.000	0.000	0.000	0.000	1.000	0.000	0.161	-1.266	1.149	15112.908	-376.800	93.818	0.000	0.100	0.100	749.919	376.800	0.000	0.000	8.477	0.000	0.000	0.000	1.000	160.100	12.100	-133.000	-118.600	27.800	-140.000	-54.600	0.000	0.000	0.000
3738965273.364	160.526	167.544	165.920	0.000	162.448	295.079	0.000	285.828	0.000	155.000	163.000	0.000	0.000	0.000	0.000	0.000	0.000	0.000	1.000	0.000	-0.142	1.305	3.719	14527.913	-376.800	93.077	0.000	0.100	0.100	739.755	376.800	0.000	0.000	7.963	0.000	0.000	0.000	1.000	167.200	10.800	-132.000	-118.200	27.300	-141.500	-53.500	0.000	0.000	0.000
3738965283.365	160.521	167.542	165.913	0.000	162.433	295.073	0.000	285.833	0.000	155.000	163.000	0.000	0.000	0.000	0.000	0.000	0.000	0.000	1.000	0.000	-0.142	-1.266	6.290	15112.908	-376.800	93.818	0.000	0.100	0.100	748.355	376.800	0.000	0.000	7.963	0.000	0.000	0.000	1.000	177.400	9.600	-130.700	-117.700	26.700	-143.600	-52.200	0.000	0.000	0.000
3738965293.365	160.540	167.558	165.917	0.000	162.491	295.084	0.000	285.830	0.000	155.000	163.000	0.000	0.000	0.000	0.000	0.000	0.000	0.000	1.000	0.000	-0.142	1.305	6.290	14817.524	-376.800	93.447	0.000	0.100	0.100	748.355	376.800	0.000	0.000	6.934	0.000	0.000	0.000	1.000	172.300	8.900	-129.400	-117.200	26.300	-145.200	-51.500	0.000	0.000	0.000
3738965303.365	160.567	167.544	165.915	0.000	162.576	295.079	0.000	285.826	0.000	155.000	163.000	0.000	0.000	0.000	0.000	0.000	0.000	0.000	1.000	0.000	0.161	1.305	3.719	15112.908	-376.800	93.818	0.000	0.100	0.100	744.446	376.800	0.000	0.000	7.449	0.000	0.000	0.000	1.000	167.200	10.200	-127.700	-116.600	26.300	-146.200	-51.200	0.000	0.000	0.000
3738965313.364	160.569	167.542	165.907	0.000	162.662	295.079	0.000	285.835	0.000	155.000	163.000	0.000	0.000	0.000	0.000	0.000	0.000	0.000	1.000	0.000	0.464	1.305	1.149	15112.908	-376.800	93.818	0.000	0.100	0.100	745.228	376.800	0.000	0.000	6.420	0.000	0.000	0.000	1.000	167.800	10.200	-126.400	-115.700	26.300	-147.200	-50.700	0.000	0.000	0.000
3738965323.364	160.590	167.530	165.891	0.000	162.755	295.075	0.000	285.836	0.000	155.000	163.000	0.000	0.000	0.000	0.000	0.000	0.000	0.000	1.000	0.000	-0.142	3.876	6.290	14527.913	-376.800	93.216	0.000	0.100	0.100	738.973	376.800	0.000	0.000	5.906	0.000	0.000	0.000	1.000	167.800	10.200	-124.700	-114.800	26.700	-148.000	-50.700	0.000	0.000	0.000
3738965333.365	160.602	167.519	165.877	0.000	162.837	295.078	0.000	285.821	0.000	155.000	163.000	0.000	0.000	0.000	0.000	0.000	0.000	0.000	1.000	0.000	0.161	1.305	3.719	14817.524	-376.800	94.050	0.000	0.100	0.100	743.664	376.800	0.000	0.000	5.906	0.000	0.000	0.000	1.000	147.400	10.200	-122.800	-114.000	27.300	-148.600	-50.400	0.000	0.000	0.000
3738965343.364	160.654	167.511	165.870	0.000	162.956	295.071	0.000	285.833	0.000	155.000	163.000	0.000	0.000	0.000	0.000	0.000	0.000	0.000	1.000	0.000	0.161	1.305	1.149	14817.524	-376.800	92.707	0.000	0.100	0.100	741.318	376.800	0.000	0.000	5.392	0.000	0.000	0.000	1.000	167.200	10.800	-120.800	-113.100	26.700	-149.200	-49.900	0.000	0.000	0.000
3738965353.364	160.688	167.531	165.895	0.000	163.060	295.059	0.000	285.837	0.000	155.000	163.000	0.000	0.000	0.000	0.000	0.000	0.000	0.000	1.000	0.000	0.161	3.876	1.149	14527.913	-376.800	93.496	0.000	0.100	0.100	749.137	376.800	0.000	0.000	4.363	0.000	0.000	0.000	1.000	152.500	10.200	-119.100	-112.500	27.300	-149.600	-49.900	0.000	0.000	0.000
3738965363.364	160.716	167.514	165.869	0.000	163.129	295.061	0.000	285.824	0.000	155.000	163.000	0.000	0.000	0.000	0.000	0.000	0.000	0.000	1.000	0.000	-0.142	3.876	6.290	15112.908	-376.800	93.356	0.000	0.100	0.100	754.611	376.800	0.000	0.000	4.878	0.000	0.000	0.000	1.000	147.400	10.800	-118.000	-111.300	27.300	-150.000	-49.500	0.000	0.000	0.000
3738965373.364	160.740	167.527	165.881	0.000	163.247	295.051	0.000	285.829	0.000	155.000	163.000	0.000	0.000	0.000	0.000	0.000	0.000	1.000	1.000	0.000	0.161	1.305	3.719	14817.524	-376.800	93.587	0.000	0.100	0.100	746.792	376.800	0.000	0.000	4.363	0.000	0.000	0.000	1.000	167.800	10.200	-116.800	-110.400	26.700	-150.600	-49.200	0.000	0.000	0.000
3738965383.365	160.939	167.519	165.879	0.000	163.307	295.065	0.000	285.828	0.000	155.000	163.000	0.000	0.000	0.000	0.000	0.000	0.000	1.000	1.000	0.000	0.161	-1.266	6.290	14243.963	-376.800	93.587	0.000	0.100	0.100	749.137	376.800	0.000	0.000	3.849	0.000	0.000	0.000	1.000	134.600	16.600	-122.000	-114.000	26.300	-149.600	-55.300	0.000	0.000	0.000
3738965393.365	161.035	167.500	165.859	0.000	163.233	295.043	0.000	285.811	0.000	155.000	163.000	0.000	0.000	0.000	0.000	0.000	0.000	1.000	1.000	0.000	-0.142	-1.266	8.861	14817.524	-376.800	92.522	0.000	0.100	0.100	742.882	376.800	0.000	0.000	3.335	0.000	0.000	0.000	1.000	143.600	14.000	-133.000	-117.200	28.400	-147.000	-57.600	0.000	0.000	0.000
3738965403.364	161.099	167.508	165.856	0.000	163.252	295.051	0.000	285.826	0.000	155.000	163.000	0.000	0.000	0.000	0.000	0.000	0.000	1.000	1.000	0.000	-0.142	-1.266	3.719	14817.524	-376.800	93.171	0.000	0.100	0.100	744.447	376.800	0.000	0.000	2.821	0.000	0.000	0.000	1.000	151.200	14.000	-136.700	-117.700	28.900	-143.800	-56.900	0.000	0.000	0.000
3738965413.366	161.218	167.513	165.847	0.000	163.224	295.050	0.000	285.820	0.000	155.000	163.000	0.000	0.000	0.000	0.000	0.000	0.000	1.000	1.000	0.000	0.161	1.305	1.149	14817.524	-376.800	93.124	0.000	0.100	0.100	741.319	376.800	0.000	0.000	2.307	0.000	0.000	0.000	1.000	172.900	12.100	-135.100	-118.000	28.400	-142.000	-55.800	0.000	0.000	0.000
3738965423.365	161.136	167.509	165.853	0.000	163.076	295.048	0.000	285.822	0.000	155.000	163.000	0.000	0.000	0.000	0.000	0.000	0.000	1.000	1.000	0.000	-0.142	6.446	3.719	14527.913	-376.800	93.170	0.000	0.100	0.100	731.936	376.800	0.000	0.000	2.307	0.000	0.000	0.000	1.000	175.500	14.000	-134.600	-118.200	28.400	-141.000	-55.300	0.000	0.000	0.000
3738965433.365	160.893	167.487	165.836	0.000	162.814	295.055	0.000	285.809	0.000	155.000	163.000	0.000	0.000	0.000	0.000	0.000	0.000	0.000	1.000	0.000	0.161	1.305	6.290	14817.524	-376.800	93.772	0.000	0.100	0.100	742.882	376.800	0.000	0.000	1.792	0.000	0.000	0.000	1.000	172.300	17.200	-133.000	-118.200	27.800	-140.000	-55.000	0.000	0.000	0.000
3738965443.364	160.662	167.485	165.833	0.000	162.568	295.052	0.000	285.806	0.000	155.000	163.000	0.000	0.000	0.000	0.000	0.000	0.000	0.000	1.000	0.000	-0.142	3.876	3.719	14817.524	-376.800	93.216	0.000	0.100	0.100	733.499	376.800	0.000	0.000	4.878	0.000	0.000	0.000	1.000	148.700	12.100	-133.000	-118.200	28.400	-140.000	-54.600	0.000	0.000	0.000
3738965453.364	160.610	167.496	165.828	0.000	162.436	295.055	0.000	285.815	0.000	155.000	163.000	0.000	0.000	0.000	0.000	0.000	0.000	0.000	1.000	0.000	-0.142	1.305	3.719	15112.908	-376.800	93.819	0.000	0.100	0.100	746.791	376.800	0.000	0.000	11.048	0.000	0.000	0.000	1.000	174.800	10.800	-132.000	-118.000	27.300	-141.800	-53.000	0.000	0.000	0.000
3738965463.365	160.597	167.482	165.818	0.000	162.428	295.048	0.000	285.813	0.000	155.000	163.000	0.000	0.000	0.000	0.000	0.000	0.000	0.000	1.000	0.000	0.161	6.446	3.719	14817.524	-376.800	93.079	0.000	0.100	0.100	745.228	376.800	0.000	0.000	10.020	0.000	0.000	0.000	1.000	176.100	9.600	-130.700	-117.700	26.700	-143.800	-51.900	0.000	0.000	0.000
3738965473.364	160.584	167.473	165.822	0.000	162.483	295.052	0.000	285.804	0.000	155.000	163.000	0.000	0.000	0.000	0.000	0.000	0.000	0.000	1.000	0.000	-0.142	3.876	3.719	14817.524	-376.800	93.495	0.000	0.100	0.100	743.664	376.800	0.000	0.000	9.505	0.000	0.000	0.000	1.000	156.900	8.900	-129.400	-117.200	26.300	-145.200	-51.200	0.000	0.000	0.000
3738965483.364	160.593	167.457	165.793	0.000	162.533	295.041	0.000	285.803	0.000	155.000	163.000	0.000	0.000	0.000	0.000	0.000	0.000	0.000	1.000	0.000	0.464	3.876	3.719	14817.524	-376.800	92.613	0.000	0.100	0.100	735.063	376.800	0.000	0.000	9.505	0.000	0.000	0.000	1.000	153.800	10.200	-127.700	-116.300	26.300	-146.200	-50.700	0.000	0.000	0.000
3738965493.365	160.617	167.457	165.799	0.000	162.647	295.051	0.000	285.822	0.000	155.000	163.000	0.000	0.000	0.000	0.000	0.000	0.000	0.000	1.000	0.000	0.464	1.305	6.290	14527.913	-376.800	92.660	0.000	0.100	0.100	738.191	376.800	0.000	0.000	8.991	0.000	0.000	0.000	1.000	157.600	10.800	-126.400	-115.400	26.300	-147.200	-50.700	0.000	0.000	0.000
3738965503.364	160.613	167.444	165.788	0.000	162.734	295.047	0.000	285.801	0.000	155.000	163.000	0.000	0.000	0.000	0.000	0.000	0.000	0.000	1.000	0.000	0.464	-1.266	3.719	14817.524	-376.800	93.171	0.000	0.100	0.100	749.138	376.800	0.000	0.000	8.991	0.000	0.000	0.000	1.000	155.000	7.700	-124.400	-114.800	26.300	-148.000	-49.900	0.000	0.000	0.000
3738965513.364	160.683	167.469	165.801	0.000	162.852	295.045	0.000	285.819	0.000	155.000	163.000	0.000	0.000	0.000	0.000	0.000	0.000	0.000	1.000	0.000	0.161	1.305	6.290	14527.913	-376.800	93.217	0.000	0.100	0.100	742.883	376.800	0.000	0.000	8.477	0.000	0.000	0.000	1.000	143.600	7.700	-122.500	-114.000	26.700	-148.600	-49.900	0.000	0.000	0.000
3738965523.364	160.707	167.459	165.804	0.000	162.937	295.052	0.000	285.827	0.000	155.000	163.000	0.000	0.000	0.000	0.000	0.000	0.000	0.000	1.000	0.000	0.161	3.876	3.719	14527.913	-376.800	92.475	0.000	0.100	0.100	746.792	376.800	0.000	0.000	7.963	0.000	0.000	0.000	1.000	168.400	10.800	-120.800	-113.100	26.700	-149.200	-49.500	0.000	0.000	0.000
3738965533.364	160.721	167.437	165.774	0.000	163.016	295.032	0.000	285.812	0.000	155.000	163.000	0.000	0.000	0.000	0.000	0.000	0.000	0.000	1.000	0.000	0.464	1.305	3.719	14527.913	-376.800	92.474	0.000	0.100	0.100	740.537	376.800	0.000	0.000	8.477	0.000	0.000	0.000	1.000	143.600	10.200	-118.900	-112.200	27.300	-149.600	-49.200	0.000	0.000	0.000
3738965543.365	160.763	167.436	165.770	0.000	163.107	295.026	0.000	285.802	0.000	155.000	163.000	0.000	0.000	0.000	0.000	0.000	0.000	0.000	1.000	0.000	0.161	1.305	1.149	14527.913	-376.800	92.520	0.000	0.100	0.100	750.701	376.800	0.000	0.000	6.934	0.000	0.000	0.000	1.000	165.900	10.800	-117.700	-111.300	26.700	-150.000	-49.200	0.000	0.000	0.000
3738965553.365	160.791	167.435	165.763	0.000	163.175	295.018	0.000	285.797	0.000	155.000	163.000	0.000	0.000	0.000	0.000	0.000	0.000	1.000	1.000	0.000	0.161	1.305	3.719	14243.963	-376.800	92.568	0.000	0.100	0.100	748.356	376.800	0.000	0.000	6.420	0.000	0.000	0.000	1.000	164.600	10.800	-116.600	-110.400	26.700	-150.600	-49.200	0.000	0.000	0.000
3738965563.364	160.980	167.447	165.786	0.000	163.286	295.026	0.000	285.807	0.000	155.000	163.000	0.000	0.000	0.000	0.000	0.000	0.000	1.000	1.000	0.000	0.161	-1.266	1.149	14817.524	-376.800	93.681	0.000	0.100	0.100	748.356	376.800	0.000	0.000	6.934	0.000	0.000	0.000	1.000	156.300	16.600	-122.500	-114.300	27.300	-149.800	-55.300	0.000	0.000	0.000
3738965573.364	161.105	167.463	165.783	0.000	163.244	295.017	0.000	285.808	0.000	155.000	163.000	0.000	0.000	0.000	0.000	0.000	0.000	1.000	1.000	0.000	-0.142	3.876	6.290	14817.524	-376.800	93.076	0.000	0.100	0.100	746.792	376.800	0.000	0.000	5.392	0.000	0.000	0.000	1.000	151.800	14.000	-133.500	-117.200	28.400	-146.700	-58.100	0.000	0.000	0.000
3738965583.364	161.159	167.453	165.787	0.000	163.226	295.011	0.000	285.800	0.000	155.000	163.000	0.000	0.000	0.000	0.000	0.000	0.000	1.000	1.000	0.000	0.464	3.876	3.719	14243.963	-376.800	92.985	0.000	0.100	0.100	741.319	376.800	0.000	0.000	5.906	0.000	0.000	0.000	1.000	137.200	12.800	-136.200	-117.700	28.900	-143.800	-56.900	0.000	0.000	0.000
3738965593.364	161.261	167.445	165.781	0.000	163.214	295.013	0.000	285.798	0.000	155.000	163.000	0.000	0.000	0.000	0.000	0.000	0.000	1.000	1.000	0.000	0.161	1.305	3.719	14817.524	-376.800	93.078	0.000	0.100	0.100	738.191	376.800	0.000	0.000	3.849	0.000	0.000	0.000	1.000	141.600	15.300	-135.600	-118.000	27.800	-142.000	-56.100	0.000	0.000	0.000
3738965603.365	161.160	167.439	165.790	0.000	163.042	295.017	0.000	285.791	0.000	155.000	163.000	0.000	0.000	0.000	0.000	0.000	0.000	1.000	1.000	0.000	0.161	3.876	3.719	14527.913	-376.800	94.282	0.000	0.100	0.100	747.573	376.800	0.000	0.000	4.878	0.000	0.000	0.000	1.000	167.200	13.400	-134.900	-118.200	27.800	-141.000	-55.300	0.000	0.000	0.000
3738965613.365	160.948	167.454	165.783	0.000	162.781	295.017	0.000	285.787	0.000	155.000	163.000	0.000	0.000	0.000	0.000	0.000	0.000	0.000	1.000	0.000	-0.142	3.876	1.149	14527.913	-376.800	93.447	0.000	0.100	0.100	746.791	376.800	0.000	0.000	4.363	0.000	0.000	0.000	1.000	142.900	17.900	-133.300	-118.200	27.800	-140.000	-55.300	0.000	0.000	0.000
3738965623.365	160.726	167.442	165.754	0.000	162.542	295.018	0.000	285.802	0.000	155.000	163.000	0.000	0.000	0.000	0.000	0.000	0.000	0.000	1.000	0.000	0.161	1.305	3.719	14817.524	-376.800	92.800	0.000	0.100	0.100	745.228	376.800	0.000	0.000	3.335	0.000	0.000	0.000	1.000	149.300	12.100	-133.000	-118.600	28.400	-139.700	-54.600	0.000	0.000	0.000
3738965633.365	160.628	167.401	165.740	0.000	162.420	295.012	0.000	285.791	0.000	155.000	163.000	0.000	0.000	0.000	0.000	0.000	0.000	0.000	1.000	0.000	0.161	1.305	3.719	14527.913	-376.800	93.588	0.000	0.100	0.100	749.920	376.800	0.000	0.000	3.849	0.000	0.000	0.000	1.000	187.600	10.800	-132.000	-118.000	27.800	-141.500	-53.000	0.000	0.000	0.000
3738965643.364	160.610	167.393	165.730	0.000	162.402	295.025	0.000	285.785	0.000	155.000	163.000	0.000	0.000	0.000	0.000	0.000	0.000	0.000	1.000	0.000	-0.142	1.305	6.290	14817.524	-376.800	93.123	0.000	0.100	0.100	749.138	376.800	0.000	0.000	3.335	0.000	0.000	0.000	1.000	167.800	7.000	-130.700	-117.700	27.300	-143.800	-52.200	0.000	0.000	0.000
3738965653.365	160.623	167.414	165.719	0.000	162.457	295.027	0.000	285.795	0.000	155.000	163.000	0.000	0.000	0.000	0.000	0.000	0.000	0.000	1.000	0.000	-0.142	-1.266	6.290	14527.913	-376.800	93.171	0.000	0.100	0.100	741.319	376.800	0.000	0.000	3.335	0.000	0.000	0.000	1.000	191.400	10.200	-129.400	-117.200	26.700	-145.200	-51.200	0.000	0.000	0.000
3738965663.365	160.639	167.400	165.726	0.000	162.527	295.031	0.000	285.793	0.000	155.000	163.000	0.000	0.000	0.000	0.000	0.000	0.000	0.000	1.000	0.000	-0.142	1.305	6.290	14817.524	-376.800	93.264	0.000	0.100	0.100	737.409	376.800	0.000	0.000	2.821	0.000	0.000	0.000	1.000	146.700	10.800	-127.700	-116.300	26.700	-146.400	-50.700	0.000	0.000	0.000
3738965673.365	160.649	167.369	165.711	0.000	162.601	295.023	0.000	285.792	0.000	155.000	163.000	0.000	0.000	0.000	0.000	0.000	0.000	0.000	1.000	0.000	0.464	1.305	6.290	14527.913	-376.800	93.448	0.000	0.100	0.100	749.138	376.800	0.000	0.000	2.821	0.000	0.000	0.000	1.000	147.400	10.800	-126.400	-115.700	27.300	-147.400	-50.700	0.000	0.000	0.000
3738965683.364	160.676	167.371	165.717	0.000	162.718	295.029	0.000	285.783	0.000	155.000	163.000	0.000	0.000	0.000	0.000	0.000	0.000	0.000	1.000	0.000	0.161	1.305	3.719	14817.524	-376.800	92.984	0.000	0.100	0.100	746.009	376.800	0.000	0.000	0.764	0.000	0.000	0.000	1.000	167.200	10.200	-124.700	-114.800	27.300	-148.000	-49.900	0.000	0.000	0.000
3738965693.365	160.722	167.383	165.714	0.000	162.820	295.026	0.000	285.784	0.000	155.000	163.000	0.000	0.000	0.000	0.000	0.000	0.000	0.000	1.000	0.000	0.161	1.305	1.149	14817.524	-376.800	93.357	0.000	0.100	0.100	741.318	376.800	0.000	0.000	11.562	0.000	0.000	0.000	1.000	183.100	10.800	-122.800	-114.000	27.300	-148.600	-49.900	0.000	0.000	0.000
3738965703.365	160.742	167.383	165.703	0.000	162.912	295.026	0.000	285.783	0.000	155.000	163.000	0.000	0.000	0.000	0.000	0.000	0.000	0.000	1.000	0.000	-0.142	1.305	6.290	14817.524	-376.800	92.475	0.000	0.100	0.100	742.101	376.800	0.000	0.000	10.534	0.000	0.000	0.000	1.000	167.800	10.200	-120.800	-113.100	27.300	-149.200	-49.200	0.000	0.000	0.000
3738965713.364	160.790	167.399	165.720	0.000	163.008	295.029	0.000	285.796	0.000	155.000	163.000	0.000	0.000	0.000	0.000	0.000	0.000	0.000	1.000	0.000	-0.142	3.876	6.290	15112.908	-376.800	93.076	0.000	0.100	0.100	748.356	376.800	0.000	0.000	10.020	0.000	0.000	0.000	1.000	152.500	8.900	-118.900	-112.000	27.300	-149.600	-49.200	0.000	0.000	0.000
3738965723.365	160.827	167.392	165.704	0.000	163.082	295.018	0.000	285.790	0.000	155.000	163.000	0.000	0.000	0.000	0.000	0.000	0.000	0.000	1.000	0.000	-0.142	6.446	1.149	14527.913	-376.800	93.355	0.000	0.100	0.100	747.573	376.800	0.000	0.000	10.020	0.000	0.000	0.000	1.000	148.700	9.600	-117.700	-111.300	27.300	-150.000	-49.200	0.000	0.000	0.000
3738965733.365	160.862	167.387	165.702	0.000	163.178	295.022	0.000	285.784	0.000	155.000	163.000	0.000	0.000	0.000	0.000	0.000	0.000	0.000	1.000	0.000	-0.142	3.876	3.719	14817.524	-376.800	94.098	0.000	0.100	0.100	745.228	376.800	0.000	0.000	9.505	0.000	0.000	0.000	1.000	167.800	10.200	-116.800	-110.400	27.300	-150.600	-48.700	0.000	0.000	0.000
3738965743.364	160.865	167.383	165.698	0.000	163.257	295.033	0.000	285.783	0.000	155.000	163.000	0.000	0.000	0.000	0.000	0.000	0.000	1.000	1.000	0.000	-0.142	3.876	1.149	14817.524	-376.800	92.940	0.000	0.100	0.100	741.319	376.800	0.000	0.000	8.477	0.000	0.000	0.000	1.000	163.300	10.800	-115.400	-109.300	26.700	-150.800	-48.400	0.000	0.000	0.000
3738965753.366	161.033	167.363	165.680	0.000	163.313	295.020	0.000	285.766	0.000	155.000	163.000	0.000	0.000	0.000	0.000	0.000	0.000	1.000	1.000	0.000	0.161	-1.266	3.719	14527.913	-376.800	92.847	0.000	0.100	0.100	748.356	376.800	0.000	0.000	8.477	0.000	0.000	0.000	1.000	170.300	18.500	-121.100	-113.700	26.300	-150.000	-54.600	0.000	0.000	0.000
3738965763.365	161.149	167.359	165.686	0.000	163.279	295.017	0.000	285.786	0.000	155.000	163.000	0.000	0.000	0.000	0.000	0.000	0.000	1.000	1.000	0.000	0.161	3.876	6.290	15112.908	-376.800	93.076	0.000	0.100	0.100	748.356	376.800	0.000	0.000	8.477	0.000	0.000	0.000	1.000	142.300	17.900	-132.600	-117.200	27.800	-147.200	-56.900	0.000	0.000	0.000
3738965773.364	161.216	167.358	165.669	0.000	163.273	295.025	0.000	285.788	0.000	155.000	163.000	0.000	0.000	0.000	0.000	0.000	0.000	1.000	1.000	0.000	0.161	-1.266	3.719	14527.913	-376.800	92.985	0.000	0.100	0.100	751.483	376.800	0.000	0.000	7.449	0.000	0.000	0.000	1.000	162.700	13.400	-136.700	-117.500	28.400	-144.000	-56.500	0.000	0.000	0.000
3738965783.364	161.324	167.345	165.653	0.000	163.238	295.017	0.000	285.775	0.000	155.000	163.000	0.000	0.000	0.000	0.000	0.000	0.000	1.000	1.000	0.000	0.766	3.876	3.719	14817.524	-376.800	94.006	0.000	0.100	0.100	752.265	376.800	0.000	0.000	7.449	0.000	0.000	0.000	1.000	137.200	16.000	-135.100	-117.700	27.800	-142.200	-55.000	0.000	0.000	0.000
3738965793.364	161.255	167.339	165.649	0.000	163.079	295.009	0.000	285.783	0.000	155.000	163.000	0.000	0.000	0.000	0.000	0.000	0.000	1.000	1.000	0.000	-0.142	1.305	1.149	14527.913	-376.800	93.448	0.000	0.100	0.100	746.010	376.800	0.000	0.000	7.449	0.000	0.000	0.000	1.000	163.300	17.200	-134.600	-118.200	27.300	-141.200	-54.600	0.000	0.000	0.000
3738965803.365	161.025	167.332	165.644	0.000	162.849	295.010	0.000	285.781	0.000	155.000	163.000	0.000	0.000	0.000	0.000	0.000	0.000	0.000	1.000	0.000	-0.142	1.305	3.719	14817.524	-376.800	92.613	0.000	0.100	0.100	749.138	376.800	0.000	0.000	6.420	0.000	0.000	0.000	1.000	165.900	17.900	-133.500	-118.200	27.300	-140.200	-54.600	0.000	0.000	0.000
3738965813.364	160.838	167.345	165.642	0.000	162.589	295.009	0.000	285.790	0.000	155.000	163.000	0.000	0.000	0.000	0.000	0.000	0.000	0.000	1.000	0.000	0.161	1.305	6.290	14817.524	-376.800	93.308	0.000	0.100	0.100	747.574	376.800	0.000	0.000	5.906	0.000	0.000	0.000	1.000	147.400	12.800	-133.000	-118.200	27.300	-140.000	-53.800	0.000	0.000	0.000
3738965823.365	160.777	167.327	165.636	0.000	162.479	294.988	0.000	285.779	0.000	155.000	163.000	0.000	0.000	0.000	0.000	0.000	0.000	0.000	1.000	0.000	0.464	-1.266	-1.422	14527.913	-376.800	92.521	0.000	0.100	0.100	740.537	376.800	0.000	0.000	5.392	0.000	0.000	0.000	1.000	187.600	10.200	-132.000	-118.000	26.300	-141.500	-52.200	0.000	0.000	0.000
3738965833.364	160.761	167.325	165.631	0.000	162.459	294.990	0.000	285.779	0.000	155.000	163.000	0.000	0.000	0.000	0.000	0.000	0.000	0.000	1.000	0.000	0.464	6.446	3.719	15112.908	-376.800	93.449	0.000	0.100	0.100	750.702	376.800	0.000	0.000	5.392	0.000	0.000	0.000	1.000	152.500	9.600	-130.900	-117.700	25.700	-143.800	-51.200	0.000	0.000	0.000
3738965843.366	160.783	167.331	165.650	0.000	162.502	294.996	0.000	285.782	0.000	155.000	163.000	0.000	0.000	0.000	0.000	0.000	0.000	0.000	1.000	0.000	0.161	1.305	3.719	14817.524	-376.800	92.985	0.000	0.100	0.100	752.265	376.800	0.000	0.000	4.878	0.000	0.000	0.000	1.000	189.500	9.600	-129.600	-117.200	25.700	-145.200	-50.700	0.000	0.000	0.000
3738965853.364	160.787	167.340	165.638	0.000	162.563	294.993	0.000	285.780	0.000	155.000	163.000	0.000	0.000	0.000	0.000	0.000	0.000	0.000	1.000	0.000	0.161	3.876	6.290	14817.524	-376.800	93.633	0.000	0.100	0.100	745.228	376.800	0.000	0.000	4.363	0.000	0.000	0.000	1.000	167.200	10.200	-127.700	-116.300	25.200	-146.400	-49.900	0.000	0.000	0.000
3738965863.364	160.807	167.323	165.622	0.000	162.664	294.990	0.000	285.783	0.000	155.000	163.000	0.000	0.000	0.000	0.000	0.000	0.000	0.000	1.000	0.000	0.161	-1.266	1.149	14817.524	-376.800	93.357	0.000	0.100	0.100	735.063	376.800	0.000	0.000	3.849	0.000	0.000	0.000	1.000	156.900	10.200	-126.400	-115.400	25.700	-147.400	-49.500	0.000	0.000	0.000
3738965873.366	160.788	167.289	165.611	0.000	162.729	294.989	0.000	285.774	0.000	155.000	163.000	0.000	0.000	0.000	0.000	0.000	0.000	0.000	1.000	0.000	-0.142	1.305	1.149	14817.524	-376.800	93.819	0.000	0.100	0.100	749.919	376.800	0.000	0.000	3.335	0.000	0.000	0.000	1.000	149.900	10.200	-124.700	-114.800	25.200	-148.000	-49.200	0.000	0.000	0.000
3738965883.364	160.802	167.294	165.599	0.000	162.821	295.001	0.000	285.780	0.000	155.000	163.000	0.000	0.000	0.000	0.000	0.000	0.000	0.000	1.000	0.000	0.464	3.876	1.149	15112.908	-376.800	93.494	0.000	0.100	0.100	746.010	376.800	0.000	0.000	3.849	0.000	0.000	0.000	1.000	183.100	10.200	-122.800	-113.700	25.700	-148.600	-49.200	0.000	0.000	0.000
3738965893.365	160.816	167.258	165.584	0.000	162.916	294.994	0.000	285.608	0.000	155.000	163.000	0.000	0.000	0.000	0.000	0.000	0.000	0.000	1.000	0.000	-0.142	1.305	3.719	14527.913	-376.800	93.493	0.000	0.100	0.100	748.356	376.800	0.000	0.000	3.335	0.000	0.000	0.000	1.000	171.000	10.200	-120.800	-112.900	25.200	-149.200	-48.700	0.000	0.000	0.000
3738965903.364	160.828	167.262	165.594	0.000	163.010	295.006	0.000	285.701	0.000	155.000	163.000	0.000	0.000	0.000	0.000	0.000	0.000	0.000	1.000	0.000	0.161	1.305	1.149	14527.913	-376.800	92.520	0.000	0.100	0.100	731.936	376.800	0.000	0.000	2.821	0.000	0.000	0.000	1.000	153.100	10.200	-118.900	-112.000	25.200	-149.600	-48.400	0.000	0.000	0.000
3738965913.365	160.830	167.250	165.572	0.000	163.088	295.017	0.000	285.737	0.000	155.000	163.000	0.000	0.000	0.000	0.000	0.000	0.000	0.000	1.000	0.000	0.161	3.876	6.290	14527.913	-376.800	93.679	0.000	0.100	0.100	742.882	376.800	0.000	0.000	2.307	0.000	0.000	0.000	1.000	177.400	10.200	-118.000	-111.100	25.200	-150.000	-48.400	0.000	0.000	0.000
3738965923.364	160.847	167.240	165.556	0.000	163.178	295.017	0.000	285.755	0.000	155.000	163.000	0.000	0.000	0.000	0.000	0.000	0.000	0.000	1.000	0.000	-0.142	1.305	3.719	15112.908	-376.800	93.401	0.000	0.100	0.100	742.882	376.800	0.000	0.000	1.278	0.000	0.000	0.000	1.000	138.400	10.800	-116.600	-110.200	25.200	-150.600	-48.000	0.000	0.000	0.000
3738965933.364	160.900	167.243	165.577	0.000	163.270	295.025	0.000	285.767	0.000	155.000	163.000	0.000	0.000	0.000	0.000	0.000	0.000	1.000	1.000	0.000	0.161	-1.266	6.290	14527.913	-376.800	92.985	0.000	0.100	0.100	744.446	376.800	0.000	0.000	8.991	0.000	0.000	0.000	1.000	156.900	9.600	-115.700	-109.300	25.200	-151.000	-48.000	0.000	0.000	0.000
3738965943.364	161.071	167.250	165.575	0.000	163.337	295.034	0.000	285.770	0.000	155.000	163.000	0.000	0.000	0.000	0.000	0.000	0.000	1.000	1.000	0.000	-0.142	3.876	3.719	14817.524	-376.800	92.893	0.000	0.100	0.100	736.627	376.800	0.000	0.000	8.991	0.000	0.000	0.000	1.000	162.100	17.200	-121.700	-113.400	25.700	-150.000	-52.200	0.000	0.000	0.000
3738965953.364	161.158	167.226	165.549	0.000	163.264	295.021	0.000	285.769	0.000	155.000	163.000	0.000	0.000	0.000	0.000	0.000	0.000	1.000	1.000	0.000	0.161	1.305	3.719	14527.913	-376.800	94.144	0.000	0.100	0.100	749.137	376.800	0.000	0.000	10.020	0.000	0.000	0.000	1.000	142.300	14.000	-132.800	-116.800	26.300	-147.200	-54.200	0.000	0.000	0.000
3738965963.364	161.213	167.226	165.535	0.000	163.263	295.020	0.000	285.765	0.000	155.000	163.000	0.000	0.000	0.000	0.000	0.000	0.000	1.000	1.000	0.000	0.161	3.876	6.290	14527.913	-376.800	93.634	0.000	0.100	0.100	746.792	376.800	0.000	0.000	10.020	0.000	0.000	0.000	1.000	149.900	16.600	-136.200	-117.500	26.300	-144.200	-53.800	0.000	0.000	0.000
3738965973.365	161.342	167.220	165.534	0.000	163.239	295.029	0.000	285.773	0.000	155.000	163.000	0.000	0.000	0.000	0.000	0.000	0.000	1.000	1.000	0.000	0.161	3.876	3.719	14817.524	-376.800	93.401	0.000	0.100	0.100	740.537	376.800	0.000	0.000	9.505	0.000	0.000	0.000	1.000	149.900	13.400	-135.900	-117.500	26.700	-142.600	-53.000	0.000	0.000	0.000
3738965983.365	161.272	167.213	165.545	0.000	163.100	295.025	0.000	285.781	0.000	155.000	163.000	0.000	0.000	0.000	0.000	0.000	0.000	1.000	1.000	0.000	0.464	3.876	6.290	15112.908	-376.800	93.169	0.000	0.100	0.100	738.972	376.800	0.000	0.000	9.505	0.000	0.000	0.000	1.000	175.500	12.800	-134.900	-118.200	25.700	-141.200	-52.700	0.000	0.000	0.000
3738965993.364	161.053	167.213	165.525	0.000	162.846	295.021	0.000	285.778	0.000	155.000	163.000	0.000	0.000	0.000	0.000	0.000	0.000	0.000	1.000	0.000	-0.142	1.305	6.290	14817.524	-376.800	92.846	0.000	0.100	0.100	744.446	376.800	0.000	0.000	8.991	0.000	0.000	0.000	1.000	156.900	15.300	-134.100	-118.200	25.700	-140.200	-52.200	0.000	0.000	0.000
3738966003.364	160.815	167.190	165.511	0.000	162.580	295.015	0.000	285.777	0.000	155.000	163.000	0.000	0.000	0.000	0.000	0.000	0.000	0.000	1.000	0.000	-0.142	3.876	3.719	14817.524	-376.800	92.940	0.000	0.100	0.100	744.446	376.800	0.000	0.000	7.963	0.000	0.000	0.000	1.000	171.000	12.100	-133.500	-118.600	25.700	-140.200	-51.500	0.000	0.000	0.000
3738966013.365	160.745	167.199	165.528	0.000	162.459	295.013	0.000	285.773	0.000	155.000	163.000	0.000	0.000	0.000	0.000	0.000	0.000	0.000	1.000	0.000	-0.142	3.876	3.719	14817.524	-376.800	92.661	0.000	0.100	0.100	735.845	376.800	0.000	0.000	7.449	0.000	0.000	0.000	1.000	170.300	10.800	-132.600	-118.200	25.200	-142.000	-49.900	0.000	0.000	0.000
3738966023.365	160.751	167.197	165.513	0.000	162.452	295.031	0.000	285.783	0.000	155.000	163.000	0.000	0.000	0.000	0.000	0.000	0.000	0.000	1.000	0.000	-0.142	3.876	3.719	14527.913	-376.800	93.680	0.000	0.100	0.100	749.137	376.800	0.000	0.000	7.449	0.000	0.000	0.000	1.000	146.700	8.900	-130.900	-117.700	24.600	-144.000	-49.200	0.000	0.000	0.000
3738966033.364	160.750	167.193	165.516	0.000	162.494	295.017	0.000	285.778	0.000	155.000	163.000	0.000	0.000	0.000	0.000	0.000	0.000	0.000	1.000	0.000	-0.142	3.876	6.290	14817.524	-376.800	93.448	0.000	0.100	0.100	747.573	376.800	0.000	0.000	7.449	0.000	0.000	0.000	1.000	178.000	9.600	-129.600	-117.200	24.600	-145.700	-48.400	0.000	0.000	0.000
3738966043.366	160.765	167.193	165.514	0.000	162.563	295.011	0.000	285.763	0.000	155.000	163.000	0.000	0.000	0.000	0.000	0.000	0.000	0.000	1.000	0.000	0.464	1.305	8.861	14817.524	-376.800	93.308	0.000	0.100	0.100	746.792	376.800	0.000	0.000	6.420	0.000	0.000	0.000	1.000	164.600	9.600	-128.300	-116.300	24.100	-146.700	-48.400	0.000	0.000	0.000
3738966053.364	160.788	167.181	165.496	0.000	162.639	295.013	0.000	285.777	0.000	155.000	163.000	0.000	0.000	0.000	0.000	0.000	0.000	0.000	1.000	0.000	-0.142	1.305	3.719	14817.524	-376.800	93.586	0.000	0.100	0.100	748.355	376.800	0.000	0.000	3.849	0.000	0.000	0.000	1.000	168.400	10.200	-126.400	-115.400	24.600	-147.400	-47.600	0.000	0.000	0.000
3738966063.365	160.809	167.180	165.493	0.000	162.744	295.027	0.000	285.778	0.000	155.000	163.000	0.000	0.000	0.000	0.000	0.000	0.000	0.000	1.000	0.000	0.464	3.876	3.719	14817.524	-376.800	93.540	0.000	0.100	0.100	736.627	376.800	0.000	0.000	5.906	0.000	0.000	0.000	1.000	141.600	10.200	-124.700	-114.800	24.100	-148.200	-47.600	0.000	0.000	0.000
3738966073.364	160.823	167.170	165.484	0.000	162.820	295.013	0.000	285.778	0.000	155.000	163.000	0.000	0.000	0.000	0.000	0.000	0.000	0.000	1.000	0.000	-0.142	6.446	3.719	14817.524	-376.800	92.938	0.000	0.100	0.100	749.919	376.800	0.000	0.000	3.335	0.000	0.000	0.000	1.000	168.400	9.600	-122.800	-114.000	24.600	-148.900	-47.600	0.000	0.000	0.000
3738966083.364	160.857	167.165	165.488	0.000	162.924	295.022	0.000	285.775	0.000	155.000	163.000	0.000	0.000	0.000	0.000	0.000	0.000	0.000	1.000	0.000	0.161	3.876	6.290	14527.913	-376.800	92.659	0.000	0.100	0.100	745.228	376.800	0.000	0.000	2.821	0.000	0.000	0.000	1.000	177.400	10.200	-120.800	-113.100	24.600	-149.400	-47.600	0.000	0.000	0.000
3738966093.366	160.861	167.164	165.464	0.000	162.993	295.020	0.000	285.774	0.000	155.000	163.000	0.000	0.000	0.000	0.000	0.000	0.000	0.000	1.000	0.000	-0.142	1.305	6.290	14243.963	-376.800	93.308	0.000	0.100	0.100	749.919	376.800	0.000	0.000	4.878	0.000	0.000	0.000	1.000	165.900	10.800	-119.100	-112.000	24.600	-149.800	-47.600	0.000	0.000	0.000
3738966103.365	160.919	167.146	165.478	0.000	163.091	295.016	0.000	285.780	0.000	155.000	163.000	0.000	0.000	0.000	0.000	0.000	0.000	0.000	1.000	0.000	-0.142	6.446	3.719	14527.913	-376.800	94.189	0.000	0.100	0.100	746.010	376.800	0.000	0.000	3.849	0.000	0.000	0.000	1.000	139.700	10.200	-117.700	-111.300	24.600	-150.400	-47.200	0.000	0.000	0.000
3738966113.365	160.917	167.151	165.457	0.000	163.159	295.010	0.000	285.758	0.000	155.000	163.000	0.000	0.000	0.000	0.000	0.000	0.000	0.000	1.000	0.000	0.161	3.876	3.719	14817.524	-376.800	93.865	0.000	0.100	0.100	746.792	376.800	0.000	0.000	3.335	0.000	0.000	0.000	1.000	160.800	10.200	-116.600	-110.200	24.600	-150.800	-46.700	0.000	0.000	0.000
3738966123.364	160.953	167.155	165.468	0.000	163.238	295.012	0.000	285.760	0.000	155.000	163.000	0.000	0.000	0.000	0.000	0.000	0.000	1.000	1.000	0.000	0.464	3.876	3.719	14817.524	-376.800	92.567	0.000	0.100	0.100	744.446	376.800	0.000	0.000	1.278	0.000	0.000	0.000	1.000	152.500	10.800	-115.400	-109.300	24.600	-151.000	-46.700	0.000	0.000	0.000
3738966133.364	161.125	167.162	165.467	0.000	163.313	295.017	0.000	285.779	0.000	155.000	163.000	0.000	0.000	0.000	0.000	0.000	0.000	1.000	1.000	0.000	-0.142	1.305	3.719	14817.524	-376.800	93.541	0.000	0.100	0.100	752.265	376.800	0.000	0.000	7.963	0.000	0.000	0.000	1.000	132.100	14.700	-122.000	-113.700	25.200	-150.600	-50.700	0.000	0.000	0.000
3738966143.364	161.242	167.162	165.472	0.000	163.260	295.020	0.000	285.766	0.000	155.000	163.000	0.000	0.000	0.000	0.000	0.000	0.000	1.000	1.000	0.000	0.464	6.446	6.290	14817.524	-376.800	93.356	0.000	0.100	0.100	744.446	376.800	0.000	0.000	11.048	0.000	0.000	0.000	1.000	156.900	14.700	-132.000	-116.800	26.300	-147.400	-52.200	0.000	0.000	0.000
3738966153.364	161.299	167.160	165.470	0.000	163.255	295.017	0.000	285.780	0.000	155.000	163.000	0.000	0.000	0.000	0.000	0.000	0.000	1.000	1.000	0.000	0.161	3.876	1.149	14817.524	-376.800	92.893	0.000	0.100	0.100	738.973	376.800	0.000	0.000	10.020	0.000	0.000	0.000	1.000	143.600	13.400	-137.000	-117.500	26.300	-144.200	-51.900	0.000	0.000	0.000
3738966163.364	161.422	167.179	165.471	0.000	163.269	295.015	0.000	285.781	0.000	155.000	163.000	0.000	0.000	0.000	0.000	0.000	0.000	1.000	1.000	0.000	0.161	3.876	3.719	14817.524	-376.800	93.542	0.000	0.100	0.100	747.573	376.800	0.000	0.000	9.505	0.000	0.000	0.000	1.000	151.200	12.800	-136.200	-117.500	26.300	-142.800	-50.700	0.000	0.000	0.000
3738966173.365	161.408	167.164	165.477	0.000	163.162	295.008	0.000	285.774	0.000	155.000	163.000	0.000	0.000	0.000	0.000	0.000	0.000	1.000	1.000	0.000	0.161	3.876	6.290	14817.524	-376.800	92.939	0.000	0.100	0.100	742.882	376.800	0.000	0.000	1.792	0.000	0.000	0.000	1.000	147.400	16.000	-134.600	-118.000	25.700	-141.800	-50.700	0.000	0.000	0.000
3738966183.364	161.199	167.156	165.470	0.000	162.901	295.010	0.000	285.766	0.000	155.000	163.000	0.000	0.000	0.000	0.000	0.000	0.000	0.000	1.000	0.000	0.464	3.876	1.149	15112.908	-376.800	93.124	0.000	0.100	0.100	736.627	376.800	0.000	0.000	9.505	0.000	0.000	0.000	1.000	142.300	16.600	-133.900	-118.200	25.700	-140.800	-49.900	0.000	0.000	0.000
3738966193.365	160.995	167.155	165.462	0.000	162.644	295.010	0.000	285.761	0.000	155.000	163.000	0.000	0.000	0.000	0.000	0.000	0.000	0.000	1.000	0.000	0.161	3.876	3.719	15112.908	-376.800	93.633	0.000	0.100	0.100	746.792	376.800	0.000	0.000	8.477	0.000	0.000	0.000	1.000	152.500	12.100	-133.500	-118.600	25.700	-140.800	-49.500	0.000	0.000	0.000
3738966203.365	160.938	167.141	165.439	0.000	162.556	295.000	0.000	285.754	0.000	155.000	163.000	0.000	0.000	0.000	0.000	0.000	0.000	0.000	1.000	0.000	0.161	-1.266	-1.422	15112.908	-376.800	93.263	0.000	0.100	0.100	741.318	376.800	0.000	0.000	8.477	0.000	0.000	0.000	1.000	147.400	9.600	-132.800	-118.200	25.200	-142.200	-48.400	0.000	0.000	0.000
3738966213.364	160.921	167.153	165.437	0.000	162.533	295.010	0.000	285.749	0.000	155.000	163.000	0.000	0.000	0.000	0.000	0.000	0.000	0.000	1.000	0.000	-0.142	3.876	3.719	14817.524	-376.800	93.635	0.000	0.100	0.100	749.919	376.800	0.000	0.000	7.449	0.000	0.000	0.000	1.000	178.600	9.600	-131.500	-117.700	24.600	-144.200	-48.000	0.000	0.000	0.000
3738966223.364	160.932	167.152	165.439	0.000	162.558	295.017	0.000	285.753	0.000	155.000	163.000	0.000	0.000	0.000	0.000	0.000	0.000	0.000	1.000	0.000	0.161	1.305	3.719	14817.524	-376.800	93.681	0.000	0.100	0.100	745.228	376.800	0.000	0.000	7.963	0.000	0.000	0.000	1.000	155.000	9.600	-129.900	-117.200	24.600	-146.000	-47.600	0.000	0.000	0.000
3738966233.366	160.955	167.138	165.430	0.000	162.644	295.019	0.000	285.749	0.000	155.000	163.000	0.000	0.000	0.000	0.000	0.000	0.000	0.000	1.000	0.000	0.161	-1.266	3.719	14817.524	-376.800	93.633	0.000	0.100	0.100	742.100	376.800	0.000	0.000	6.934	0.000	0.000	0.000	1.000	144.200	7.000	-128.500	-116.300	24.600	-147.000	-46.700	0.000	0.000	0.000
3738966243.365	160.930	167.101	165.418	0.000	162.695	295.003	0.000	285.751	0.000	155.000	163.000	0.000	0.000	0.000	0.000	0.000	0.000	0.000	1.000	0.000	0.161	1.305	6.290	14817.524	-376.800	93.680	0.000	0.100	0.100	737.409	376.800	0.000	0.000	6.934	0.000	0.000	0.000	1.000	160.800	9.600	-126.600	-115.400	25.200	-147.700	-46.700	0.000	0.000	0.000
3738966253.364	160.955	167.110	165.408	0.000	162.784	295.024	0.000	285.758	0.000	155.000	163.000	0.000	0.000	0.000	0.000	0.000	0.000	0.000	1.000	0.000	-0.142	1.305	3.719	14527.913	-376.800	92.893	0.000	0.100	0.100	745.228	376.800	0.000	0.000	6.420	0.000	0.000	0.000	1.000	147.400	8.300	-125.000	-114.800	25.200	-148.400	-46.700	0.000	0.000	0.000
3738966263.365	160.959	167.116	165.395	0.000	162.862	295.031	0.000	285.755	0.000	155.000	163.000	0.000	0.000	0.000	0.000	0.000	0.000	0.000	1.000	0.000	-0.142	1.305	1.149	14527.913	-376.800	92.938	0.000	0.100	0.100	748.356	376.800	0.000	0.000	5.392	0.000	0.000	0.000	1.000	170.300	10.200	-122.800	-113.700	25.200	-148.900	-46.000	0.000	0.000	0.000
3738966273.364	160.988	167.089	165.395	0.000	162.968	295.025	0.000	285.745	0.000	155.000	163.000	0.000	0.000	0.000	0.000	0.000	0.000	0.000	1.000	0.000	-0.142	1.305	1.149	14817.524	-376.800	93.772	0.000	0.100	0.100	753.829	376.800	0.000	0.000	5.392	0.000	0.000	0.000	1.000	152.500	9.600	-120.800	-112.900	25.200	-149.600	-46.000	0.000	0.000	0.000
3738966283.365	160.989	167.071	165.391	0.000	163.029	295.023	0.000	285.753	0.000	155.000	163.000	0.000	0.000	0.000	0.000	0.000	0.000	0.000	1.000	0.000	0.161	1.305	3.719	15112.908	-376.800	94.006	0.000	0.100	0.100	753.829	376.800	0.000	0.000	5.392	0.000	0.000	0.000	1.000	167.200	8.900	-119.500	-112.000	25.200	-150.000	-46.000	0.000	0.000	0.000
3738966293.364	161.016	167.079	165.375	0.000	163.128	295.034	0.000	285.759	0.000	155.000	163.000	0.000	0.000	0.000	0.000	0.000	0.000	0.000	1.000	0.000	0.464	-1.266	1.149	15112.908	-376.800	93.124	0.000	0.100	0.100	744.446	376.800	0.000	0.000	4.878	0.000	0.000	0.000	1.000	142.900	10.200	-118.200	-111.300	25.700	-150.600	-46.000	0.000	0.000	0.000
3738966303.364	161.036	167.084	165.364	0.000	163.204	295.033	0.000	285.759	0.000	155.000	163.000	0.000	0.000	0.000	0.000	0.000	0.000	1.000	1.000	0.000	-0.142	3.876	-1.422	14817.524	-376.800	92.937	0.000	0.100	0.100	750.701	376.800	0.000	0.000	3.849	0.000	0.000	0.000	1.000	146.700	10.200	-117.200	-110.200	25.700	-150.800	-46.000	0.000	0.000	0.000
3738966313.364	161.191	167.069	165.361	0.000	163.240	295.039	0.000	285.740	0.000	155.000	163.000	0.000	0.000	0.000	0.000	0.000	0.000	1.000	1.000	0.000	0.161	1.305	3.719	14527.913	-376.800	93.171	0.000	0.100	0.100	749.920	376.800	0.000	0.000	3.335	0.000	0.000	0.000	1.000	164.600	16.000	-122.200	-114.000	25.700	-150.400	-49.200	0.000	0.000	0.000
3738966323.365	161.243	167.056	165.347	0.000	163.198	295.027	0.000	285.730	0.000	155.000	163.000	0.000	0.000	0.000	0.000	0.000	0.000	1.000	1.000	0.000	-0.142	-1.266	3.719	14527.913	-376.800	93.402	0.000	0.100	0.100	746.792	376.800	0.000	0.000	3.849	0.000	0.000	0.000	1.000	156.300	16.000	-132.600	-117.200	27.800	-147.400	-50.400	0.000	0.000	0.000
3738966333.365	161.285	167.041	165.337	0.000	163.191	295.027	0.000	285.744	0.000	155.000	163.000	0.000	0.000	0.000	0.000	0.000	0.000	1.000	1.000	0.000	-0.142	6.446	3.719	14817.524	-376.800	93.494	0.000	0.100	0.100	744.446	376.800	0.000	0.000	2.821	0.000	0.000	0.000	1.000	164.600	16.000	-137.000	-117.700	27.300	-144.200	-50.700	0.000	0.000	0.000
3738966343.364	161.407	167.056	165.351	0.000	163.204	295.041	0.000	285.749	0.000	155.000	163.000	0.000	0.000	0.000	0.000	0.000	0.000	1.000	1.000	0.000	0.161	3.876	-1.422	14527.913	-376.800	93.264	0.000	0.100	0.100	748.356	376.800	0.000	0.000	2.307	0.000	0.000	0.000	1.000	136.500	17.200	-135.900	-117.700	26.700	-142.800	-49.900	0.000	0.000	0.000
3738966353.364	161.371	167.049	165.363	0.000	163.091	295.036	0.000	285.753	0.000	155.000	163.000	0.000	0.000	0.000	0.000	0.000	0.000	1.000	1.000	0.000	-0.445	1.305	6.290	14527.913	-376.800	93.355	0.000	0.100	0.100	749.137	376.800	0.000	0.000	2.307	0.000	0.000	0.000	1.000	156.900	17.200	-134.900	-118.200	26.700	-141.800	-49.500	0.000	0.000	0.000
3738966363.365	161.159	167.061	165.355	0.000	162.847	295.036	0.000	285.746	0.000	155.000	163.000	0.000	0.000	0.000	0.000	0.000	0.000	0.000	1.000	0.000	-0.142	-1.266	6.290	14817.524	-376.800	93.216	0.000	0.100	0.100	742.100	376.800	0.000	0.000	1.792	0.000	0.000	0.000	1.000	160.100	16.000	-133.900	-118.600	27.300	-140.800	-49.200	0.000	0.000	0.000
3738966373.365	160.960	167.076	165.353	0.000	162.604	295.047	0.000	285.753	0.000	155.000	163.000	0.000	0.000	0.000	0.000	0.000	0.000	0.000	1.000	0.000	0.161	1.305	6.290	15112.908	-376.800	93.589	0.000	0.100	0.100	742.882	376.800	0.000	0.000	3.849	0.000	0.000	0.000	1.000	167.200	12.100	-133.900	-118.900	27.300	-140.500	-48.700	0.000	0.000	0.000
3738966383.365	160.906	167.054	165.357	0.000	162.510	295.042	0.000	285.755	0.000	155.000	163.000	0.000	0.000	0.000	0.000	0.000	0.000	0.000	1.000	0.000	0.161	1.305	6.290	14527.913	-376.800	93.170	0.000	0.100	0.100	741.319	376.800	0.000	0.000	11.048	0.000	0.000	0.000	1.000	146.700	10.200	-132.600	-118.600	26.700	-142.200	-47.600	0.000	0.000	0.000
3738966393.364	160.882	167.051	165.350	0.000	162.484	295.026	0.000	285.748	0.000	155.000	163.000	0.000	0.000	0.000	0.000	0.000	0.000	0.000	1.000	0.000	0.161	3.876	1.149	14817.524	-376.800	93.633	0.000	0.100	0.100	749.919	376.800	0.000	0.000	10.020	0.000	0.000	0.000	1.000	190.800	9.600	-131.500	-118.000	26.300	-144.200	-46.700	0.000	0.000	0.000
3738966403.364	160.916	167.064	165.361	0.000	162.542	295.039	0.000	285.762	0.000	155.000	163.000	0.000	0.000	0.000	0.000	0.000	0.000	0.000	1.000	0.000	-0.142	1.305	8.861	14527.913	-376.800	92.754	0.000	0.100	0.100	752.265	376.800	0.000	0.000	10.020	0.000	0.000	0.000	1.000	144.800	9.600	-129.900	-117.500	26.300	-146.000	-46.400	0.000	0.000	0.000
3738966413.364	160.943	167.062	165.362	0.000	162.608	295.041	0.000	285.759	0.000	155.000	163.000	0.000	0.000	0.000	0.000	0.000	0.000	0.000	1.000	0.000	0.464	3.876	3.719	14243.963	-376.800	93.401	0.000	0.100	0.100	749.137	376.800	0.000	0.000	10.534	0.000	0.000	0.000	1.000	172.300	10.200	-128.500	-116.600	26.300	-147.000	-46.000	0.000	0.000	0.000
3738966423.364	160.950	167.050	165.338	0.000	162.682	295.042	0.000	285.756	0.000	155.000	163.000	0.000	0.000	0.000	0.000	0.000	0.000	0.000	1.000	0.000	-0.142	1.305	3.719	15112.908	-376.800	93.589	0.000	0.100	0.100	738.191	376.800	0.000	0.000	9.505	0.000	0.000	0.000	1.000	141.600	10.200	-126.600	-116.100	26.300	-147.700	-46.000	0.000	0.000	0.000
3738966433.364	160.947	167.036	165.322	0.000	162.742	295.033	0.000	285.755	0.000	155.000	163.000	0.000	0.000	0.000	0.000	0.000	0.000	0.000	1.000	0.000	0.161	1.305	1.149	14527.913	-376.800	92.845	0.000	0.100	0.100	745.228	376.800	0.000	0.000	8.991	0.000	0.000	0.000	1.000	164.600	10.200	-125.000	-115.200	26.300	-148.200	-46.000	0.000	0.000	0.000
3738966443.364	160.961	167.015	165.319	0.000	162.840	295.038	0.000	285.753	0.000	155.000	163.000	0.000	0.000	0.000	0.000	0.000	0.000	0.000	1.000	0.000	-0.142	1.305	1.149	14527.913	-376.800	93.310	0.000	0.100	0.100	756.175	376.800	0.000	0.000	8.477	0.000	0.000	0.000	1.000	149.900	8.900	-123.100	-114.000	27.300	-148.900	-46.000	0.000	0.000	0.000
3738966453.365	160.969	167.013	165.299	0.000	162.907	295.030	0.000	285.749	0.000	155.000	163.000	0.000	0.000	0.000	0.000	0.000	0.000	0.000	1.000	0.000	0.464	-1.266	3.719	14527.913	-376.800	92.845	0.000	0.100	0.100	738.973	376.800	0.000	0.000	7.963	0.000	0.000	0.000	1.000	147.400	9.600	-120.800	-113.100	26.700	-149.600	-45.500	0.000	0.000	0.000
3738966463.364	160.989	167.008	165.306	0.000	163.005	295.032	0.000	285.748	0.000	155.000	163.000	0.000	0.000	0.000	0.000	0.000	0.000	0.000	1.000	0.000	-0.142	3.876	6.290	14817.524	-376.800	93.542	0.000	0.100	0.100	742.100	376.800	0.000	0.000	7.963	0.000	0.000	0.000	1.000	178.600	10.200	-119.500	-112.500	26.700	-149.800	-45.500	0.000	0.000	0.000
3738966473.364	161.006	167.009	165.289	0.000	163.092	295.029	0.000	285.742	0.000	155.000	163.000	0.000	0.000	0.000	0.000	0.000	0.000	0.000	1.000	0.000	0.161	3.876	6.290	14527.913	-376.800	93.124	0.000	0.100	0.100	748.355	376.800	0.000	0.000	7.449	0.000	0.000	0.000	1.000	152.500	9.600	-118.000	-111.300	27.300	-150.400	-45.200	0.000	0.000	0.000
3738966483.364	161.007	166.981	165.270	0.000	163.144	295.024	0.000	285.738	0.000	155.000	163.000	0.000	0.000	0.000	0.000	0.000	0.000	0.000	1.000	0.000	-0.142	3.876	1.149	14817.524	-376.800	92.891	0.000	0.100	0.100	743.664	376.800	0.000	0.000	6.934	0.000	0.000	0.000	1.000	139.700	10.200	-117.200	-110.400	27.300	-150.800	-45.200	0.000	0.000	0.000
3738966493.364	161.033	166.978	165.264	0.000	163.223	295.041	0.000	285.739	0.000	155.000	163.000	0.000	0.000	0.000	0.000	0.000	0.000	1.000	1.000	0.000	-0.142	1.305	3.719	14817.524	-376.800	94.191	0.000	0.100	0.100	752.265	376.800	0.000	0.000	6.420	0.000	0.000	0.000	1.000	135.900	10.200	-116.100	-109.600	27.300	-151.000	-45.200	0.000	0.000	0.000
3738966503.366	161.201	166.980	165.280	0.000	163.277	295.037	0.000	285.744	0.000	155.000	163.000	0.000	0.000	0.000	0.000	0.000	0.000	1.000	1.000	0.000	-0.142	1.305	3.719	15112.908	-376.800	93.588	0.000	0.100	0.100	750.702	376.800	0.000	0.000	5.392	0.000	0.000	0.000	1.000	164.600	15.300	-121.700	-114.000	27.800	-150.000	-49.900	0.000	0.000	0.000
3738966513.364	161.265	166.971	165.267	0.000	163.219	295.036	0.000	285.753	0.000	155.000	163.000	0.000	0.000	0.000	0.000	0.000	0.000	1.000	1.000	0.000	0.161	3.876	3.719	14817.524	-376.800	93.726	0.000	0.100	0.100	743.664	376.800	0.000	0.000	5.392	0.000	0.000	0.000	1.000	146.700	17.900	-132.600	-117.500	28.400	-147.400	-50.700	0.000	0.000	0.000
3738966523.365	161.325	166.950	165.270	0.000	163.205	295.038	0.000	285.748	0.000	155.000	163.000	0.000	0.000	0.000	0.000	0.000	0.000	1.000	1.000	0.000	0.161	1.305	1.149	14817.524	-376.800	92.474	0.000	0.100	0.100	747.574	376.800	0.000	0.000	4.878	0.000	0.000	0.000	1.000	147.400	16.000	-137.000	-117.700	27.800	-144.200	-50.700	0.000	0.000	0.000
3738966533.364	161.433	166.982	165.276	0.000	163.233	295.047	0.000	285.758	0.000	155.000	163.000	0.000	0.000	0.000	0.000	0.000	0.000	1.000	1.000	0.000	-0.142	1.305	6.290	14527.913	-376.800	93.634	0.000	0.100	0.100	746.792	376.800	0.000	0.000	5.392	0.000	0.000	0.000	1.000	168.400	12.800	-136.200	-117.700	28.900	-142.800	-49.900	0.000	0.000	0.000
3738966543.365	161.411	166.983	165.260	0.000	163.104	295.042	0.000	285.748	0.000	155.000	163.000	0.000	0.000	0.000	0.000	0.000	0.000	1.000	1.000	0.000	-0.142	1.305	3.719	14817.524	-376.800	93.496	0.000	0.100	0.100	746.792	376.800	0.000	0.000	4.363	0.000	0.000	0.000	1.000	170.300	14.000	-134.600	-118.200	28.400	-141.800	-49.200	0.000	0.000	0.000
3738966553.364	161.211	166.989	165.272	0.000	162.867	295.043	0.000	285.738	0.000	155.000	163.000	0.000	0.000	0.000	0.000	0.000	0.000	0.000	1.000	0.000	-0.142	3.876	1.149	14527.913	-376.800	93.726	0.000	0.100	0.100	751.483	376.800	0.000	0.000	3.849	0.000	0.000	0.000	1.000	142.300	14.000	-134.100	-118.600	27.800	-140.800	-49.200	0.000	0.000	0.000
3738966563.364	161.022	166.998	165.288	0.000	162.623	295.041	0.000	285.745	0.000	155.000	163.000	0.000	0.000	0.000	0.000	0.000	0.000	0.000	1.000	0.000	-0.142	3.876	6.290	15112.908	-376.800	93.540	0.000	0.100	0.100	744.446	376.800	0.000	0.000	3.849	0.000	0.000	0.000	1.000	171.000	9.600	-133.900	-118.900	28.400	-140.500	-48.400	0.000	0.000	0.000
3738966573.366	160.986	167.007	165.298	0.000	162.527	295.046	0.000	285.753	0.000	155.000	163.000	0.000	0.000	0.000	0.000	0.000	0.000	0.000	1.000	0.000	-0.142	3.876	3.719	14817.524	-376.800	92.706	0.000	0.100	0.100	755.393	376.800	0.000	0.000	3.335	0.000	0.000	0.000	1.000	160.800	10.800	-132.800	-118.600	27.800	-142.000	-47.600	0.000	0.000	0.000
3738966583.365	160.963	166.991	165.269	0.000	162.495	295.032	0.000	285.741	0.000	155.000	163.000	0.000	0.000	0.000	0.000	0.000	0.000	0.000	1.000	0.000	0.161	1.305	3.719	14817.524	-376.800	93.263	0.000	0.100	0.100	746.792	376.800	0.000	0.000	3.849	0.000	0.000	0.000	1.000	154.400	9.600	-131.500	-118.000	27.300	-144.000	-46.700	0.000	0.000	0.000
3738966593.365	160.959	166.984	165.254	0.000	162.526	295.031	0.000	285.747	0.000	155.000	163.000	0.000	0.000	0.000	0.000	0.000	0.000	0.000	1.000	0.000	-0.142	1.305	6.290	14817.524	-376.800	92.939	0.000	0.100	0.100	737.409	376.800	0.000	0.000	2.307	0.000	0.000	0.000	1.000	162.700	9.600	-129.900	-117.500	27.300	-145.700	-46.000	0.000	0.000	0.000
3738966603.365	160.973	166.972	165.265	0.000	162.593	295.038	0.000	285.748	0.000	155.000	163.000	0.000	0.000	0.000	0.000	0.000	0.000	0.000	1.000	0.000	-0.142	1.305	6.290	14527.913	-376.800	93.124	0.000	0.100	0.100	739.754	376.800	0.000	0.000	1.792	0.000	0.000	0.000	1.000	180.600	9.600	-128.500	-116.600	27.300	-146.700	-46.000	0.000	0.000	0.000
3738966613.366	160.969	166.973	165.244	0.000	162.673	295.037	0.000	285.752	0.000	155.000	163.000	0.000	0.000	0.000	0.000	0.000	0.000	0.000	1.000	0.000	-0.142	1.305	6.290	14817.524	-376.800	92.984	0.000	0.100	0.100	738.973	376.800	0.000	0.000	1.278	0.000	0.000	0.000	1.000	170.300	9.600	-126.600	-115.700	27.300	-147.400	-45.500	0.000	0.000	0.000
3738966623.365	161.009	166.967	165.253	0.000	162.763	295.033	0.000	285.750	0.000	155.000	163.000	0.000	0.000	0.000	0.000	0.000	0.000	0.000	1.000	0.000	-0.142	-1.266	6.290	15112.908	-376.800	93.726	0.000	0.100	0.100	747.574	376.800	0.000	0.000	11.048	0.000	0.000	0.000	1.000	172.300	7.700	-125.000	-114.800	27.300	-148.200	-45.200	0.000	0.000	0.000
3738966633.364	161.021	166.963	165.252	0.000	162.826	295.020	0.000	285.750	0.000	155.000	163.000	0.000	0.000	0.000	0.000	0.000	0.000	0.000	1.000	0.000	-0.142	6.446	3.719	14527.913	-376.800	93.401	0.000	0.100	0.100	747.574	376.800	0.000	0.000	11.048	0.000	0.000	0.000	1.000	139.700	10.200	-123.100	-114.000	27.300	-148.900	-45.200	0.000	0.000	0.000
3738966643.365	161.043	166.947	165.229	0.000	162.914	295.022	0.000	285.745	0.000	155.000	163.000	0.000	0.000	0.000	0.000	0.000	0.000	0.000	1.000	0.000	0.161	-1.266	3.719	14817.524	-376.800	92.891	0.000	0.100	0.100	749.919	376.800	0.000	0.000	9.505	0.000	0.000	0.000	1.000	155.000	10.800	-120.800	-113.100	27.300	-149.400	-45.200	0.000	0.000	0.000
3738966653.364	161.095	166.986	165.249	0.000	163.017	295.037	0.000	285.750	0.000	155.000	163.000	0.000	0.000	0.000	0.000	0.000	0.000	0.000	1.000	0.000	-0.142	1.305	3.719	14527.913	-376.800	94.097	0.000	0.100	0.100	744.446	376.800	0.000	0.000	9.505	0.000	0.000	0.000	1.000	165.200	10.200	-119.500	-112.200	27.300	-149.800	-45.200	0.000	0.000	0.000
3738966663.364	161.105	166.976	165.250	0.000	163.103	295.027	0.000	285.745	0.000	155.000	163.000	0.000	0.000	0.000	0.000	0.000	0.000	0.000	1.000	0.000	0.161	3.876	1.149	14527.913	-376.800	93.263	0.000	0.100	0.100	748.355	376.800	0.000	0.000	10.020	0.000	0.000	0.000	1.000	149.900	10.800	-117.700	-111.300	27.300	-150.000	-44.800	0.000	0.000	0.000
3738966673.365	161.138	166.969	165.245	0.000	163.177	295.019	0.000	285.732	0.000	155.000	163.000	0.000	0.000	0.000	0.000	0.000	0.000	1.000	1.000	0.000	-0.142	1.305	6.290	14817.524	-376.800	92.939	0.000	0.100	0.100	740.536	376.800	0.000	0.000	8.991	0.000	0.000	0.000	1.000	163.300	8.900	-116.600	-110.400	27.300	-150.600	-44.800	0.000	0.000	0.000
3738966683.365	161.281	166.979	165.253	0.000	163.242	295.027	0.000	285.740	0.000	155.000	163.000	0.000	0.000	0.000	0.000	0.000	0.000	1.000	1.000	0.000	0.161	3.876	6.290	14817.524	-376.800	92.662	0.000	0.100	0.100	742.883	376.800	0.000	0.000	7.963	0.000	0.000	0.000	1.000	167.800	16.000	-122.200	-114.300	27.800	-150.000	-48.000	0.000	0.000	0.000
3738966693.365	161.356	166.977	165.239	0.000	163.194	295.026	0.000	285.743	0.000	155.000	163.000	0.000	0.000	0.000	0.000	0.000	0.000	1.000	1.000	0.000	0.161	1.305	3.719	14527.913	-376.800	93.588	0.000	0.100	0.100	740.537	376.800	0.000	0.000	7.963	0.000	0.000	0.000	1.000	136.500	16.000	-133.000	-117.500	29.500	-147.200	-49.200	0.000	0.000	0.000
3738966703.365	161.383	166.953	165.219	0.000	163.168	295.029	0.000	285.748	0.000	155.000	163.000	0.000	0.000	0.000	0.000	0.000	0.000	1.000	1.000	0.000	-0.142	3.876	6.290	14817.524	-376.800	92.476	0.000	0.100	0.100	749.138	376.800	0.000	0.000	8.477	0.000	0.000	0.000	1.000	147.400	16.600	-136.700	-118.000	28.400	-144.000	-48.400	0.000	0.000	0.000
3738966713.364	161.472	166.932	165.217	0.000	163.166	295.022	0.000	285.747	0.000	155.000	163.000	0.000	0.000	0.000	0.000	0.000	0.000	1.000	1.000	0.000	-0.445	1.305	6.290	14527.913	-376.800	93.031	0.000	0.100	0.100	754.611	376.800	0.000	0.000	7.449	0.000	0.000	0.000	1.000	154.400	16.000	-135.900	-118.000	27.800	-142.200	-48.400	0.000	0.000	0.000
3738966723.366	161.417	166.929	165.216	0.000	163.058	295.031	0.000	285.731	0.000	155.000	163.000	0.000	0.000	0.000	0.000	0.000	0.000	1.000	1.000	0.000	-0.142	1.305	3.719	14817.524	-376.800	93.308	0.000	0.100	0.100	744.446	376.800	0.000	0.000	6.420	0.000	0.000	0.000	1.000	167.200	16.000	-134.900	-118.600	27.800	-141.200	-48.400	0.000	0.000	0.000
3738966733.365	161.174	166.918	165.194	0.000	162.800	295.025	0.000	285.733	0.000	155.000	163.000	0.000	0.000	0.000	0.000	0.000	0.000	0.000	1.000	0.000	-0.142	3.876	1.149	14243.963	-376.800	93.030	0.000	0.100	0.100	755.393	376.800	0.000	0.000	5.906	0.000	0.000	0.000	1.000	161.400	17.200	-133.500	-118.600	28.400	-140.500	-47.600	0.000	0.000	0.000
3738966743.364	160.923	166.921	165.223	0.000	162.545	295.030	0.000	285.732	0.000	155.000	163.000	0.000	0.000	0.000	0.000	0.000	0.000	0.000	1.000	0.000	0.161	-1.266	1.149	14527.913	-376.800	92.891	0.000	0.100	0.100	746.792	376.800	0.000	0.000	5.906	0.000	0.000	0.000	1.000	162.700	12.100	-133.500	-118.900	28.400	-140.000	-47.600	0.000	0.000	0.000
3738966753.366	160.844	166.916	165.202	0.000	162.388	295.026	0.000	285.725	0.000	155.000	163.000	0.000	0.000	0.000	0.000	0.000	0.000	0.000	1.000	0.000	0.161	-1.266	1.149	14817.524	-376.800	93.958	0.000	0.100	0.100	746.791	376.800	0.000	0.000	5.392	0.000	0.000	0.000	1.000	188.200	10.800	-132.600	-118.600	27.800	-141.800	-46.400	0.000	0.000	0.000
3738966763.365	160.842	166.920	165.203	0.000	162.391	295.035	0.000	285.729	0.000	155.000	163.000	0.000	0.000	0.000	0.000	0.000	0.000	0.000	1.000	0.000	0.464	-1.266	6.290	14527.913	-376.800	93.588	0.000	0.100	0.100	749.920	376.800	0.000	0.000	6.420	0.000	0.000	0.000	1.000	155.700	9.600	-131.200	-118.000	27.300	-144.000	-45.500	0.000	0.000	0.000
3738966773.364	160.850	166.905	165.205	0.000	162.414	295.037	0.000	285.720	0.000	155.000	163.000	0.000	0.000	0.000	0.000	0.000	0.000	0.000	1.000	0.000	0.161	1.305	3.719	14817.524	-376.800	93.495	0.000	0.100	0.100	744.446	376.800	0.000	0.000	5.392	0.000	0.000	0.000	1.000	174.200	10.200	-129.900	-117.500	26.700	-145.700	-45.200	0.000	0.000	0.000
3738966783.364	160.876	166.911	165.201	0.000	162.492	295.039	0.000	285.727	0.000	155.000	163.000	0.000	0.000	0.000	0.000	0.000	0.000	0.000	1.000	0.000	-0.142	-1.266	6.290	14817.524	-376.800	93.449	0.000	0.100	0.100	739.754	376.800	0.000	0.000	4.878	0.000	0.000	0.000	1.000	188.200	9.600	-128.300	-116.600	27.300	-146.700	-44.800	0.000	0.000	0.000
3738966793.365	160.900	166.927	165.207	0.000	162.588	295.051	0.000	285.721	0.000	155.000	163.000	0.000	0.000	0.000	0.000	0.000	0.000	0.000	1.000	0.000	0.161	-1.266	3.719	14817.524	-376.800	93.078	0.000	0.100	0.100	745.228	376.800	0.000	0.000	4.878	0.000	0.000	0.000	1.000	144.200	7.700	-126.600	-116.100	27.300	-147.400	-44.800	0.000	0.000	0.000
3738966803.366	160.949	166.932	165.206	0.000	162.676	295.041	0.000	285.717	0.000	155.000	163.000	0.000	0.000	0.000	0.000	0.000	0.000	0.000	1.000	0.000	-0.142	3.876	6.290	14527.913	-376.800	93.263	0.000	0.100	0.100	745.228	376.800	0.000	0.000	4.363	0.000	0.000	0.000	1.000	143.600	7.700	-125.000	-115.200	27.300	-148.000	-44.400	0.000	0.000	0.000
3738966813.365	161.004	166.930	165.209	0.000	162.776	295.037	0.000	285.708	0.000	155.000	163.000	0.000	0.000	0.000	0.000	0.000	0.000	0.000	1.000	0.000	0.161	3.876	3.719	14817.524	-376.800	92.938	0.000	0.100	0.100	754.611	376.800	0.000	0.000	3.335	0.000	0.000	0.000	1.000	167.800	10.200	-122.800	-114.000	27.300	-148.600	-44.400	0.000	0.000	0.000
3738966823.364	161.012	166.919	165.207	0.000	162.844	295.046	0.000	285.722	0.000	155.000	163.000	0.000	0.000	0.000	0.000	0.000	0.000	0.000	1.000	0.000	0.161	1.305	3.719	14527.913	-376.800	93.448	0.000	0.100	0.100	754.610	376.800	0.000	0.000	3.335	0.000	0.000	0.000	1.000	165.900	10.800	-120.600	-113.400	27.300	-149.200	-44.400	0.000	0.000	0.000
3738966833.364	161.016	166.906	165.187	0.000	162.918	295.042	0.000	285.722	0.000	155.000	163.000	0.000	0.000	0.000	0.000	0.000	0.000	0.000	1.000	0.000	-0.142	1.305	3.719	15112.908	-376.800	93.772	0.000	0.100	0.100	752.265	376.800	0.000	0.000	2.821	0.000	0.000	0.000	1.000	181.200	10.800	-118.900	-112.500	27.300	-149.800	-44.400	0.000	0.000	0.000
3738966843.366	161.038	166.921	165.193	0.000	163.013	295.041	0.000	285.725	0.000	155.000	163.000	0.000	0.000	0.000	0.000	0.000	0.000	0.000	1.000	0.000	0.161	3.876	1.149	14817.524	-376.800	93.309	0.000	0.100	0.100	746.792	376.800	0.000	0.000	2.307	0.000	0.000	0.000	1.000	147.400	10.200	-117.700	-111.700	27.300	-150.000	-44.400	0.000	0.000	0.000
3738966853.365	161.056	166.888	165.167	0.000	163.077	295.044	0.000	285.727	0.000	155.000	163.000	0.000	0.000	0.000	0.000	0.000	0.000	0.000	1.000	0.000	0.766	3.876	3.719	14527.913	-376.800	93.170	0.000	0.100	0.100	747.574	376.800	0.000	0.000	1.792	0.000	0.000	0.000	1.000	172.900	10.800	-116.300	-110.400	27.300	-150.600	-44.000	0.000	0.000	0.000
3738966863.365	161.101	166.888	165.168	0.000	163.157	295.054	0.000	285.730	0.000	155.000	163.000	0.000	0.000	0.000	0.000	0.000	0.000	0.000	1.000	0.000	0.464	6.446	3.719	15414.181	-376.800	93.819	0.000	0.100	0.100	748.355	376.800	0.000	0.000	6.934	0.000	0.000	0.000	1.000	160.100	10.800	-115.200	-109.600	27.300	-150.800	-44.000	0.000	0.000	0.000
3738966873.365	161.108	166.879	165.167	0.000	163.219	295.045	0.000	285.735	0.000	155.000	163.000	0.000	0.000	0.000	0.000	0.000	0.000	1.000	1.000	0.000	0.161	1.305	6.290	15112.908	-376.800	93.819	0.000	0.100	0.100	739.755	376.800	0.000	0.000	11.562	0.000	0.000	0.000	1.000	146.700	10.800	-114.000	-108.700	27.300	-151.000	-44.000	0.000	0.000	0.000
3738966883.364	161.282	166.886	165.164	0.000	163.273	295.039	0.000	285.730	0.000	155.000	163.000	0.000	0.000	0.000	0.000	0.000	0.000	1.000	1.000	0.000	-0.142	1.305	6.290	14527.913	-376.800	93.031	0.000	0.100	0.100	732.717	376.800	0.000	0.000	10.534	0.000	0.000	0.000	1.000	166.500	14.700	-120.800	-113.700	27.300	-150.600	-46.700	0.000	0.000	0.000
3738966893.364	161.369	166.893	165.153	0.000	163.228	295.048	0.000	285.720	0.000	155.000	163.000	0.000	0.000	0.000	0.000	0.000	0.000	1.000	1.000	0.000	0.464	3.876	1.149	14527.913	-376.800	93.309	0.000	0.100	0.100	743.664	376.800	0.000	0.000	10.020	0.000	0.000	0.000	1.000	142.300	14.700	-132.000	-117.200	28.400	-147.400	-47.600	0.000	0.000	0.000
3738966903.364	161.435	166.883	165.158	0.000	163.228	295.047	0.000	285.724	0.000	155.000	163.000	0.000	0.000	0.000	0.000	0.000	0.000	1.000	1.000	0.000	-0.142	1.305	6.290	14243.963	-376.800	92.985	0.000	0.100	0.100	749.137	376.800	0.000	0.000	9.505	0.000	0.000	0.000	1.000	136.500	14.000	-137.000	-117.500	28.400	-144.000	-47.600	0.000	0.000	0.000
3738966913.365	161.538	166.871	165.166	0.000	163.208	295.042	0.000	285.724	0.000	155.000	163.000	0.000	0.000	0.000	0.000	0.000	0.000	1.000	1.000	0.000	-0.142	1.305	6.290	14817.524	-376.800	92.800	0.000	0.100	0.100	738.191	376.800	0.000	0.000	8.991	0.000	0.000	0.000	1.000	137.200	14.000	-135.600	-117.500	28.400	-142.600	-47.200	0.000	0.000	0.000
3738966923.364	161.506	166.874	165.145	0.000	163.110	295.044	0.000	285.725	0.000	155.000	163.000	0.000	0.000	0.000	0.000	0.000	0.000	1.000	1.000	0.000	0.464	1.305	3.719	14817.524	-376.800	92.569	0.000	0.100	0.100	745.228	376.800	0.000	0.000	8.477	0.000	0.000	0.000	1.000	160.800	16.600	-134.600	-118.000	28.400	-141.500	-46.700	0.000	0.000	0.000
3738966933.365	161.304	166.856	165.143	0.000	162.873	295.040	0.000	285.721	0.000	155.000	163.000	0.000	0.000	0.000	0.000	0.000	0.000	0.000	1.000	0.000	-0.142	3.876	3.719	14527.913	-376.800	93.357	0.000	0.100	0.100	744.446	376.800	0.000	0.000	7.963	0.000	0.000	0.000	1.000	162.100	17.200	-133.900	-118.000	28.400	-140.500	-46.400	0.000	0.000	0.000
3738966943.365	161.072	166.854	165.120	0.000	162.616	295.046	0.000	285.723	0.000	155.000	163.000	0.000	0.000	0.000	0.000	0.000	0.000	0.000	1.000	0.000	-0.142	-1.266	3.719	14527.913	-376.800	92.986	0.000	0.100	0.100	742.883	376.800	0.000	0.000	8.477	0.000	0.000	0.000	1.000	174.800	12.800	-133.500	-118.200	28.400	-140.200	-46.000	0.000	0.000	0.000
3738966953.364	161.012	166.847	165.126	0.000	162.502	295.047	0.000	285.711	0.000	155.000	163.000	0.000	0.000	0.000	0.000	0.000	0.000	0.000	1.000	0.000	0.464	1.305	1.149	14817.524	-376.800	93.264	0.000	0.100	0.100	739.755	376.800	0.000	0.000	7.449	0.000	0.000	0.000	1.000	167.800	10.200	-132.600	-118.000	27.800	-142.000	-45.200	0.000	0.000	0.000
3738966963.364	161.018	166.852	165.140	0.000	162.487	295.052	0.000	285.723	0.000	155.000	163.000	0.000	0.000	0.000	0.000	0.000	0.000	0.000	1.000	0.000	0.161	3.876	3.719	14527.913	-376.800	93.727	0.000	0.100	0.100	746.010	376.800	0.000	0.000	6.934	0.000	0.000	0.000	1.000	162.100	9.600	-130.900	-117.700	27.300	-144.000	-44.400	0.000	0.000	0.000
3738966973.364	161.008	166.846	165.132	0.000	162.532	295.048	0.000	285.726	0.000	155.000	163.000	0.000	0.000	0.000	0.000	0.000	0.000	0.000	1.000	0.000	0.161	1.305	3.719	14817.524	-376.800	93.356	0.000	0.100	0.100	744.446	376.800	0.000	0.000	6.934	0.000	0.000	0.000	1.000	173.500	10.200	-129.600	-117.200	26.700	-145.700	-44.000	0.000	0.000	0.000
3738966983.365	161.027	166.855	165.120	0.000	162.578	295.052	0.000	285.730	0.000	155.000	163.000	0.000	0.000	0.000	0.000	0.000	0.000	0.000	1.000	0.000	-0.445	-1.266	3.719	14817.524	-376.800	93.726	0.000	0.100	0.100	755.393	376.800	0.000	0.000	6.420	0.000	0.000	0.000	1.000	172.900	9.600	-128.300	-116.300	27.300	-146.700	-43.600	0.000	0.000	0.000
3738966993.364	160.999	166.825	165.110	0.000	162.639	295.039	0.000	285.712	0.000	155.000	163.000	0.000	0.000	0.000	0.000	0.000	0.000	0.000	1.000	0.000	-0.142	1.305	6.290	14243.963	-376.800	93.819	0.000	0.100	0.100	753.047	376.800	0.000	0.000	5.392	0.000	0.000	0.000	1.000	185.700	9.600	-126.400	-115.400	27.300	-147.400	-43.600	0.000	0.000	0.000
3738967003.364	161.019	166.802	165.083	0.000	162.707	295.028	0.000	285.721	0.000	155.000	163.000	0.000	0.000	0.000	0.000	0.000	0.000	0.000	1.000	0.000	0.161	3.876	1.149	14817.524	-376.800	92.891	0.000	0.100	0.100	742.882	376.800	0.000	0.000	5.392	0.000	0.000	0.000	1.000	168.400	10.200	-124.400	-114.600	27.300	-148.200	-43.600	0.000	0.000	0.000
3738967013.364	161.046	166.803	165.081	0.000	162.798	295.051	0.000	285.717	0.000	155.000	163.000	0.000	0.000	0.000	0.000	0.000	0.000	0.000	1.000	0.000	-0.142	-1.266	3.719	14817.524	-376.800	94.235	0.000	0.100	0.100	748.355	376.800	0.000	0.000	5.392	0.000	0.000	0.000	1.000	142.300	7.700	-122.800	-113.700	27.300	-148.600	-43.200	0.000	0.000	0.000
3738967023.365	161.064	166.787	165.070	0.000	162.880	295.044	0.000	285.717	0.000	155.000	163.000	0.000	0.000	0.000	0.000	0.000	0.000	0.000	1.000	0.000	0.161	3.876	6.290	14817.524	-376.800	93.030	0.000	0.100	0.100	749.920	376.800	0.000	0.000	4.878	0.000	0.000	0.000	1.000	153.800	8.300	-120.600	-112.900	27.300	-149.200	-43.200	0.000	0.000	0.000
3738967033.364	161.095	166.810	165.084	0.000	162.963	295.052	0.000	285.721	0.000	155.000	163.000	0.000	0.000	0.000	0.000	0.000	0.000	0.000	1.000	0.000	-0.142	6.446	3.719	14817.524	-376.800	92.428	0.000	0.100	0.100	745.228	376.800	0.000	0.000	4.363	0.000	0.000	0.000	1.000	137.200	10.200	-118.600	-112.000	27.300	-149.600	-42.800	0.000	0.000	0.000
3738967043.364	161.111	166.784	165.069	0.000	163.030	295.045	0.000	285.709	0.000	155.000	163.000	0.000	0.000	0.000	0.000	0.000	0.000	0.000	1.000	0.000	0.766	6.446	3.719	14817.524	-376.800	92.985	0.000	0.100	0.100	741.319	376.800	0.000	0.000	3.849	0.000	0.000	0.000	1.000	178.000	10.200	-117.500	-111.100	27.300	-150.000	-43.200	0.000	0.000	0.000
3738967053.365	161.141	166.806	165.091	0.000	163.104	295.051	0.000	285.712	0.000	155.000	163.000	0.000	0.000	0.000	0.000	0.000	0.000	0.000	1.000	0.000	0.161	-1.266	6.290	14527.913	-376.800	92.892	0.000	0.100	0.100	748.356	376.800	0.000	0.000	3.849	0.000	0.000	0.000	1.000	156.900	10.200	-116.600	-110.200	27.300	-150.600	-42.800	0.000	0.000	0.000
3738967063.364	161.174	166.797	165.089	0.000	163.196	295.052	0.000	285.729	0.000	155.000	163.000	0.000	0.000	0.000	0.000	0.000	0.000	1.000	1.000	0.000	-0.142	1.305	3.719	14817.524	-376.800	93.774	0.000	0.100	0.100	749.137	376.800	0.000	0.000	3.335	0.000	0.000	0.000	1.000	164.600	10.200	-115.400	-109.000	27.300	-150.800	-42.800	0.000	0.000	0.000
3738967073.364	161.327	166.802	165.088	0.000	163.242	295.064	0.000	285.723	0.000	155.000	163.000	0.000	0.000	0.000	0.000	0.000	0.000	1.000	1.000	0.000	-0.142	6.446	6.290	14817.524	-376.800	93.820	0.000	0.100	0.100	746.792	376.800	0.000	0.000	2.821	0.000	0.000	0.000	1.000	171.000	17.200	-121.700	-114.000	26.700	-150.000	-46.000	0.000	0.000	0.000
3738967083.364	161.423	166.790	165.081	0.000	163.193	295.048	0.000	285.714	0.000	155.000	163.000	0.000	0.000	0.000	0.000	0.000	0.000	1.000	1.000	0.000	0.161	6.446	3.719	14817.524	-376.800	93.263	0.000	0.100	0.100	747.574	376.800	0.000	0.000	2.307	0.000	0.000	0.000	1.000	167.800	17.200	-132.600	-116.800	28.900	-147.200	-46.700	0.000	0.000	0.000
3738967093.366	161.484	166.805	165.086	0.000	163.198	295.049	0.000	285.716	0.000	155.000	163.000	0.000	0.000	0.000	0.000	0.000	0.000	1.000	1.000	0.000	0.161	1.305	6.290	14527.913	-376.800	92.798	0.000	0.100	0.100	746.791	376.800	0.000	0.000	2.821	0.000	0.000	0.000	1.000	142.300	14.000	-137.000	-117.500	28.400	-144.000	-46.700	0.000	0.000	0.000
3738967103.365	161.565	166.796	165.077	0.000	163.183	295.036	0.000	285.710	0.000	155.000	163.000	0.000	0.000	0.000	0.000	0.000	0.000	1.000	1.000	0.000	-0.142	6.446	1.149	15112.908	-376.800	92.892	0.000	0.100	0.100	751.483	376.800	0.000	0.000	2.307	0.000	0.000	0.000	1.000	162.700	12.800	-135.400	-117.500	28.400	-142.200	-46.000	0.000	0.000	0.000
3738967113.365	161.506	166.806	165.066	0.000	163.055	295.042	0.000	285.718	0.000	155.000	163.000	0.000	0.000	0.000	0.000	0.000	0.000	1.000	1.000	0.000	-0.142	1.305	8.861	14817.524	-376.800	93.171	0.000	0.100	0.100	742.883	376.800	0.000	0.000	11.562	0.000	0.000	0.000	1.000	136.500	14.700	-134.900	-117.700	28.400	-141.200	-46.000	0.000	0.000	0.000
3738967123.364	161.280	166.784	165.074	0.000	162.793	295.040	0.000	285.711	0.000	155.000	163.000	0.000	0.000	0.000	0.000	0.000	0.000	0.000	1.000	0.000	0.161	1.305	6.290	14527.913	-376.800	93.495	0.000	0.100	0.100	743.664	376.800	0.000	0.000	11.562	0.000	0.000	0.000	1.000	144.200	14.700	-134.100	-118.000	28.900	-140.200	-46.000	0.000	0.000	0.000
3738967133.364	161.043	166.777	165.053	0.000	162.550	295.039	0.000	285.710	0.000	155.000	163.000	0.000	0.000	0.000	0.000	0.000	0.000	0.000	1.000	0.000	0.464	3.876	3.719	14527.913	-376.800	92.939	0.000	0.100	0.100	749.919	376.800	0.000	0.000	11.048	0.000	0.000	0.000	1.000	172.900	12.800	-133.500	-118.600	28.400	-140.000	-45.200	0.000	0.000	0.000
3738967143.366	160.965	166.748	165.043	0.000	162.420	295.041	0.000	285.695	0.000	155.000	163.000	0.000	0.000	0.000	0.000	0.000	0.000	0.000	1.000	0.000	0.161	1.305	3.719	14817.524	-376.800	93.217	0.000	0.100	0.100	737.409	376.800	0.000	0.000	10.020	0.000	0.000	0.000	1.000	190.800	10.200	-132.600	-118.200	27.800	-141.800	-44.400	0.000	0.000	0.000
3738967153.364	160.971	166.773	165.034	0.000	162.408	295.046	0.000	285.708	0.000	155.000	163.000	0.000	0.000	0.000	0.000	0.000	0.000	0.000	1.000	0.000	-0.142	1.305	6.290	14817.524	-376.800	93.171	0.000	0.100	0.100	746.792	376.800	0.000	0.000	9.505	0.000	0.000	0.000	1.000	188.200	10.200	-130.900	-117.700	27.300	-143.800	-43.600	0.000	0.000	0.000
3738967163.365	160.961	166.757	165.037	0.000	162.446	295.048	0.000	285.724	0.000	155.000	163.000	0.000	0.000	0.000	0.000	0.000	0.000	0.000	1.000	0.000	0.161	3.876	3.719	14527.913	-376.800	92.986	0.000	0.100	0.100	751.483	376.800	0.000	0.000	8.991	0.000	0.000	0.000	1.000	187.600	10.200	-129.600	-117.200	26.700	-145.700	-43.200	0.000	0.000	0.000
3738967173.364	160.970	166.762	165.014	0.000	162.503	295.060	0.000	285.718	0.000	155.000	163.000	0.000	0.000	0.000	0.000	0.000	0.000	0.000	1.000	0.000	0.161	3.876	3.719	14817.524	-376.800	93.078	0.000	0.100	0.100	746.792	376.800	0.000	0.000	8.991	0.000	0.000	0.000	1.000	177.400	10.200	-128.300	-116.300	27.300	-146.700	-42.800	0.000	0.000	0.000
3738967183.365	160.960	166.742	165.001	0.000	162.568	295.058	0.000	285.727	0.000	155.000	163.000	0.000	0.000	0.000	0.000	0.000	0.000	0.000	1.000	0.000	-0.142	3.876	1.149	14527.913	-376.800	92.892	0.000	0.100	0.100	746.010	376.800	0.000	0.000	6.934	0.000	0.000	0.000	1.000	167.200	8.900	-126.600	-115.400	26.700	-147.400	-42.800	0.000	0.000	0.000
3738967193.364	160.974	166.725	165.002	0.000	162.649	295.060	0.000	285.722	0.000	155.000	163.000	0.000	0.000	0.000	0.000	0.000	0.000	0.000	1.000	0.000	0.161	3.876	3.719	14817.524	-376.800	92.891	0.000	0.100	0.100	752.265	376.800	0.000	0.000	7.449	0.000	0.000	0.000	1.000	170.300	10.200	-124.400	-114.800	27.300	-148.200	-42.800	0.000	0.000	0.000
3738967203.365	160.978	166.704	165.000	0.000	162.748	295.067	0.000	285.722	0.000	155.000	163.000	0.000	0.000	0.000	0.000	0.000	0.000	0.000	1.000	0.000	-0.142	1.305	6.290	14817.524	-376.800	92.613	0.000	0.100	0.100	742.882	376.800	0.000	0.000	6.934	0.000	0.000	0.000	1.000	171.000	10.200	-122.800	-113.700	27.300	-148.600	-42.800	0.000	0.000	0.000
3738967213.366	160.989	166.703	165.009	0.000	162.822	295.072	0.000	285.732	0.000	155.000	163.000	0.000	0.000	0.000	0.000	0.000	0.000	0.000	1.000	0.000	0.161	6.446	3.719	14527.913	-376.800	92.985	0.000	0.100	0.100	742.882	376.800	0.000	0.000	6.420	0.000	0.000	0.000	1.000	150.600	10.200	-120.800	-113.100	27.300	-149.200	-42.800	0.000	0.000	0.000
3738967223.365	160.999	166.703	165.000	0.000	162.898	295.063	0.000	285.724	0.000	155.000	163.000	0.000	0.000	0.000	0.000	0.000	0.000	0.000	1.000	0.000	0.464	-1.266	6.290	14817.524	-376.800	93.681	0.000	0.100	0.100	746.792	376.800	0.000	0.000	6.420	0.000	0.000	0.000	1.000	179.300	7.700	-118.900	-112.000	27.300	-149.800	-42.300	0.000	0.000	0.000
3738967233.364	161.041	166.690	164.995	0.000	162.976	295.057	0.000	285.722	0.000	155.000	163.000	0.000	0.000	0.000	0.000	0.000	0.000	0.000	1.000	0.000	-0.142	1.305	3.719	14243.963	-376.800	93.078	0.000	0.100	0.100	749.137	376.800	0.000	0.000	6.420	0.000	0.000	0.000	1.000	137.200	10.200	-117.700	-111.100	27.300	-150.000	-42.300	0.000	0.000	0.000
3738967243.364	161.059	166.686	164.976	0.000	163.033	295.059	0.000	285.730	0.000	155.000	163.000	0.000	0.000	0.000	0.000	0.000	0.000	0.000	1.000	0.000	0.464	-1.266	3.719	14527.913	-376.800	92.660	0.000	0.100	0.100	746.792	376.800	0.000	0.000	5.392	0.000	0.000	0.000	1.000	140.400	10.800	-116.600	-110.200	27.300	-150.600	-42.300	0.000	0.000	0.000
3738967253.365	161.082	166.656	164.981	0.000	163.107	295.051	0.000	285.711	0.000	155.000	163.000	0.000	0.000	0.000	0.000	0.000	0.000	0.000	1.000	0.000	0.161	1.305	3.719	14527.913	-376.800	93.772	0.000	0.100	0.100	749.919	376.800	0.000	0.000	5.392	0.000	0.000	0.000	1.000	141.600	10.800	-115.400	-109.300	27.300	-150.800	-42.000	0.000	0.000	0.000
3738967263.366	161.107	166.676	164.976	0.000	163.195	295.049	0.000	285.724	0.000	155.000	163.000	0.000	0.000	0.000	0.000	0.000	0.000	1.000	1.000	0.000	0.464	3.876	3.719	14527.913	-376.800	93.772	0.000	0.100	0.100	747.574	376.800	0.000	0.000	5.392	0.000	0.000	0.000	1.000	173.500	10.200	-114.300	-108.300	27.300	-151.000	-42.300	0.000	0.000	0.000
3738967273.364	161.235	166.650	164.948	0.000	163.216	295.061	0.000	285.731	0.000	155.000	163.000	0.000	0.000	0.000	0.000	0.000	0.000	1.000	1.000	0.000	-0.142	3.876	3.719	14527.913	-376.800	94.142	0.000	0.100	0.100	752.265	376.800	0.000	0.000	4.363	0.000	0.000	0.000	1.000	159.500	17.900	-120.000	-113.400	27.300	-150.600	-43.600	0.000	0.000	0.000
3738967283.365	161.346	166.679	164.964	0.000	163.190	295.066	0.000	285.746	0.000	155.000	163.000	0.000	0.000	0.000	0.000	0.000	0.000	1.000	1.000	0.000	0.161	1.305	3.719	14817.524	-376.800	94.143	0.000	0.100	0.100	755.392	376.800	0.000	0.000	4.363	0.000	0.000	0.000	1.000	147.400	17.900	-132.000	-116.600	28.900	-147.400	-44.800	0.000	0.000	0.000
3738967293.366	161.375	166.661	164.973	0.000	163.176	295.066	0.000	285.731	0.000	155.000	163.000	0.000	0.000	0.000	0.000	0.000	0.000	1.000	1.000	0.000	-0.445	3.876	3.719	14817.524	-376.800	93.911	0.000	0.100	0.100	752.265	376.800	0.000	0.000	4.363	0.000	0.000	0.000	1.000	160.800	13.400	-136.700	-117.200	29.500	-144.200	-44.800	0.000	0.000	0.000
3738967303.364	161.494	166.671	164.970	0.000	163.184	295.069	0.000	285.754	0.000	155.000	163.000	0.000	0.000	0.000	0.000	0.000	0.000	1.000	1.000	0.000	0.464	1.305	1.149	14817.524	-376.800	92.568	0.000	0.100	0.100	744.446	376.800	0.000	0.000	2.307	0.000	0.000	0.000	1.000	158.200	13.400	-136.200	-117.200	28.400	-142.200	-44.800	0.000	0.000	0.000
3738967313.365	161.480	166.670	164.961	0.000	163.069	295.078	0.000	285.741	0.000	155.000	163.000	0.000	0.000	0.000	0.000	0.000	0.000	1.000	1.000	0.000	-0.142	1.305	3.719	14527.913	-376.800	93.125	0.000	0.100	0.100	743.665	376.800	0.000	0.000	2.821	0.000	0.000	0.000	1.000	147.400	13.400	-135.100	-117.700	28.400	-141.200	-44.400	0.000	0.000	0.000
3738967323.364	161.258	166.658	164.958	0.000	162.822	295.072	0.000	285.745	0.000	155.000	163.000	0.000	0.000	0.000	0.000	0.000	0.000	0.000	1.000	0.000	0.161	-1.266	3.719	14527.913	-376.800	93.495	0.000	0.100	0.100	738.973	376.800	0.000	0.000	2.307	0.000	0.000	0.000	1.000	176.100	16.000	-133.900	-118.000	28.400	-140.500	-44.000	0.000	0.000	0.000
3738967333.366	161.044	166.624	164.943	0.000	162.592	295.063	0.000	285.745	0.000	155.000	163.000	0.000	0.000	0.000	0.000	0.000	0.000	0.000	1.000	0.000	-0.142	-1.266	3.719	14527.913	-376.800	93.911	0.000	0.100	0.100	742.100	376.800	0.000	0.000	2.307	0.000	0.000	0.000	1.000	176.100	11.500	-133.500	-118.200	28.400	-140.200	-43.600	0.000	0.000	0.000
3738967343.365	160.966	166.628	164.919	0.000	162.473	295.065	0.000	285.733	0.000	155.000	163.000	0.000	0.000	0.000	0.000	0.000	0.000	0.000	1.000	0.000	0.161	1.305	6.290	14527.913	-376.800	93.587	0.000	0.100	0.100	741.318	376.800	0.000	0.000	1.278	0.000	0.000	0.000	1.000	172.900	10.200	-132.600	-118.000	27.300	-141.800	-42.800	0.000	0.000	0.000
3738967353.364	160.954	166.628	164.938	0.000	162.453	295.072	0.000	285.729	0.000	155.000	163.000	0.000	0.000	0.000	0.000	0.000	0.000	0.000	1.000	0.000	0.161	3.876	1.149	14817.524	-376.800	93.958	0.000	0.100	0.100	749.137	376.800	0.000	0.000	7.963	0.000	0.000	0.000	1.000	175.500	10.200	-131.200	-117.700	26.700	-144.000	-42.000	0.000	0.000	0.000
3738967363.366	160.976	166.647	164.954	0.000	162.484	295.085	0.000	285.741	0.000	155.000	163.000	0.000	0.000	0.000	0.000	0.000	0.000	0.000	1.000	0.000	0.161	3.876	3.719	14817.524	-376.800	93.911	0.000	0.100	0.100	750.701	376.800	0.000	0.000	9.505	0.000	0.000	0.000	1.000	162.100	9.600	-129.600	-117.200	27.300	-145.700	-42.000	0.000	0.000	0.000
3738967373.364	161.018	166.647	164.964	0.000	162.555	295.084	0.000	285.738	0.000	155.000	163.000	0.000	0.000	0.000	0.000	0.000	0.000	0.000	1.000	0.000	0.464	1.305	6.290	14527.913	-376.800	92.196	0.000	0.100	0.100	746.010	376.800	0.000	0.000	10.020	0.000	0.000	0.000	1.000	144.800	9.600	-127.700	-116.300	26.700	-146.700	-41.600	0.000	0.000	0.000
3738967383.364	161.035	166.648	164.970	0.000	162.632	295.081	0.000	285.741	0.000	155.000	163.000	0.000	0.000	0.000	0.000	0.000	0.000	0.000	1.000	0.000	0.161	3.876	3.719	14527.913	-376.800	92.521	0.000	0.100	0.100	746.010	376.800	0.000	0.000	10.020	0.000	0.000	0.000	1.000	171.000	10.800	-126.400	-115.400	27.300	-147.400	-41.600	0.000	0.000	0.000
3738967393.364	161.018	166.630	164.928	0.000	162.685	295.075	0.000	285.747	0.000	155.000	163.000	0.000	0.000	0.000	0.000	0.000	0.000	0.000	1.000	0.000	-0.142	6.446	3.719	14527.913	-376.800	92.661	0.000	0.100	0.100	738.973	376.800	0.000	0.000	8.991	0.000	0.000	0.000	1.000	167.200	10.800	-124.400	-114.600	27.300	-148.200	-41.600	0.000	0.000	0.000
3738967403.365	161.038	166.624	164.935	0.000	162.781	295.086	0.000	285.761	0.000	155.000	163.000	0.000	0.000	0.000	0.000	0.000	0.000	0.000	1.000	0.000	0.161	1.305	3.719	14243.963	-376.800	93.310	0.000	0.100	0.100	742.101	376.800	0.000	0.000	9.505	0.000	0.000	0.000	1.000	168.400	7.700	-122.500	-113.700	27.300	-148.600	-41.100	0.000	0.000	0.000
3738967413.364	161.042	166.617	164.924	0.000	162.841	295.082	0.000	285.742	0.000	155.000	163.000	0.000	0.000	0.000	0.000	0.000	0.000	0.000	1.000	0.000	0.464	-1.266	3.719	14243.963	-376.800	93.542	0.000	0.100	0.100	744.446	376.800	0.000	0.000	9.505	0.000	0.000	0.000	1.000	172.300	10.200	-120.600	-112.900	27.300	-149.200	-41.100	0.000	0.000	0.000
3738967423.365	161.069	166.608	164.930	0.000	162.935	295.078	0.000	285.737	0.000	155.000	163.000	0.000	0.000	0.000	0.000	0.000	0.000	0.000	1.000	0.000	-0.142	3.876	3.719	14527.913	-376.800	94.098	0.000	0.100	0.100	745.228	376.800	0.000	0.000	8.477	0.000	0.000	0.000	1.000	171.000	7.700	-118.900	-112.000	27.300	-149.600	-41.100	0.000	0.000	0.000
3738967433.365	161.108	166.620	164.919	0.000	163.002	295.084	0.000	285.734	0.000	155.000	163.000	0.000	0.000	0.000	0.000	0.000	0.000	0.000	1.000	0.000	-0.142	6.446	3.719	14527.913	-376.800	93.125	0.000	0.100	0.100	745.228	376.800	0.000	0.000	7.963	0.000	0.000	0.000	1.000	139.700	10.800	-117.500	-110.800	27.300	-150.000	-41.100	0.000	0.000	0.000
3738967443.364	161.128	166.608	164.916	0.000	163.074	295.086	0.000	285.736	0.000	155.000	163.000	0.000	0.000	0.000	0.000	0.000	0.000	0.000	1.000	0.000	0.161	3.876	3.719	14527.913	-376.800	93.635	0.000	0.100	0.100	746.010	376.800	0.000	0.000	6.934	0.000	0.000	0.000	1.000	167.800	10.200	-116.300	-110.200	27.300	-150.600	-41.100	0.000	0.000	0.000
3738967453.364	161.142	166.603	164.915	0.000	163.157	295.085	0.000	285.739	0.000	155.000	163.000	0.000	0.000	0.000	0.000	0.000	0.000	0.000	1.000	0.000	0.161	1.305	3.719	14527.913	-376.800	93.357	0.000	0.100	0.100	749.920	376.800	0.000	0.000	7.449	0.000	0.000	0.000	1.000	178.000	10.200	-115.200	-109.300	27.300	-150.800	-41.100	0.000	0.000	0.000
3738967463.364	161.188	166.619	164.918	0.000	163.225	295.100	0.000	285.752	0.000	155.000	163.000	0.000	0.000	0.000	0.000	0.000	0.000	1.000	1.000	0.000	-0.142	1.305	3.719	14527.913	-376.800	93.171	0.000	0.100	0.100	746.010	376.800	0.000	0.000	6.420	0.000	0.000	0.000	1.000	135.900	10.200	-114.000	-108.100	27.300	-151.000	-41.100	0.000	0.000	0.000
3738967473.365	161.321	166.599	164.908	0.000	163.254	295.096	0.000	285.755	0.000	155.000	163.000	0.000	0.000	0.000	0.000	0.000	0.000	1.000	1.000	0.000	0.464	3.876	3.719	14817.524	-376.800	92.846	0.000	0.100	0.100	744.446	376.800	0.000	0.000	5.906	0.000	0.000	0.000	1.000	136.500	18.500	-120.600	-113.700	27.300	-150.400	-43.600	0.000	0.000	0.000
3738967483.365	161.421	166.597	164.910	0.000	163.207	295.094	0.000	285.756	0.000	155.000	163.000	0.000	0.000	0.000	0.000	0.000	0.000	1.000	1.000	0.000	0.161	-1.266	6.290	14527.913	-376.800	93.030	0.000	0.100	0.100	738.191	376.800	0.000	0.000	6.420	0.000	0.000	0.000	1.000	141.000	14.000	-133.000	-116.600	29.500	-147.400	-44.400	0.000	0.000	0.000
3738967493.364	161.468	166.601	164.914	0.000	163.203	295.085	0.000	285.754	0.000	155.000	163.000	0.000	0.000	0.000	0.000	0.000	0.000	1.000	1.000	0.000	-0.142	6.446	3.719	14527.913	-376.800	93.077	0.000	0.100	0.100	741.318	376.800	0.000	0.000	4.878	0.000	0.000	0.000	1.000	156.900	17.200	-136.200	-117.200	28.400	-144.000	-43.600	0.000	0.000	0.000
3738967503.364	161.562	166.601	164.908	0.000	163.193	295.091	0.000	285.743	0.000	155.000	163.000	0.000	0.000	0.000	0.000	0.000	0.000	1.000	1.000	0.000	0.161	1.305	1.149	14817.524	-376.800	93.309	0.000	0.100	0.100	753.047	376.800	0.000	0.000	4.878	0.000	0.000	0.000	1.000	155.000	17.200	-135.600	-117.200	27.800	-142.600	-43.600	0.000	0.000	0.000
3738967513.365	161.551	166.611	164.908	0.000	163.062	295.072	0.000	285.745	0.000	155.000	163.000	0.000	0.000	0.000	0.000	0.000	0.000	1.000	1.000	0.000	0.161	1.305	3.719	14817.524	-376.800	92.476	0.000	0.100	0.100	747.574	376.800	0.000	0.000	4.878	0.000	0.000	0.000	1.000	167.800	14.000	-134.000	-117.700	28.400	-141.200	-43.200	0.000	0.000	0.000
3738967523.365	161.362	166.605	164.903	0.000	162.842	295.072	0.000	285.737	0.000	155.000	163.000	0.000	0.000	0.000	0.000	0.000	0.000	0.000	1.000	0.000	-0.142	3.876	3.719	14817.524	-376.800	93.357	0.000	0.100	0.100	743.665	376.800	0.000	0.000	3.849	0.000	0.000	0.000	1.000	149.900	14.700	-134.100	-118.000	28.400	-140.500	-43.200	0.000	0.000	0.000
3738967533.365	161.181	166.628	164.923	0.000	162.628	295.080	0.000	285.748	0.000	155.000	163.000	0.000	0.000	0.000	0.000	0.000	0.000	0.000	1.000	0.000	0.464	3.876	3.719	14243.963	-376.800	92.846	0.000	0.100	0.100	746.792	376.800	0.000	0.000	4.363	0.000	0.000	0.000	1.000	146.100	12.800	-133.500	-118.200	28.400	-140.200	-42.800	0.000	0.000	0.000
3738967543.365	161.135	166.628	164.935	0.000	162.515	295.098	0.000	285.749	0.000	155.000	163.000	0.000	0.000	0.000	0.000	0.000	0.000	0.000	1.000	0.000	0.464	1.305	1.149	14817.524	-376.800	93.447	0.000	0.100	0.100	752.265	376.800	0.000	0.000	3.335	0.000	0.000	0.000	1.000	151.800	10.200	-132.600	-118.000	27.300	-142.000	-42.000	0.000	0.000	0.000
3738967553.364	161.106	166.620	164.913	0.000	162.495	295.075	0.000	285.754	0.000	155.000	163.000	0.000	0.000	0.000	0.000	0.000	0.000	0.000	1.000	0.000	0.161	-1.266	3.719	14817.524	-376.800	94.144	0.000	0.100	0.100	744.446	376.800	0.000	0.000	3.849	0.000	0.000	0.000	1.000	173.500	7.700	-131.200	-117.500	26.700	-144.000	-41.100	0.000	0.000	0.000
3738967563.364	161.114	166.638	164.933	0.000	162.533	295.080	0.000	285.756	0.000	155.000	163.000	0.000	0.000	0.000	0.000	0.000	0.000	0.000	1.000	0.000	-0.142	-1.266	3.719	14817.524	-376.800	92.940	0.000	0.100	0.100	739.755	376.800	0.000	0.000	2.821	0.000	0.000	0.000	1.000	146.100	10.200	-129.600	-117.200	26.300	-145.700	-40.700	0.000	0.000	0.000
3738967573.364	161.146	166.641	164.923	0.000	162.579	295.074	0.000	285.733	0.000	155.000	163.000	0.000	0.000	0.000	0.000	0.000	0.000	0.000	1.000	0.000	0.464	1.305	3.719	14527.913	-376.800	92.382	0.000	0.100	0.100	751.483	376.800	0.000	0.000	2.307	0.000	0.000	0.000	1.000	150.600	9.600	-128.300	-116.300	26.700	-146.700	-40.700	0.000	0.000	0.000
3738967583.365	161.167	166.644	164.935	0.000	162.658	295.084	0.000	285.753	0.000	155.000	163.000	0.000	0.000	0.000	0.000	0.000	0.000	0.000	1.000	0.000	-0.142	1.305	3.719	14817.524	-376.800	92.752	0.000	0.100	0.100	745.228	376.800	0.000	0.000	2.307	0.000	0.000	0.000	1.000	174.200	8.900	-126.400	-115.400	26.700	-147.400	-40.400	0.000	0.000	0.000
3738967593.364	161.185	166.637	164.930	0.000	162.727	295.077	0.000	285.750	0.000	155.000	163.000	0.000	0.000	0.000	0.000	0.000	0.000	0.000	1.000	0.000	0.161	3.876	-1.422	14817.524	-376.800	92.893	0.000	0.100	0.100	746.792	376.800	0.000	0.000	4.878	0.000	0.000	0.000	1.000	178.000	10.800	-124.700	-114.600	26.700	-148.200	-40.400	0.000	0.000	0.000
3738967603.364	161.179	166.620	164.903	0.000	162.787	295.070	0.000	285.528	0.000	155.000	163.000	0.000	0.000	0.000	0.000	0.000	0.000	0.000	1.000	0.000	-0.142	1.305	3.719	14527.913	-376.800	93.124	0.000	0.100	0.100	739.755	376.800	0.000	0.000	10.020	0.000	0.000	0.000	1.000	142.300	10.200	-122.800	-113.700	26.700	-148.600	-40.400	0.000	0.000	0.000
3738967613.364	161.214	166.644	164.919	0.000	162.878	295.088	0.000	285.647	0.000	155.000	163.000	0.000	0.000	0.000	0.000	0.000	0.000	0.000	1.000	0.000	0.464	1.305	3.719	14527.913	-376.800	93.957	0.000	0.100	0.100	753.047	376.800	0.000	0.000	7.963	0.000	0.000	0.000	1.000	144.800	10.200	-120.600	-112.900	26.700	-149.200	-40.400	0.000	0.000	0.000
3738967623.365	161.240	166.635	164.919	0.000	162.959	295.087	0.000	285.686	0.000	155.000	163.000	0.000	0.000	0.000	0.000	0.000	0.000	0.000	1.000	0.000	-0.142	-1.266	3.719	14527.913	-376.800	93.403	0.000	0.100	0.100	737.409	376.800	0.000	0.000	8.991	0.000	0.000	0.000	1.000	137.200	10.200	-118.900	-112.000	26.700	-149.600	-39.900	0.000	0.000	0.000
3738967633.364	161.257	166.622	164.915	0.000	163.042	295.091	0.000	285.722	0.000	155.000	163.000	0.000	0.000	0.000	0.000	0.000	0.000	0.000	1.000	0.000	-0.142	3.876	3.719	14817.524	-376.800	92.892	0.000	0.100	0.100	746.010	376.800	0.000	0.000	9.505	0.000	0.000	0.000	1.000	163.300	10.800	-117.500	-110.800	26.700	-150.000	-39.900	0.000	0.000	0.000
3738967643.364	161.267	166.632	164.911	0.000	163.111	295.078	0.000	285.696	0.000	155.000	163.000	0.000	0.000	0.000	0.000	0.000	0.000	0.000	1.000	0.000	0.464	1.305	6.290	14817.524	-376.800	93.123	0.000	0.100	0.100	746.792	376.800	0.000	0.000	8.991	0.000	0.000	0.000	1.000	164.600	8.300	-116.300	-110.200	27.300	-150.600	-39.900	0.000	0.000	0.000
3738967653.364	161.282	166.622	164.912	0.000	163.173	295.091	0.000	285.699	0.000	155.000	163.000	0.000	0.000	0.000	0.000	0.000	0.000	1.000	1.000	0.000	-0.142	3.876	1.149	14817.524	-376.800	92.754	0.000	0.100	0.100	751.484	376.800	0.000	0.000	8.991	0.000	0.000	0.000	1.000	142.300	10.800	-115.200	-109.000	26.700	-151.000	-40.400	0.000	0.000	0.000
3738967663.364	161.427	166.639	164.915	0.000	163.221	295.091	0.000	285.702	0.000	155.000	163.000	0.000	0.000	0.000	0.000	0.000	0.000	1.000	1.000	0.000	0.464	1.305	3.719	14817.524	-376.800	93.262	0.000	0.100	0.100	742.882	376.800	0.000	0.000	8.991	0.000	0.000	0.000	1.000	134.000	17.900	-120.800	-113.700	27.300	-150.400	-42.300	0.000	0.000	0.000
3738967673.365	161.511	166.623	164.905	0.000	163.193	295.098	0.000	285.722	0.000	155.000	163.000	0.000	0.000	0.000	0.000	0.000	0.000	1.000	1.000	0.000	0.464	3.876	1.149	14527.913	-376.800	92.985	0.000	0.100	0.100	743.665	376.800	0.000	0.000	7.963	0.000	0.000	0.000	1.000	136.500	14.700	-132.800	-116.600	29.500	-147.200	-42.800	0.000	0.000	0.000
3738967683.364	161.541	166.606	164.891	0.000	163.157	295.079	0.000	285.713	0.000	155.000	163.000	0.000	0.000	0.000	0.000	0.000	0.000	1.000	1.000	0.000	-0.142	3.876	3.719	14817.524	-376.800	92.940	0.000	0.100	0.100	742.882	376.800	0.000	0.000	7.449	0.000	0.000	0.000	1.000	162.700	14.000	-136.200	-117.500	28.900	-144.000	-42.800	0.000	0.000	0.000
3738967693.365	161.645	166.630	164.893	0.000	163.184	295.083	0.000	285.721	0.000	155.000	163.000	0.000	0.000	0.000	0.000	0.000	0.000	1.000	1.000	0.000	0.161	-1.266	3.719	14817.524	-376.800	92.660	0.000	0.100	0.100	737.409	376.800	0.000	0.000	7.449	0.000	0.000	0.000	1.000	152.500	16.000	-135.400	-117.500	28.400	-142.200	-42.000	0.000	0.000	0.000
3738967703.364	161.604	166.614	164.893	0.000	163.058	295.084	0.000	285.724	0.000	155.000	163.000	0.000	0.000	0.000	0.000	0.000	0.000	1.000	1.000	0.000	-0.142	1.305	6.290	14527.913	-376.800	93.725	0.000	0.100	0.100	744.446	376.800	0.000	0.000	6.420	0.000	0.000	0.000	1.000	146.700	17.200	-134.600	-118.000	27.800	-141.500	-42.000	0.000	0.000	0.000
3738967713.364	161.359	166.593	164.867	0.000	162.806	295.075	0.000	285.711	0.000	155.000	163.000	0.000	0.000	0.000	0.000	0.000	0.000	0.000	1.000	0.000	0.161	3.876	1.149	14243.963	-376.800	93.818	0.000	0.100	0.100	753.047	376.800	0.000	0.000	6.420	0.000	0.000	0.000	1.000	174.800	17.200	-134.300	-118.200	27.800	-140.500	-42.000	0.000	0.000	0.000
3738967723.364	161.166	166.602	164.889	0.000	162.556	295.075	0.000	285.718	0.000	155.000	163.000	0.000	0.000	0.000	0.000	0.000	0.000	0.000	1.000	0.000	0.464	1.305	6.290	14527.913	-376.800	93.774	0.000	0.100	0.100	738.191	376.800	0.000	0.000	3.335	0.000	0.000	0.000	1.000	152.500	12.100	-133.900	-118.600	28.400	-140.200	-41.600	0.000	0.000	0.000
3738967733.364	161.102	166.597	164.872	0.000	162.450	295.070	0.000	285.724	0.000	155.000	163.000	0.000	0.000	0.000	0.000	0.000	0.000	0.000	1.000	0.000	0.161	3.876	3.719	14817.524	-376.800	93.588	0.000	0.100	0.100	749.919	376.800	0.000	0.000	5.392	0.000	0.000	0.000	1.000	183.700	10.200	-132.800	-118.200	27.300	-141.800	-40.700	0.000	0.000	0.000
3738967743.365	161.081	166.601	164.861	0.000	162.421	295.059	0.000	285.713	0.000	155.000	163.000	0.000	0.000	0.000	0.000	0.000	0.000	0.000	1.000	0.000	0.161	1.305	3.719	14817.524	-376.800	93.030	0.000	0.100	0.100	751.483	376.800	0.000	0.000	4.878	0.000	0.000	0.000	1.000	152.500	10.200	-131.200	-117.700	26.300	-144.000	-40.400	0.000	0.000	0.000
3738967753.364	161.094	166.591	164.871	0.000	162.447	295.078	0.000	285.710	0.000	155.000	163.000	0.000	0.000	0.000	0.000	0.000	0.000	0.000	1.000	0.000	0.161	3.876	3.719	14817.524	-376.800	94.468	0.000	0.100	0.100	746.009	376.800	0.000	0.000	3.849	0.000	0.000	0.000	1.000	167.200	9.600	-129.600	-117.200	26.700	-145.700	-39.900	0.000	0.000	0.000
3738967763.364	161.102	166.584	164.852	0.000	162.499	295.074	0.000	285.710	0.000	155.000	163.000	0.000	0.000	0.000	0.000	0.000	0.000	0.000	1.000	0.000	-0.142	1.305	3.719	14817.524	-376.800	93.079	0.000	0.100	0.100	751.484	376.800	0.000	0.000	4.878	0.000	0.000	0.000	1.000	145.500	10.200	-128.300	-116.300	26.300	-146.700	-39.500	0.000	0.000	0.000
3738967773.366	161.118	166.605	164.875	0.000	162.566	295.066	0.000	285.716	0.000	155.000	163.000	0.000	0.000	0.000	0.000	0.000	0.000	0.000	1.000	0.000	0.161	3.876	3.719	14527.913	-376.800	93.773	0.000	0.100	0.100	744.446	376.800	0.000	0.000	3.849	0.000	0.000	0.000	1.000	157.600	8.900	-126.400	-115.400	26.300	-147.400	-39.500	0.000	0.000	0.000
3738967783.365	161.142	166.594	164.862	0.000	162.639	295.068	0.000	285.706	0.000	155.000	163.000	0.000	0.000	0.000	0.000	0.000	0.000	0.000	1.000	0.000	-0.142	6.446	1.149	14817.524	-376.800	92.428	0.000	0.100	0.100	742.101	376.800	0.000	0.000	3.849	0.000	0.000	0.000	1.000	167.800	10.200	-124.400	-114.800	26.700	-148.200	-39.500	0.000	0.000	0.000
3738967793.364	161.148	166.592	164.850	0.000	162.737	295.071	0.000	285.716	0.000	155.000	163.000	0.000	0.000	0.000	0.000	0.000	0.000	0.000	1.000	0.000	-0.142	-1.266	1.149	14527.913	-376.800	93.772	0.000	0.100	0.100	749.137	376.800	0.000	0.000	3.335	0.000	0.000	0.000	1.000	178.000	8.300	-122.800	-113.700	27.300	-148.600	-39.200	0.000	0.000	0.000
3738967803.364	161.163	166.571	164.825	0.000	162.789	295.062	0.000	285.707	0.000	155.000	163.000	0.000	0.000	0.000	0.000	0.000	0.000	0.000	1.000	0.000	-0.142	1.305	6.290	14243.963	-376.800	93.077	0.000	0.100	0.100	742.100	376.800	0.000	0.000	2.821	0.000	0.000	0.000	1.000	144.200	7.700	-120.800	-113.100	26.700	-149.200	-39.200	0.000	0.000	0.000
3738967813.365	161.176	166.579	164.862	0.000	162.881	295.075	0.000	285.717	0.000	155.000	163.000	0.000	0.000	0.000	0.000	0.000	0.000	0.000	1.000	0.000	0.161	-1.266	6.290	14817.524	-376.800	93.357	0.000	0.100	0.100	748.356	376.800	0.000	0.000	2.307	0.000	0.000	0.000	1.000	141.000	10.800	-118.900	-112.000	26.700	-149.600	-38.700	0.000	0.000	0.000
3738967823.364	161.207	166.586	164.852	0.000	162.952	295.087	0.000	285.726	0.000	155.000	163.000	0.000	0.000	0.000	0.000	0.000	0.000	0.000	1.000	0.000	0.464	3.876	3.719	14817.524	-376.800	93.588	0.000	0.100	0.100	738.191	376.800	0.000	0.000	8.991	0.000	0.000	0.000	1.000	142.300	10.200	-117.700	-111.100	26.700	-150.000	-38.700	0.000	0.000	0.000
3738967833.365	161.239	166.590	164.862	0.000	163.029	295.095	0.000	285.714	0.000	155.000	163.000	0.000	0.000	0.000	0.000	0.000	0.000	0.000	1.000	0.000	0.161	-1.266	3.719	14817.524	-376.800	93.309	0.000	0.100	0.100	746.010	376.800	0.000	0.000	7.963	0.000	0.000	0.000	1.000	167.200	10.200	-116.300	-110.200	26.700	-150.600	-38.700	0.000	0.000	0.000
3738967843.365	161.274	166.584	164.865	0.000	163.109	295.084	0.000	285.720	0.000	155.000	163.000	0.000	0.000	0.000	0.000	0.000	0.000	0.000	1.000	0.000	0.464	3.876	3.719	14817.524	-376.800	92.660	0.000	0.100	0.100	744.446	376.800	0.000	0.000	11.048	0.000	0.000	0.000	1.000	167.800	10.200	-115.400	-109.300	27.300	-150.800	-38.700	0.000	0.000	0.000
3738967853.364	161.292	166.573	164.849	0.000	163.168	295.077	0.000	285.716	0.000	155.000	163.000	0.000	0.000	0.000	0.000	0.000	0.000	1.000	1.000	0.000	0.464	3.876	3.719	14527.913	-376.800	94.003	0.000	0.100	0.100	744.446	376.800	0.000	0.000	10.534	0.000	0.000	0.000	1.000	176.100	10.800	-114.300	-108.300	26.700	-151.200	-38.700	0.000	0.000	0.000
3738967863.365	161.451	166.574	164.853	0.000	163.231	295.077	0.000	285.719	0.000	155.000	163.000	0.000	0.000	0.000	0.000	0.000	0.000	1.000	1.000	0.000	0.161	1.305	8.861	14527.913	-376.800	93.680	0.000	0.100	0.100	738.191	376.800	0.000	0.000	10.534	0.000	0.000	0.000	1.000	152.500	18.500	-120.000	-113.400	26.700	-150.600	-39.900	0.000	0.000	0.000
3738967873.364	161.494	166.569	164.830	0.000	163.148	295.068	0.000	285.706	0.000	155.000	163.000	0.000	0.000	0.000	0.000	0.000	0.000	1.000	1.000	0.000	-0.142	1.305	3.719	15112.908	-376.800	93.032	0.000	0.100	0.100	742.882	376.800	0.000	0.000	9.505	0.000	0.000	0.000	1.000	148.700	15.300	-132.600	-116.600	28.900	-147.400	-41.100	0.000	0.000	0.000
3738967883.365	161.536	166.571	164.836	0.000	163.150	295.079	0.000	285.701	0.000	155.000	163.000	0.000	0.000	0.000	0.000	0.000	0.000	1.000	1.000	0.000	0.161	1.305	6.290	14817.524	-376.800	92.568	0.000	0.100	0.100	737.409	376.800	0.000	0.000	10.020	0.000	0.000	0.000	1.000	167.200	17.200	-136.700	-117.500	27.800	-144.200	-41.100	0.000	0.000	0.000
3738967893.364	161.643	166.567	164.829	0.000	163.160	295.075	0.000	285.713	0.000	155.000	163.000	0.000	0.000	0.000	0.000	0.000	0.000	1.000	1.000	0.000	0.161	3.876	6.290	14527.913	-376.800	93.864	0.000	0.100	0.100	749.919	376.800	0.000	0.000	6.420	0.000	0.000	0.000	1.000	172.900	17.200	-135.600	-117.500	27.800	-142.800	-40.700	0.000	0.000	0.000
3738967903.364	161.631	166.564	164.837	0.000	163.059	295.077	0.000	285.727	0.000	155.000	163.000	0.000	0.000	0.000	0.000	0.000	0.000	1.000	1.000	0.000	-0.142	-1.266	6.290	14527.913	-376.800	93.355	0.000	0.100	0.100	744.446	376.800	0.000	0.000	8.991	0.000	0.000	0.000	1.000	148.700	17.200	-134.900	-118.000	27.300	-141.500	-41.100	0.000	0.000	0.000
3738967913.365	161.454	166.575	164.832	0.000	162.832	295.075	0.000	285.706	0.000	155.000	163.000	0.000	0.000	0.000	0.000	0.000	0.000	0.000	1.000	0.000	-0.142	1.305	3.719	14817.524	-376.800	93.171	0.000	0.100	0.100	748.356	376.800	0.000	0.000	5.906	0.000	0.000	0.000	1.000	141.600	17.900	-134.100	-118.000	27.800	-140.800	-40.400	0.000	0.000	0.000
3738967923.365	161.258	166.588	164.850	0.000	162.612	295.082	0.000	285.727	0.000	155.000	163.000	0.000	0.000	0.000	0.000	0.000	0.000	0.000	1.000	0.000	0.464	3.876	8.861	14817.524	-376.800	93.079	0.000	0.100	0.100	743.664	376.800	0.000	0.000	7.449	0.000	0.000	0.000	1.000	146.700	12.800	-133.900	-118.200	27.800	-140.500	-40.400	0.000	0.000	0.000
3738967933.364	161.217	166.581	164.847	0.000	162.502	295.082	0.000	285.727	0.000	155.000	163.000	0.000	0.000	0.000	0.000	0.000	0.000	0.000	1.000	0.000	-0.142	-1.266	3.719	14817.524	-376.800	93.402	0.000	0.100	0.100	741.318	376.800	0.000	0.000	4.878	0.000	0.000	0.000	1.000	157.600	10.800	-132.800	-118.000	27.300	-142.000	-39.500	0.000	0.000	0.000
3738967943.366	161.178	166.572	164.842	0.000	162.473	295.085	0.000	285.714	0.000	155.000	163.000	0.000	0.000	0.000	0.000	0.000	0.000	0.000	1.000	0.000	-0.142	1.305	6.290	14527.913	-376.800	93.864	0.000	0.100	0.100	749.919	376.800	0.000	0.000	4.363	0.000	0.000	0.000	1.000	147.400	9.600	-131.500	-117.700	26.700	-144.000	-38.700	0.000	0.000	0.000
3738967953.365	161.168	166.552	164.823	0.000	162.486	295.085	0.000	285.735	0.000	155.000	163.000	0.000	0.000	0.000	0.000	0.000	0.000	0.000	1.000	0.000	0.464	3.876	3.719	14243.963	-376.800	93.170	0.000	0.100	0.100	750.701	376.800	0.000	0.000	3.849	0.000	0.000	0.000	1.000	152.500	9.600	-129.900	-117.200	26.700	-145.700	-38.700	0.000	0.000	0.000
3738967963.364	161.169	166.563	164.820	0.000	162.540	295.085	0.000	285.729	0.000	155.000	163.000	0.000	0.000	0.000	0.000	0.000	0.000	0.000	1.000	0.000	-0.142	1.305	3.719	14527.913	-376.800	93.681	0.000	0.100	0.100	752.265	376.800	0.000	0.000	3.849	0.000	0.000	0.000	1.000	149.900	8.300	-128.300	-116.300	26.700	-146.700	-38.300	0.000	0.000	0.000
3738967973.364	161.156	166.524	164.792	0.000	162.592	295.076	0.000	285.720	0.000	155.000	163.000	0.000	0.000	0.000	0.000	0.000	0.000	0.000	1.000	0.000	-0.142	-1.266	3.719	14527.913	-376.800	93.542	0.000	0.100	0.100	747.574	376.800	0.000	0.000	2.307	0.000	0.000	0.000	1.000	175.500	10.200	-126.600	-115.400	26.700	-147.400	-38.300	0.000	0.000	0.000
3738967983.364	161.175	166.531	164.806	0.000	162.673	295.085	0.000	285.724	0.000	155.000	163.000	0.000	0.000	0.000	0.000	0.000	0.000	0.000	1.000	0.000	0.161	1.305	3.719	14243.963	-376.800	92.335	0.000	0.100	0.100	748.356	376.800	0.000	0.000	2.821	0.000	0.000	0.000	1.000	179.900	8.900	-124.700	-114.300	26.700	-148.200	-38.300	0.000	0.000	0.000
3738967993.365	161.223	166.543	164.809	0.000	162.758	295.083	0.000	285.736	0.000	155.000	163.000	0.000	0.000	0.000	0.000	0.000	0.000	0.000	1.000	0.000	0.161	3.876	3.719	14527.913	-376.800	92.938	0.000	0.100	0.100	747.573	376.800	0.000	0.000	2.307	0.000	0.000	0.000	1.000	158.900	10.800	-122.800	-113.700	26.700	-148.900	-37.800	0.000	0.000	0.000
3738968003.364	161.233	166.537	164.808	0.000	162.833	295.092	0.000	285.736	0.000	155.000	163.000	0.000	0.000	0.000	0.000	0.000	0.000	0.000	1.000	0.000	0.464	3.876	3.719	14527.913	-376.800	92.754	0.000	0.100	0.100	746.010	376.800	0.000	0.000	2.307	0.000	0.000	0.000	1.000	179.900	9.600	-120.600	-112.900	27.300	-149.200	-37.800	0.000	0.000	0.000
3738968013.366	161.246	166.518	164.788	0.000	162.892	295.076	0.000	285.718	0.000	155.000	163.000	0.000	0.000	0.000	0.000	0.000	0.000	0.000	1.000	0.000	0.161	3.876	1.149	14527.913	-376.800	92.708	0.000	0.100	0.100	740.537	376.800	0.000	0.000	4.878	0.000	0.000	0.000	1.000	170.300	8.900	-118.900	-112.000	27.300	-149.800	-37.800	0.000	0.000	0.000
3738968023.364	161.269	166.514	164.796	0.000	162.980	295.079	0.000	285.725	0.000	155.000	163.000	0.000	0.000	0.000	0.000	0.000	0.000	0.000	1.000	0.000	0.161	-1.266	3.719	14527.913	-376.800	93.774	0.000	0.100	0.100	750.701	376.800	0.000	0.000	10.534	0.000	0.000	0.000	1.000	162.700	10.200	-117.700	-111.100	26.700	-150.000	-37.800	0.000	0.000	0.000
3738968033.364	161.268	166.498	164.769	0.000	163.021	295.061	0.000	285.714	0.000	155.000	163.000	0.000	0.000	0.000	0.000	0.000	0.000	0.000	1.000	0.000	-0.445	1.305	6.290	14817.524	-376.800	93.727	0.000	0.100	0.100	743.664	376.800	0.000	0.000	11.048	0.000	0.000	0.000	1.000	142.300	8.300	-116.300	-110.200	27.300	-150.600	-37.800	0.000	0.000	0.000
3738968043.364	161.300	166.482	164.777	0.000	163.091	295.057	0.000	285.717	0.000	155.000	163.000	0.000	0.000	0.000	0.000	0.000	0.000	0.000	1.000	0.000	0.464	1.305	6.290	14527.913	-376.800	93.402	0.000	0.100	0.100	745.228	376.800	0.000	0.000	8.991	0.000	0.000	0.000	1.000	163.300	7.700	-115.400	-109.000	27.300	-150.800	-37.800	0.000	0.000	0.000
3738968053.366	161.309	166.497	164.770	0.000	163.143	295.057	0.000	285.723	0.000	155.000	163.000	0.000	0.000	0.000	0.000	0.000	0.000	0.000	1.000	0.000	0.161	3.876	6.290	14527.913	-376.800	93.494	0.000	0.100	0.100	744.446	376.800	0.000	0.000	9.505	0.000	0.000	0.000	1.000	141.600	8.900	-114.000	-108.100	27.300	-151.000	-37.800	0.000	0.000	0.000
3738968063.364	161.313	166.479	164.751	0.000	163.210	295.065	0.000	285.730	0.000	155.000	163.000	0.000	0.000	0.000	0.000	0.000	0.000	1.000	1.000	0.000	-0.142	1.305	3.719	14817.524	-376.800	93.957	0.000	0.100	0.100	742.100	376.800	0.000	0.000	8.991	0.000	0.000	0.000	1.000	167.800	10.800	-113.400	-107.200	27.300	-151.500	-37.800	0.000	0.000	0.000
3738968073.364	161.453	166.482	164.747	0.000	163.259	295.071	0.000	285.737	0.000	155.000	163.000	0.000	0.000	0.000	0.000	0.000	0.000	1.000	1.000	0.000	-0.142	3.876	3.719	14817.524	-376.800	93.216	0.000	0.100	0.100	742.882	376.800	0.000	0.000	8.477	0.000	0.000	0.000	1.000	162.700	15.300	-119.500	-112.900	27.800	-150.800	-39.500	0.000	0.000	0.000
3738968083.364	161.553	166.472	164.755	0.000	163.198	295.070	0.000	285.731	0.000	155.000	163.000	0.000	0.000	0.000	0.000	0.000	0.000	1.000	1.000	0.000	-0.142	3.876	6.290	14817.524	-376.800	92.522	0.000	0.100	0.100	745.228	376.800	0.000	0.000	9.505	0.000	0.000	0.000	1.000	144.200	14.000	-131.700	-116.300	28.900	-147.700	-40.400	0.000	0.000	0.000
3738968093.364	161.600	166.461	164.764	0.000	163.196	295.068	0.000	285.730	0.000	155.000	163.000	0.000	0.000	0.000	0.000	0.000	0.000	1.000	1.000	0.000	0.464	1.305	6.290	14527.913	-376.800	92.939	0.000	0.100	0.100	741.318	376.800	0.000	0.000	7.963	0.000	0.000	0.000	1.000	153.100	13.400	-136.700	-116.800	28.400	-144.000	-0.000	0.000	0.000	0.000
3738968103.364	161.685	166.466	164.746	0.000	163.197	295.077	0.000	285.728	0.000	155.000	163.000	0.000	0.000	0.000	0.000	0.000	0.000	1.000	1.000	0.000	0.161	6.446	1.149	14817.524	-376.800	93.356	0.000	0.100	0.100	751.483	376.800	0.000	0.000	7.963	0.000	0.000	0.000	1.000	142.300	13.400	-136.200	-116.800	28.900	-142.800	-40.400	0.000	0.000	0.000
3738968113.364	161.689	166.467	164.737	0.000	163.110	295.079	0.000	285.735	0.000	155.000	163.000	0.000	0.000	0.000	0.000	0.000	0.000	1.000	1.000	0.000	-0.142	-1.266	3.719	14817.524	-376.800	92.475	0.000	0.100	0.100	738.973	376.800	0.000	0.000	6.934	0.000	0.000	0.000	1.000	138.400	14.000	-135.400	-117.500	27.800	-141.800	-40.400	0.000	0.000	0.000
3738968123.364	161.499	166.456	164.740	0.000	162.894	295.074	0.000	285.749	0.000	155.000	163.000	0.000	0.000	0.000	0.000	0.000	0.000	0.000	1.000	0.000	-0.142	6.446	1.149	14527.913	-376.800	92.474	0.000	0.100	0.100	742.882	376.800	0.000	0.000	5.906	0.000	0.000	0.000	1.000	163.300	17.900	-134.100	-118.000	27.800	-140.800	-39.500	0.000	0.000	0.000
3738968133.365	161.285	166.453	164.737	0.000	162.650	295.072	0.000	285.739	0.000	155.000	163.000	0.000	0.000	0.000	0.000	0.000	0.000	0.000	1.000	0.000	-0.142	1.305	6.290	14527.913	-376.800	93.215	0.000	0.100	0.100	743.664	376.800	0.000	0.000	6.420	0.000	0.000	0.000	1.000	177.400	12.800	-133.900	-118.200	28.400	-140.500	-39.500	0.000	0.000	0.000
3738968143.365	161.235	166.444	164.722	0.000	162.540	295.063	0.000	285.740	0.000	155.000	163.000	0.000	0.000	0.000	0.000	0.000	0.000	0.000	1.000	0.000	-0.142	1.305	3.719	14527.913	-376.800	93.123	0.000	0.100	0.100	751.483	376.800	0.000	0.000	5.392	0.000	0.000	0.000	1.000	182.500	8.900	-132.800	-118.000	27.800	-142.000	-38.700	0.000	0.000	0.000
3738968153.365	161.240	166.456	164.736	0.000	162.536	295.062	0.000	285.732	0.000	155.000	163.000	0.000	0.000	0.000	0.000	0.000	0.000	0.000	1.000	0.000	-0.142	-1.266	3.719	14527.913	-376.800	93.541	0.000	0.100	0.100	743.664	376.800	0.000	0.000	5.392	0.000	0.000	0.000	1.000	157.600	10.200	-131.500	-117.500	27.300	-144.000	-37.800	0.000	0.000	0.000
3738968163.365	161.223	166.451	164.733	0.000	162.549	295.079	0.000	285.731	0.000	155.000	163.000	0.000	0.000	0.000	0.000	0.000	0.000	0.000	1.000	0.000	0.464	3.876	3.719	15112.908	-376.800	93.125	0.000	0.100	0.100	742.100	376.800	0.000	0.000	4.878	0.000	0.000	0.000	1.000	177.400	9.600	-129.900	-116.800	27.300	-145.700	-37.800	0.000	0.000	0.000
3738968173.364	161.232	166.445	164.742	0.000	162.592	295.090	0.000	285.741	0.000	155.000	163.000	0.000	0.000	0.000	0.000	0.000	0.000	0.000	1.000	0.000	0.464	3.876	1.149	14527.913	-376.800	92.800	0.000	0.100	0.100	741.319	376.800	0.000	0.000	5.392	0.000	0.000	0.000	1.000	180.600	10.200	-128.500	-116.100	26.700	-146.700	-37.100	0.000	0.000	0.000
3738968183.364	161.234	166.443	164.723	0.000	162.643	295.083	0.000	285.733	0.000	155.000	163.000	0.000	0.000	0.000	0.000	0.000	0.000	0.000	1.000	0.000	-0.142	1.305	3.719	14817.524	-376.800	92.846	0.000	0.100	0.100	749.919	376.800	0.000	0.000	4.363	0.000	0.000	0.000	1.000	167.200	10.200	-126.900	-115.200	26.700	-147.400	-37.100	0.000	0.000	0.000
3738968193.364	161.255	166.447	164.728	0.000	162.738	295.084	0.000	285.737	0.000	155.000	163.000	0.000	0.000	0.000	0.000	0.000	0.000	0.000	1.000	0.000	0.161	3.876	3.719	14527.913	-376.800	93.494	0.000	0.100	0.100	748.355	376.800	0.000	0.000	4.363	0.000	0.000	0.000	1.000	167.800	9.600	-125.300	-114.300	27.300	-148.200	-37.100	0.000	0.000	0.000
3738968203.364	161.287	166.456	164.737	0.000	162.807	295.085	0.000	285.744	0.000	155.000	163.000	0.000	0.000	0.000	0.000	0.000	0.000	0.000	1.000	0.000	0.161	3.876	3.719	14817.524	-376.800	93.401	0.000	0.100	0.100	759.302	376.800	0.000	0.000	3.849	0.000	0.000	0.000	1.000	169.100	9.600	-123.100	-113.400	27.300	-148.900	-37.100	0.000	0.000	0.000
3738968213.364	161.299	166.429	164.717	0.000	162.887	295.083	0.000	285.743	0.000	155.000	163.000	0.000	0.000	0.000	0.000	0.000	0.000	0.000	1.000	0.000	0.161	3.876	-1.422	14817.524	-376.800	93.679	0.000	0.100	0.100	754.611	376.800	0.000	0.000	3.335	0.000	0.000	0.000	1.000	149.900	9.600	-120.800	-112.500	27.300	-149.200	-37.100	0.000	0.000	0.000
3738968223.365	161.324	166.438	164.717	0.000	162.958	295.092	0.000	285.748	0.000	155.000	163.000	0.000	0.000	0.000	0.000	0.000	0.000	0.000	1.000	0.000	-0.142	3.876	1.149	14527.913	-376.800	93.355	0.000	0.100	0.100	751.483	376.800	0.000	0.000	3.335	0.000	0.000	0.000	1.000	147.400	10.200	-118.900	-111.700	27.300	-149.600	-37.100	0.000	0.000	0.000
3738968233.364	161.321	166.414	164.700	0.000	163.007	295.088	0.000	285.743	0.000	155.000	163.000	0.000	0.000	0.000	0.000	0.000	0.000	0.000	1.000	0.000	0.161	1.305	3.719	14527.913	-376.800	92.520	0.000	0.100	0.100	741.319	376.800	0.000	0.000	2.821	0.000	0.000	0.000	1.000	173.500	10.800	-117.700	-110.800	27.300	-150.000	-37.100	0.000	0.000	0.000
3738968243.365	161.332	166.420	164.713	0.000	163.075	295.092	0.000	285.752	0.000	155.000	163.000	0.000	0.000	0.000	0.000	0.000	0.000	0.000	1.000	0.000	0.161	-1.266	6.290	15112.908	-376.800	92.845	0.000	0.100	0.100	746.010	376.800	0.000	0.000	2.307	0.000	0.000	0.000	1.000	149.900	10.200	-116.600	-109.600	27.300	-150.600	-37.100	0.000	0.000	0.000
3738968253.365	161.387	166.424	164.705	0.000	163.149	295.102	0.000	285.743	0.000	155.000	163.000	0.000	0.000	0.000	0.000	0.000	0.000	0.000	1.000	0.000	0.464	3.876	6.290	14527.913	-376.800	93.772	0.000	0.100	0.100	742.100	376.800	0.000	0.000	1.792	0.000	0.000	0.000	1.000	147.400	8.900	-115.400	-109.000	27.300	-150.800	-36.600	0.000	0.000	0.000
3738968263.366	161.405	166.424	164.715	0.000	163.211	295.100	0.000	285.747	0.000	155.000	163.000	0.000	0.000	0.000	0.000	0.000	0.000	1.000	1.000	0.000	0.161	-1.266	3.719	14817.524	-376.800	93.447	0.000	0.100	0.100	746.010	376.800	0.000	0.000	11.562	0.000	0.000	0.000	1.000	149.900	10.800	-114.300	-108.100	27.300	-151.000	-36.600	0.000	0.000	0.000
3738968273.365	161.524	166.427	164.710	0.000	163.263	295.098	0.000	285.749	0.000	155.000	163.000	0.000	0.000	0.000	0.000	0.000	0.000	1.000	1.000	0.000	-0.142	3.876	3.719	14527.913	-376.800	93.401	0.000	0.100	0.100	742.883	376.800	0.000	0.000	10.534	0.000	0.000	0.000	1.000	162.700	15.300	-120.200	-112.900	27.300	-150.600	-39.500	0.000	0.000	0.000
3738968283.364	161.630	166.429	164.721	0.000	163.228	295.105	0.000	285.761	0.000	155.000	163.000	0.000	0.000	0.000	0.000	0.000	0.000	1.000	1.000	0.000	-0.445	-1.266	3.719	14817.524	-376.800	94.282	0.000	0.100	0.100	747.573	376.800	0.000	0.000	10.020	0.000	0.000	0.000	1.000	167.800	18.500	-131.700	-116.600	28.400	-147.400	-40.400	0.000	0.000	0.000
3738968293.365	161.681	166.458	164.743	0.000	163.218	295.105	0.000	285.754	0.000	155.000	163.000	0.000	0.000	0.000	0.000	0.000	0.000	1.000	1.000	0.000	0.766	3.876	3.719	15112.908	-376.800	93.078	0.000	0.100	0.100	741.318	376.800	0.000	0.000	10.020	0.000	0.000	0.000	1.000	167.200	12.800	-137.000	-117.200	28.900	-144.200	-40.400	0.000	0.000	0.000
3738968303.365	161.775	166.446	164.719	0.000	163.226	295.101	0.000	285.745	0.000	155.000	163.000	0.000	0.000	0.000	0.000	0.000	0.000	1.000	1.000	0.000	-0.142	3.876	1.149	14527.913	-376.800	94.097	0.000	0.100	0.100	746.791	376.800	0.000	0.000	9.505	0.000	0.000	0.000	1.000	167.800	14.700	-136.200	-117.200	27.800	-142.800	-39.500	0.000	0.000	0.000
3738968313.364	161.790	166.465	164.736	0.000	163.130	295.096	0.000	285.755	0.000	155.000	163.000	0.000	0.000	0.000	0.000	0.000	0.000	1.000	1.000	0.000	0.161	3.876	3.719	14817.524	-376.800	93.356	0.000	0.100	0.100	749.137	376.800	0.000	0.000	8.477	0.000	0.000	0.000	1.000	156.900	13.400	-135.100	-117.700	28.400	-141.800	-39.500	0.000	0.000	0.000
3738968323.365	161.608	166.471	164.740	0.000	162.925	295.094	0.000	285.751	0.000	155.000	163.000	0.000	0.000	0.000	0.000	0.000	0.000	0.000	1.000	0.000	-0.142	-1.266	3.719	14817.524	-376.800	92.892	0.000	0.100	0.100	739.755	376.800	0.000	0.000	8.477	0.000	0.000	0.000	1.000	164.600	14.700	-134.300	-118.000	28.400	-140.800	-38.700	0.000	0.000	0.000
3738968333.364	161.397	166.430	164.725	0.000	162.666	295.092	0.000	285.744	0.000	155.000	163.000	0.000	0.000	0.000	0.000	0.000	0.000	0.000	1.000	0.000	-0.142	1.305	3.719	14817.524	-376.800	93.449	0.000	0.100	0.100	743.665	376.800	0.000	0.000	8.477	0.000	0.000	0.000	1.000	171.000	12.100	-133.900	-118.200	28.400	-140.800	-38.700	0.000	0.000	0.000
3738968343.364	161.342	166.421	164.727	0.000	162.575	295.082	0.000	285.740	0.000	155.000	163.000	0.000	0.000	0.000	0.000	0.000	0.000	0.000	1.000	0.000	-0.445	-1.266	3.719	14817.524	-376.800	92.800	0.000	0.100	0.100	742.882	376.800	0.000	0.000	7.963	0.000	0.000	0.000	1.000	189.500	10.800	-132.800	-118.000	27.300	-142.200	-37.800	0.000	0.000	0.000
3738968353.365	161.327	166.434	164.715	0.000	162.564	295.094	0.000	285.749	0.000	155.000	163.000	0.000	0.000	0.000	0.000	0.000	0.000	0.000	1.000	0.000	-0.142	1.305	6.290	14243.963	-376.800	92.937	0.000	0.100	0.100	742.882	376.800	0.000	0.000	7.963	0.000	0.000	0.000	1.000	174.200	10.200	-131.500	-117.500	27.300	-144.200	-37.500	0.000	0.000	0.000
3738968363.365	161.300	166.415	164.692	0.000	162.569	295.087	0.000	285.740	0.000	155.000	163.000	0.000	0.000	0.000	0.000	0.000	0.000	0.000	1.000	0.000	0.464	1.305	1.149	14527.913	-376.800	93.772	0.000	0.100	0.100	746.010	376.800	0.000	0.000	6.420	0.000	0.000	0.000	1.000	144.800	10.200	-129.900	-116.800	26.700	-145.700	-37.100	0.000	0.000	0.000
3738968373.366	161.293	166.419	164.685	0.000	162.627	295.100	0.000	285.749	0.000	155.000	163.000	0.000	0.000	0.000	0.000	0.000	0.000	0.000	1.000	0.000	-0.142	1.305	3.719	14527.913	-376.800	92.706	0.000	0.100	0.100	739.755	376.800	0.000	0.000	6.420	0.000	0.000	0.000	1.000	155.000	10.200	-128.300	-116.300	26.700	-146.700	-36.600	0.000	0.000	0.000
3738968383.366	161.327	166.420	164.704	0.000	162.684	295.100	0.000	285.747	0.000	155.000	163.000	0.000	0.000	0.000	0.000	0.000	0.000	0.000	1.000	0.000	-0.445	-1.266	6.290	14527.913	-376.800	93.124	0.000	0.100	0.100	753.829	376.800	0.000	0.000	5.906	0.000	0.000	0.000	1.000	169.100	9.600	-126.900	-115.200	27.300	-147.400	-36.600	0.000	0.000	0.000
3738968393.364	161.327	166.415	164.696	0.000	162.752	295.090	0.000	285.745	0.000	155.000	163.000	0.000	0.000	0.000	0.000	0.000	0.000	0.000	1.000	0.000	0.161	3.876	1.149	14817.524	-376.800	93.449	0.000	0.100	0.100	749.138	376.800	0.000	0.000	5.392	0.000	0.000	0.000	1.000	160.100	8.900	-125.000	-114.300	27.300	-148.200	-36.200	0.000	0.000	0.000
3738968403.365	161.333	166.401	164.693	0.000	162.826	295.103	0.000	285.757	0.000	155.000	163.000	0.000	0.000	0.000	0.000	0.000	0.000	0.000	1.000	0.000	0.161	3.876	1.149	14817.524	-376.800	93.913	0.000	0.100	0.100	747.574	376.800	0.000	0.000	5.392	0.000	0.000	0.000	1.000	167.200	10.200	-123.100	-113.400	27.300	-148.900	-36.200	0.000	0.000	0.000
3738968413.364	161.350	166.395	164.698	0.000	162.902	295.094	0.000	285.755	0.000	155.000	163.000	0.000	0.000	0.000	0.000	0.000	0.000	0.000	1.000	0.000	-0.142	1.305	6.290	14527.913	-376.800	93.125	0.000	0.100	0.100	749.919	376.800	0.000	0.000	4.878	0.000	0.000	0.000	1.000	170.300	10.800	-121.100	-112.900	27.300	-149.200	-36.200	0.000	0.000	0.000
3738968423.364	161.370	166.394	164.672	0.000	162.956	295.090	0.000	285.738	0.000	155.000	163.000	0.000	0.000	0.000	0.000	0.000	0.000	0.000	1.000	0.000	0.161	1.305	-1.422	14527.913	-376.800	92.429	0.000	0.100	0.100	741.319	376.800	0.000	0.000	4.878	0.000	0.000	0.000	1.000	172.300	8.300	-119.500	-111.700	27.300	-149.800	-36.200	0.000	0.000	0.000
3738968433.364	161.412	166.409	164.698	0.000	163.038	295.101	0.000	285.747	0.000	155.000	163.000	0.000	0.000	0.000	0.000	0.000	0.000	0.000	1.000	0.000	0.161	3.876	1.149	14527.913	-376.800	93.077	0.000	0.100	0.100	745.228	376.800	0.000	0.000	3.849	0.000	0.000	0.000	1.000	156.900	10.200	-118.000	-110.800	27.300	-150.000	-36.200	0.000	0.000	0.000
3738968443.365	161.445	166.417	164.683	0.000	163.115	295.104	0.000	285.756	0.000	155.000	163.000	0.000	0.000	0.000	0.000	0.000	0.000	0.000	1.000	0.000	0.161	-1.266	3.719	14527.913	-376.800	93.308	0.000	0.100	0.100	740.537	376.800	0.000	0.000	4.363	0.000	0.000	0.000	1.000	137.800	10.800	-116.600	-109.600	27.300	-150.600	-36.200	0.000	0.000	0.000
3738968453.364	161.441	166.397	164.675	0.000	163.147	295.089	0.000	285.752	0.000	155.000	163.000	0.000	0.000	0.000	0.000	0.000	0.000	1.000	1.000	0.000	0.161	-1.266	6.290	14817.524	-376.800	92.474	0.000	0.100	0.100	739.755	376.800	0.000	0.000	3.849	0.000	0.000	0.000	1.000	149.900	10.800	-115.400	-109.000	27.300	-151.000	-36.200	0.000	0.000	0.000
3738968463.365	161.550	166.396	164.667	0.000	163.200	295.095	0.000	285.737	0.000	155.000	163.000	0.000	0.000	0.000	0.000	0.000	0.000	1.000	1.000	0.000	-0.142	-1.266	1.149	15112.908	-376.800	93.030	0.000	0.100	0.100	743.664	376.800	0.000	0.000	2.821	0.000	0.000	0.000	1.000	156.900	18.500	-122.200	-114.000	27.300	-150.000	-38.300	0.000	0.000	0.000
3738968473.365	161.618	166.396	164.675	0.000	163.153	295.091	0.000	285.745	0.000	155.000	163.000	0.000	0.000	0.000	0.000	0.000	0.000	1.000	1.000	0.000	-0.142	1.305	3.719	14527.913	-376.800	93.911	0.000	0.100	0.100	754.611	376.800	0.000	0.000	2.307	0.000	0.000	0.000	1.000	130.800	15.300	-133.000	-116.800	29.500	-147.200	-39.500	0.000	0.000	0.000
3738968483.364	161.655	166.379	164.662	0.000	163.130	295.088	0.000	285.741	0.000	155.000	163.000	0.000	0.000	0.000	0.000	0.000	0.000	1.000	1.000	0.000	-0.142	-1.266	3.719	14817.524	-376.800	93.542	0.000	0.100	0.100	742.882	376.800	0.000	0.000	2.307	0.000	0.000	0.000	1.000	146.700	17.200	-136.700	-117.500	28.400	-144.000	-38.700	0.000	0.000	0.000
3738968493.364	161.732	166.388	164.655	0.000	163.128	295.086	0.000	285.735	0.000	155.000	163.000	0.000	0.000	0.000	0.000	0.000	0.000	1.000	1.000	0.000	0.161	-1.266	8.861	14817.524	-376.800	92.615	0.000	0.100	0.100	750.701	376.800	0.000	0.000	1.792	0.000	0.000	0.000	1.000	133.300	12.800	-136.200	-117.500	28.400	-142.600	-38.700	0.000	0.000	0.000
3738968503.365	161.709	166.420	164.668	0.000	163.033	295.091	0.000	285.749	0.000	155.000	163.000	0.000	0.000	0.000	0.000	0.000	0.000	1.000	1.000	0.000	0.161	1.305	3.719	14527.913	-376.800	93.403	0.000	0.100	0.100	742.882	376.800	0.000	0.000	6.420	0.000	0.000	0.000	1.000	151.800	14.000	-135.400	-118.000	27.800	-141.500	-38.700	0.000	0.000	0.000
3738968513.364	161.503	166.409	164.683	0.000	162.802	295.095	0.000	285.754	0.000	155.000	163.000	0.000	0.000	0.000	0.000	0.000	0.000	0.000	1.000	0.000	0.464	3.876	3.719	14527.913	-376.800	93.077	0.000	0.100	0.100	741.318	376.800	0.000	0.000	11.048	0.000	0.000	0.000	1.000	145.500	17.900	-134.100	-118.200	27.800	-140.800	-38.300	0.000	0.000	0.000
3738968523.366	161.274	166.400	164.684	0.000	162.554	295.095	0.000	285.738	0.000	155.000	163.000	0.000	0.000	0.000	0.000	0.000	0.000	0.000	1.000	0.000	0.161	3.876	3.719	14817.524	-376.800	93.169	0.000	0.100	0.100	736.627	376.800	0.000	0.000	10.020	0.000	0.000	0.000	1.000	155.000	12.800	-133.900	-118.600	28.400	-140.200	-38.300	0.000	0.000	0.000
3738968533.365	161.223	166.430	164.696	0.000	162.467	295.106	0.000	285.751	0.000	155.000	163.000	0.000	0.000	0.000	0.000	0.000	0.000	0.000	1.000	0.000	-0.142	3.876	6.290	15112.908	-376.800	93.680	0.000	0.100	0.100	742.100	376.800	0.000	0.000	10.020	0.000	0.000	0.000	1.000	174.200	8.900	-132.600	-118.200	27.300	-142.000	-37.100	0.000	0.000	0.000
3738968543.364	161.223	166.424	164.691	0.000	162.447	295.098	0.000	285.747	0.000	155.000	163.000	0.000	0.000	0.000	0.000	0.000	0.000	0.000	1.000	0.000	0.161	-1.266	1.149	14527.913	-376.800	92.847	0.000	0.100	0.100	740.537	376.800	0.000	0.000	9.505	0.000	0.000	0.000	1.000	174.200	10.200	-131.500	-117.700	26.700	-144.000	-36.600	0.000	0.000	0.000
3738968553.364	161.237	166.425	164.694	0.000	162.460	295.091	0.000	285.742	0.000	155.000	163.000	0.000	0.000	0.000	0.000	0.000	0.000	0.000	1.000	0.000	-0.142	1.305	6.290	14527.913	-376.800	92.893	0.000	0.100	0.100	749.919	376.800	0.000	0.000	9.505	0.000	0.000	0.000	1.000	189.500	9.600	-129.900	-117.200	26.700	-145.700	-36.200	0.000	0.000	0.000
3738968563.365	161.247	166.433	164.716	0.000	162.528	295.100	0.000	285.750	0.000	155.000	163.000	0.000	0.000	0.000	0.000	0.000	0.000	0.000	1.000	0.000	0.161	-1.266	6.290	14817.524	-376.800	93.448	0.000	0.100	0.100	748.355	376.800	0.000	0.000	7.963	0.000	0.000	0.000	1.000	187.600	9.600	-128.500	-116.300	27.300	-146.700	-36.200	0.000	0.000	0.000
3738968573.364	161.263	166.419	164.693	0.000	162.581	295.098	0.000	285.750	0.000	155.000	163.000	0.000	0.000	0.000	0.000	0.000	0.000	0.000	1.000	0.000	-0.142	-1.266	6.290	14817.524	-376.800	93.169	0.000	0.100	0.100	746.010	376.800	0.000	0.000	8.477	0.000	0.000	0.000	1.000	185.000	7.700	-126.600	-115.400	27.300	-147.400	-36.200	0.000	0.000	0.000
3738968583.365	161.256	166.393	164.661	0.000	162.643	295.102	0.000	285.745	0.000	155.000	163.000	0.000	0.000	0.000	0.000	0.000	0.000	0.000	1.000	0.000	0.161	3.876	3.719	14817.524	-376.800	92.752	0.000	0.100	0.100	742.101	376.800	0.000	0.000	8.477	0.000	0.000	0.000	1.000	142.300	7.700	-125.000	-114.800	27.300	-148.200	-36.200	0.000	0.000	0.000
3738968593.364	161.253	166.400	164.676	0.000	162.715	295.107	0.000	285.744	0.000	155.000	163.000	0.000	0.000	0.000	0.000	0.000	0.000	0.000	1.000	0.000	0.161	1.305	6.290	14527.913	-376.800	93.309	0.000	0.100	0.100	752.266	376.800	0.000	0.000	7.449	0.000	0.000	0.000	1.000	155.000	10.200	-123.100	-113.700	27.300	-148.600	-36.200	0.000	0.000	0.000
3738968603.364	161.261	166.385	164.657	0.000	162.794	295.110	0.000	285.749	0.000	155.000	163.000	0.000	0.000	0.000	0.000	0.000	0.000	0.000	1.000	0.000	0.464	6.446	6.290	14527.913	-376.800	93.032	0.000	0.100	0.100	747.574	376.800	0.000	0.000	6.934	0.000	0.000	0.000	1.000	162.100	10.200	-121.100	-112.900	27.300	-149.200	-36.200	0.000	0.000	0.000
3738968613.365	161.317	166.402	164.688	0.000	162.869	295.105	0.000	285.755	0.000	155.000	163.000	0.000	0.000	0.000	0.000	0.000	0.000	0.000	1.000	0.000	0.161	-1.266	3.719	14243.963	-376.800	93.078	0.000	0.100	0.100	752.265	376.800	0.000	0.000	6.420	0.000	0.000	0.000	1.000	142.300	8.300	-119.500	-112.000	27.300	-149.600	-36.200	0.000	0.000	0.000
3738968623.366	161.314	166.380	164.665	0.000	162.935	295.103	0.000	285.735	0.000	155.000	163.000	0.000	0.000	0.000	0.000	0.000	0.000	0.000	1.000	0.000	-0.142	-1.266	6.290	15112.908	-376.800	92.381	0.000	0.100	0.100	750.701	376.800	0.000	0.000	5.906	0.000	0.000	0.000	1.000	167.800	10.200	-118.000	-111.100	27.300	-150.000	-36.200	0.000	0.000	0.000
3738968633.365	161.313	166.379	164.649	0.000	163.004	295.103	0.000	285.739	0.000	155.000	163.000	0.000	0.000	0.000	0.000	0.000	0.000	0.000	1.000	0.000	0.161	3.876	3.719	14243.963	-376.800	93.957	0.000	0.100	0.100	752.265	376.800	0.000	0.000	5.906	0.000	0.000	0.000	1.000	163.300	7.700	-117.200	-110.200	27.300	-150.600	-36.200	0.000	0.000	0.000
3738968643.366	161.324	166.349	164.641	0.000	163.068	295.108	0.000	285.739	0.000	155.000	163.000	0.000	0.000	0.000	0.000	0.000	0.000	0.000	1.000	0.000	-0.142	1.305	6.290	14527.913	-376.800	93.540	0.000	0.100	0.100	745.228	376.800	0.000	0.000	5.392	0.000	0.000	0.000	1.000	147.400	10.200	-116.100	-109.300	27.300	-150.800	-36.200	0.000	0.000	0.000
3738968653.364	161.352	166.359	164.648	0.000	163.124	295.116	0.000	285.756	0.000	155.000	163.000	0.000	0.000	0.000	0.000	0.000	0.000	0.000	1.000	0.000	0.161	3.876	8.861	14527.913	-376.800	93.262	0.000	0.100	0.100	754.611	376.800	0.000	0.000	4.878	0.000	0.000	0.000	1.000	152.500	9.600	-114.800	-108.300	27.300	-151.200	-36.200	0.000	0.000	0.000
3738968663.364	161.375	166.358	164.646	0.000	163.198	295.108	0.000	285.754	0.000	155.000	163.000	0.000	0.000	0.000	0.000	0.000	0.000	1.000	1.000	0.000	0.464	1.305	1.149	14817.524	-376.800	93.402	0.000	0.100	0.100	746.792	376.800	0.000	0.000	4.878	0.000	0.000	0.000	1.000	173.500	10.800	-114.000	-107.200	26.300	-151.500	-35.400	0.000	0.000	0.000
3738968673.364	161.521	166.367	164.642	0.000	163.218	295.110	0.000	285.748	0.000	155.000	163.000	0.000	0.000	0.000	0.000	0.000	0.000	1.000	1.000	0.000	0.161	1.305	3.719	14817.524	-376.800	93.403	0.000	0.100	0.100	745.228	376.800	0.000	0.000	5.392	0.000	0.000	0.000	1.000	141.600	17.900	-120.000	-113.700	27.300	-150.600	-39.500	0.000	0.000	0.000
3738968683.366	161.585	166.350	164.629	0.000	163.164	295.111	0.000	285.757	0.000	155.000	163.000	0.000	0.000	0.000	0.000	0.000	0.000	1.000	1.000	0.000	0.464	6.446	1.149	14817.524	-376.800	92.939	0.000	0.100	0.100	749.137	376.800	0.000	0.000	3.849	0.000	0.000	0.000	1.000	160.100	14.000	-132.600	-116.600	29.500	-147.400	-39.900	0.000	0.000	0.000
3738968693.365	161.601	166.324	164.636	0.000	163.143	295.103	0.000	285.755	0.000	155.000	163.000	0.000	0.000	0.000	0.000	0.000	0.000	1.000	1.000	0.000	0.464	1.305	1.149	14817.524	-376.800	93.169	0.000	0.100	0.100	747.573	376.800	0.000	0.000	3.335	0.000	0.000	0.000	1.000	164.600	14.700	-136.700	-116.800	28.900	-144.200	-39.500	0.000	0.000	0.000
3738968703.364	161.706	166.303	164.603	0.000	163.162	295.105	0.000	285.755	0.000	155.000	163.000	0.000	0.000	0.000	0.000	0.000	0.000	1.000	1.000	0.000	0.161	3.876	6.290	14527.913	-376.800	93.354	0.000	0.100	0.100	749.138	376.800	0.000	0.000	2.821	0.000	0.000	0.000	1.000	143.600	13.400	-136.200	-117.200	28.400	-142.800	-39.500	0.000	0.000	0.000
3738968713.364	161.701	166.318	164.599	0.000	163.062	295.104	0.000	285.754	0.000	155.000	163.000	0.000	0.000	0.000	0.000	0.000	0.000	1.000	1.000	0.000	-0.142	3.876	6.290	14527.913	-376.800	93.586	0.000	0.100	0.100	742.101	376.800	0.000	0.000	2.821	0.000	0.000	0.000	1.000	167.800	16.000	-135.100	-117.700	27.800	-141.800	-38.700	0.000	0.000	0.000
3738968723.365	161.534	166.313	164.623	0.000	162.841	295.102	0.000	285.757	0.000	155.000	163.000	0.000	0.000	0.000	0.000	0.000	0.000	0.000	1.000	0.000	0.161	-1.266	3.719	14527.913	-376.800	93.216	0.000	0.100	0.100	746.792	376.800	0.000	0.000	2.307	0.000	0.000	0.000	1.000	164.600	15.300	-134.300	-118.000	28.400	-140.800	-38.700	0.000	0.000	0.000
3738968733.364	161.331	166.325	164.613	0.000	162.612	295.109	0.000	285.753	0.000	155.000	163.000	0.000	0.000	0.000	0.000	0.000	0.000	0.000	1.000	0.000	0.161	-1.266	3.719	14817.524	-376.800	93.865	0.000	0.100	0.100	742.882	376.800	0.000	0.000	1.278	0.000	0.000	0.000	1.000	167.800	11.500	-133.900	-118.200	28.400	-140.500	-37.800	0.000	0.000	0.000
3738968743.364	161.295	166.327	164.626	0.000	162.533	295.096	0.000	285.755	0.000	155.000	163.000	0.000	0.000	0.000	0.000	0.000	0.000	0.000	1.000	0.000	0.161	-1.266	3.719	14817.524	-376.800	93.030	0.000	0.100	0.100	740.536	376.800	0.000	0.000	0.764	0.000	0.000	0.000	1.000	142.900	10.200	-132.800	-118.000	27.300	-142.200	-37.100	0.000	0.000	0.000
3738968753.364	161.299	166.335	164.623	0.000	162.518	295.112	0.000	285.752	0.000	155.000	163.000	0.000	0.000	0.000	0.000	0.000	0.000	0.000	1.000	0.000	-0.142	-1.266	6.290	14527.913	-376.800	93.494	0.000	0.100	0.100	746.010	376.800	0.000	0.000	11.048	0.000	0.000	0.000	1.000	172.300	7.000	-131.500	-117.500	26.700	-144.200	-36.600	0.000	0.000	0.000
3738968763.364	161.292	166.321	164.613	0.000	162.544	295.106	0.000	285.754	0.000	155.000	163.000	0.000	0.000	0.000	0.000	0.000	0.000	0.000	1.000	0.000	0.161	-1.266	3.719	13965.563	-376.800	93.308	0.000	0.100	0.100	739.755	376.800	0.000	0.000	10.534	0.000	0.000	0.000	1.000	186.300	9.600	-129.900	-116.800	26.700	-145.700	-36.200	0.000	0.000	0.000
3738968773.364	161.297	166.313	164.608	0.000	162.581	295.098	0.000	285.756	0.000	155.000	163.000	0.000	0.000	0.000	0.000	0.000	0.000	0.000	1.000	0.000	-0.142	1.305	3.719	14243.963	-376.800	92.799	0.000	0.100	0.100	743.664	376.800	0.000	0.000	10.534	0.000	0.000	0.000	1.000	157.600	10.200	-128.500	-116.100	26.700	-146.700	-36.200	0.000	0.000	0.000
3738968783.364	161.314	166.320	164.621	0.000	162.647	295.114	0.000	285.772	0.000	155.000	163.000	0.000	0.000	0.000	0.000	0.000	0.000	0.000	1.000	0.000	-0.142	1.305	3.719	14527.913	-376.800	93.540	0.000	0.100	0.100	750.701	376.800	0.000	0.000	9.505	0.000	0.000	0.000	1.000	146.700	9.600	-126.900	-115.200	26.700	-147.400	-36.200	0.000	0.000	0.000
3738968793.364	161.320	166.325	164.598	0.000	162.697	295.105	0.000	285.756	0.000	155.000	163.000	0.000	0.000	0.000	0.000	0.000	0.000	0.000	1.000	0.000	-0.142	3.876	6.290	14527.913	-376.800	94.097	0.000	0.100	0.100	745.228	376.800	0.000	0.000	8.991	0.000	0.000	0.000	1.000	167.800	10.200	-125.000	-114.300	26.700	-148.200	-36.200	0.000	0.000	0.000
3738968803.364	161.341	166.333	164.623	0.000	162.777	295.109	0.000	285.763	0.000	155.000	163.000	0.000	0.000	0.000	0.000	0.000	0.000	0.000	1.000	0.000	0.464	1.305	3.719	14527.913	-376.800	93.124	0.000	0.100	0.100	743.665	376.800	0.000	0.000	8.991	0.000	0.000	0.000	1.000	142.900	7.700	-123.100	-113.400	26.700	-148.900	-35.400	0.000	0.000	0.000
3738968813.364	161.368	166.319	164.608	0.000	162.842	295.105	0.000	285.757	0.000	155.000	163.000	0.000	0.000	0.000	0.000	0.000	0.000	0.000	1.000	0.000	-0.142	1.305	6.290	14527.913	-376.800	93.125	0.000	0.100	0.100	749.138	376.800	0.000	0.000	7.963	0.000	0.000	0.000	1.000	163.300	10.200	-121.100	-112.500	26.700	-149.400	-35.400	0.000	0.000	0.000
3738968823.365	161.373	166.318	164.592	0.000	162.911	295.098	0.000	285.500	0.000	155.000	163.000	0.000	0.000	0.000	0.000	0.000	0.000	0.000	1.000	0.000	-0.142	3.876	3.719	14527.913	-376.800	92.847	0.000	0.100	0.100	746.009	376.800	0.000	0.000	7.963	0.000	0.000	0.000	1.000	141.600	9.600	-119.700	-111.700	27.300	-149.800	-35.400	0.000	0.000	0.000
3738968833.364	161.390	166.311	164.589	0.000	162.968	295.095	0.000	285.662	0.000	155.000	163.000	0.000	0.000	0.000	0.000	0.000	0.000	0.000	1.000	0.000	0.464	1.305	3.719	14527.913	-376.800	92.986	0.000	0.100	0.100	735.845	376.800	0.000	0.000	7.963	0.000	0.000	0.000	1.000	155.000	10.800	-118.200	-110.800	27.300	-150.000	-35.400	0.000	0.000	0.000
3738968843.365	161.391	166.296	164.559	0.000	163.019	295.091	0.000	285.693	0.000	155.000	163.000	0.000	0.000	0.000	0.000	0.000	0.000	0.000	1.000	0.000	-0.142	1.305	6.290	14527.913	-376.800	93.357	0.000	0.100	0.100	749.920	376.800	0.000	0.000	6.934	0.000	0.000	0.000	1.000	163.300	8.300	-117.500	-109.600	26.700	-150.600	-35.400	0.000	0.000	0.000
3738968853.364	161.431	166.310	164.580	0.000	163.085	295.093	0.000	285.725	0.000	155.000	163.000	0.000	0.000	0.000	0.000	0.000	0.000	0.000	1.000	0.000	-0.445	1.305	6.290	14817.524	-376.800	93.542	0.000	0.100	0.100	744.446	376.800	0.000	0.000	6.420	0.000	0.000	0.000	1.000	152.500	10.200	-116.300	-108.700	27.300	-150.800	-35.400	0.000	0.000	0.000
3738968863.366	161.443	166.293	164.578	0.000	163.140	295.090	0.000	285.736	0.000	155.000	163.000	0.000	0.000	0.000	0.000	0.000	0.000	0.000	1.000	0.000	0.161	1.305	3.719	14527.913	-376.800	93.078	0.000	0.100	0.100	738.973	376.800	0.000	0.000	6.934	0.000	0.000	0.000	1.000	135.900	9.600	-115.200	-107.800	26.700	-151.200	-35.400	0.000	0.000	0.000
3738968873.365	161.479	166.299	164.585	0.000	163.219	295.093	0.000	285.752	0.000	155.000	163.000	0.000	0.000	0.000	0.000	0.000	0.000	1.000	1.000	0.000	0.161	1.305	3.719	14527.913	-376.800	93.820	0.000	0.100	0.100	739.755	376.800	0.000	0.000	5.906	0.000	0.000	0.000	1.000	153.100	9.600	-114.000	-106.900	27.300	-151.500	-35.400	0.000	0.000	0.000
3738968883.365	161.595	166.307	164.581	0.000	163.269	295.089	0.000	285.756	0.000	155.000	163.000	0.000	0.000	0.000	0.000	0.000	0.000	1.000	1.000	0.000	0.766	-1.266	3.719	14817.524	-376.800	92.615	0.000	0.100	0.100	743.665	376.800	0.000	0.000	5.392	0.000	0.000	0.000	1.000	153.800	14.700	-119.700	-112.900	27.800	-150.800	-38.300	0.000	0.000	0.000
3738968893.364	161.693	166.302	164.585	0.000	163.216	295.085	0.000	285.751	0.000	155.000	163.000	0.000	0.000	0.000	0.000	0.000	0.000	1.000	1.000	0.000	0.464	1.305	1.149	14243.963	-376.800	92.985	0.000	0.100	0.100	742.101	376.800	0.000	0.000	5.906	0.000	0.000	0.000	1.000	169.100	17.200	-131.700	-116.300	27.800	-147.400	-38.700	0.000	0.000	0.000
3738968903.364	161.741	166.314	164.596	0.000	163.198	295.086	0.000	285.754	0.000	155.000	163.000	0.000	0.000	0.000	0.000	0.000	0.000	1.000	1.000	0.000	0.464	1.305	3.719	14243.963	-376.800	93.448	0.000	0.100	0.100	739.755	376.800	0.000	0.000	4.878	0.000	0.000	0.000	1.000	153.800	13.400	-137.000	-116.600	28.900	-144.800	-38.700	0.000	0.000	0.000
3738968913.366	161.826	166.301	164.580	0.000	163.196	295.089	0.000	285.760	0.000	155.000	163.000	0.000	0.000	0.000	0.000	0.000	0.000	1.000	1.000	0.000	0.161	1.305	3.719	14243.963	-376.800	92.707	0.000	0.100	0.100	751.483	376.800	0.000	0.000	4.363	0.000	0.000	0.000	1.000	157.600	17.200	-136.200	-116.800	27.800	-142.800	-37.800	0.000	0.000	0.000
3738968923.366	161.879	166.305	164.594	0.000	163.156	295.091	0.000	285.758	0.000	155.000	163.000	0.000	0.000	0.000	0.000	0.000	0.000	1.000	1.000	0.000	0.161	3.876	3.719	14527.913	-376.800	92.662	0.000	0.100	0.100	753.829	376.800	0.000	0.000	4.363	0.000	0.000	0.000	1.000	139.100	13.400	-135.600	-117.500	27.800	-141.800	-38.300	0.000	0.000	0.000
3738968933.365	161.698	166.304	164.594	0.000	162.956	295.096	0.000	285.753	0.000	155.000	163.000	0.000	0.000	0.000	0.000	0.000	0.000	0.000	1.000	0.000	-0.142	1.305	6.290	14243.963	-376.800	92.753	0.000	0.100	0.100	746.792	376.800	0.000	0.000	3.335	0.000	0.000	0.000	1.000	154.400	14.700	-134.100	-117.700	28.400	-141.000	-37.800	0.000	0.000	0.000
3738968943.364	161.535	166.315	164.598	0.000	162.756	295.101	0.000	285.764	0.000	155.000	163.000	0.000	0.000	0.000	0.000	0.000	0.000	0.000	1.000	0.000	-0.142	-1.266	6.290	14243.963	-376.800	93.355	0.000	0.100	0.100	742.100	376.800	0.000	0.000	3.335	0.000	0.000	0.000	1.000	172.900	12.800	-134.100	-118.200	27.800	-140.800	-37.100	0.000	0.000	0.000
3738968953.364	161.491	166.320	164.600	0.000	162.646	295.093	0.000	285.771	0.000	155.000	163.000	0.000	0.000	0.000	0.000	0.000	0.000	0.000	1.000	0.000	0.464	1.305	6.290	14243.963	-376.800	92.938	0.000	0.100	0.100	742.101	376.800	0.000	0.000	2.307	0.000	0.000	0.000	1.000	149.900	10.200	-133.000	-117.700	27.300	-142.200	-36.200	0.000	0.000	0.000
3738968963.364	161.463	166.329	164.588	0.000	162.630	295.092	0.000	285.778	0.000	155.000	163.000	0.000	0.000	0.000	0.000	0.000	0.000	0.000	1.000	0.000	-0.142	-1.266	1.149	14243.963	-376.800	93.262	0.000	0.100	0.100	749.137	376.800	0.000	0.000	2.821	0.000	0.000	0.000	1.000	157.600	9.600	-131.700	-117.500	26.700	-144.500	-36.200	0.000	0.000	0.000
3738968973.364	161.480	166.323	164.595	0.000	162.634	295.103	0.000	285.781	0.000	155.000	163.000	0.000	0.000	0.000	0.000	0.000	0.000	0.000	1.000	0.000	-0.142	3.876	6.290	14243.963	-376.800	93.262	0.000	0.100	0.100	742.100	376.800	0.000	0.000	2.307	0.000	0.000	0.000	1.000	187.600	9.600	-130.400	-116.600	26.300	-145.700	-35.400	0.000	0.000	0.000
3738968983.365	161.484	166.305	164.578	0.000	162.677	295.099	0.000	285.775	0.000	155.000	163.000	0.000	0.000	0.000	0.000	0.000	0.000	0.000	1.000	0.000	-0.445	1.305	3.719	14243.963	-376.800	93.772	0.000	0.100	0.100	747.574	376.800	0.000	0.000	2.307	0.000	0.000	0.000	1.000	160.100	9.600	-128.500	-116.100	26.700	-147.000	-35.400	0.000	0.000	0.000
3738968993.365	161.501	166.329	164.599	0.000	162.735	295.097	0.000	285.774	0.000	155.000	163.000	0.000	0.000	0.000	0.000	0.000	0.000	0.000	1.000	0.000	0.161	1.305	3.719	14527.913	-376.800	93.495	0.000	0.100	0.100	742.100	376.800	0.000	0.000	7.449	0.000	0.000	0.000	1.000	143.600	10.200	-126.900	-115.200	26.700	-147.400	-35.400	0.000	0.000	0.000
3738969003.364	161.509	166.315	164.575	0.000	162.797	295.090	0.000	285.774	0.000	155.000	163.000	0.000	0.000	0.000	0.000	0.000	0.000	0.000	1.000	0.000	0.161	1.305	3.719	14243.963	-376.800	93.218	0.000	0.100	0.100	744.446	376.800	0.000	0.000	11.048	0.000	0.000	0.000	1.000	149.900	10.200	-125.300	-114.000	26.700	-148.200	-35.000	0.000	0.000	0.000
3738969013.364	161.518	166.306	164.555	0.000	162.849	295.079	0.000	285.769	0.000	155.000	163.000	0.000	0.000	0.000	0.000	0.000	0.000	0.000	1.000	0.000	0.161	-1.266	3.719	14243.963	-376.800	93.913	0.000	0.100	0.100	747.574	376.800	0.000	0.000	11.048	0.000	0.000	0.000	1.000	169.700	9.600	-123.300	-113.100	27.300	-148.900	-35.400	0.000	0.000	0.000
3738969023.365	161.526	166.315	164.583	0.000	162.926	295.087	0.000	285.774	0.000	155.000	163.000	0.000	0.000	0.000	0.000	0.000	0.000	0.000	1.000	0.000	-0.142	3.876	6.290	14527.913	-376.800	94.005	0.000	0.100	0.100	746.792	376.800	0.000	0.000	10.534	0.000	0.000	0.000	1.000	165.900	9.600	-121.700	-112.500	27.300	-149.600	-35.000	0.000	0.000	0.000
3738969033.364	161.561	166.334	164.592	0.000	162.998	295.092	0.000	285.766	0.000	155.000	163.000	0.000	0.000	0.000	0.000	0.000	0.000	0.000	1.000	0.000	-0.142	3.876	3.719	14527.913	-376.800	92.661	0.000	0.100	0.100	735.064	376.800	0.000	0.000	9.505	0.000	0.000	0.000	1.000	152.500	9.600	-119.700	-111.300	26.700	-149.800	-34.500	0.000	0.000	0.000
3738969043.365	161.563	166.317	164.577	0.000	163.053	295.086	0.000	285.770	0.000	155.000	163.000	0.000	0.000	0.000	0.000	0.000	0.000	0.000	1.000	0.000	0.161	1.305	3.719	14527.913	-376.800	93.030	0.000	0.100	0.100	746.792	376.800	0.000	0.000	8.991	0.000	0.000	0.000	1.000	139.700	9.600	-118.600	-110.400	27.300	-150.000	-34.500	0.000	0.000	0.000
3738969053.364	161.559	166.296	164.575	0.000	163.115	295.087	0.000	285.769	0.000	155.000	163.000	0.000	0.000	0.000	0.000	0.000	0.000	0.000	1.000	0.000	0.161	1.305	1.149	14243.963	-376.800	92.892	0.000	0.100	0.100	744.446	376.800	0.000	0.000	8.991	0.000	0.000	0.000	1.000	143.600	10.200	-117.500	-109.600	26.700	-150.600	-34.500	0.000	0.000	0.000
3738969063.364	161.597	166.311	164.569	0.000	163.159	295.082	0.000	285.770	0.000	155.000	163.000	0.000	0.000	0.000	0.000	0.000	0.000	1.000	1.000	0.000	-0.142	3.876	3.719	14243.963	-376.800	93.865	0.000	0.100	0.100	750.701	376.800	0.000	0.000	8.991	0.000	0.000	0.000	1.000	161.400	10.200	-116.300	-108.300	27.300	-150.800	-34.500	0.000	0.000	0.000
3738969073.364	161.718	166.307	164.575	0.000	163.217	295.089	0.000	285.773	0.000	155.000	163.000	0.000	0.000	0.000	0.000	0.000	0.000	1.000	1.000	0.000	0.464	3.876	3.719	14527.913	-376.800	93.681	0.000	0.100	0.100	753.829	376.800	0.000	0.000	8.477	0.000	0.000	0.000	1.000	135.900	14.700	-122.500	-113.700	27.300	-150.000	-37.800	0.000	0.000	0.000
3738969083.364	161.772	166.314	164.588	0.000	163.178	295.093	0.000	285.772	0.000	155.000	163.000	0.000	0.000	0.000	0.000	0.000	0.000	1.000	1.000	0.000	0.464	-1.266	3.719	14243.963	-376.800	93.218	0.000	0.100	0.100	742.882	376.800	0.000	0.000	7.449	0.000	0.000	0.000	1.000	141.000	14.000	-133.300	-116.600	28.900	-147.200	-38.700	0.000	0.000	0.000
3738969093.364	161.799	166.296	164.562	0.000	163.135	295.086	0.000	285.758	0.000	155.000	163.000	0.000	0.000	0.000	0.000	0.000	0.000	1.000	1.000	0.000	0.161	-1.266	3.719	14243.963	-376.800	93.032	0.000	0.100	0.100	740.537	376.800	0.000	0.000	6.934	0.000	0.000	0.000	1.000	144.800	16.000	-137.000	-117.200	28.400	-144.000	-38.700	0.000	0.000	0.000
3738969103.364	161.891	166.305	164.585	0.000	163.165	295.088	0.000	285.765	0.000	155.000	163.000	0.000	0.000	0.000	0.000	0.000	0.000	1.000	1.000	0.000	0.161	-1.266	3.719	14527.913	-376.800	92.659	0.000	0.100	0.100	749.919	376.800	0.000	0.000	6.420	0.000	0.000	0.000	1.000	135.900	17.200	-135.900	-117.500	27.800	-142.600	-37.800	0.000	0.000	0.000
3738969113.364	161.888	166.306	164.574	0.000	163.078	295.091	0.000	285.767	0.000	155.000	163.000	0.000	0.000	0.000	0.000	0.000	0.000	1.000	1.000	0.000	0.161	-1.266	3.719	14243.963	-376.800	92.660	0.000	0.100	0.100	747.574	376.800	0.000	0.000	6.934	0.000	0.000	0.000	1.000	160.100	17.200	-134.900	-118.000	27.800	-141.800	-37.800	0.000	0.000	0.000
3738969123.364	161.675	166.336	164.590	0.000	162.863	295.096	0.000	285.781	0.000	155.000	163.000	0.000	0.000	0.000	0.000	0.000	0.000	0.000	1.000	0.000	0.161	6.446	1.149	14243.963	-376.800	93.494	0.000	0.100	0.100	749.919	376.800	0.000	0.000	6.420	0.000	0.000	0.000	1.000	136.500	14.700	-134.900	-118.200	27.800	-140.800	-37.800	0.000	0.000	0.000
3738969133.364	161.470	166.337	164.604	0.000	162.614	295.083	0.000	285.775	0.000	155.000	163.000	0.000	0.000	0.000	0.000	0.000	0.000	0.000	1.000	0.000	-0.142	3.876	3.719	14243.963	-376.800	92.985	0.000	0.100	0.100	742.883	376.800	0.000	0.000	5.392	0.000	0.000	0.000	1.000	171.000	9.600	-133.900	-118.600	28.400	-140.500	-37.100	0.000	0.000	0.000
3738969143.365	161.416	166.337	164.619	0.000	162.527	295.082	0.000	285.771	0.000	155.000	163.000	0.000	0.000	0.000	0.000	0.000	0.000	0.000	1.000	0.000	0.161	3.876	3.719	14243.963	-376.800	93.077	0.000	0.100	0.100	746.792	376.800	0.000	0.000	4.878	0.000	0.000	0.000	1.000	167.800	7.700	-132.800	-118.200	27.300	-142.200	-36.200	0.000	0.000	0.000
3738969153.366	161.414	166.340	164.614	0.000	162.499	295.076	0.000	285.772	0.000	155.000	163.000	0.000	0.000	0.000	0.000	0.000	0.000	0.000	1.000	0.000	0.161	1.305	1.149	13965.563	-376.800	94.005	0.000	0.100	0.100	746.792	376.800	0.000	0.000	5.392	0.000	0.000	0.000	1.000	167.200	9.600	-131.500	-117.700	26.300	-144.200	-35.400	0.000	0.000	0.000
3738969163.365	161.417	166.361	164.616	0.000	162.516	295.093	0.000	285.772	0.000	155.000	163.000	0.000	0.000	0.000	0.000	0.000	0.000	0.000	1.000	0.000	0.161	3.876	6.290	14243.963	-376.800	93.588	0.000	0.100	0.100	746.791	376.800	0.000	0.000	3.849	0.000	0.000	0.000	1.000	147.400	7.000	-130.100	-117.200	26.700	-145.700	-35.400	0.000	0.000	0.000
3738969173.364	161.417	166.354	164.614	0.000	162.579	295.114	0.000	285.777	0.000	155.000	163.000	0.000	0.000	0.000	0.000	0.000	0.000	0.000	1.000	0.000	0.464	1.305	3.719	14243.963	-376.800	92.708	0.000	0.100	0.100	741.319	376.800	0.000	0.000	4.363	0.000	0.000	0.000	1.000	167.200	9.600	-128.800	-116.300	26.700	-146.700	-35.000	0.000	0.000	0.000
3738969183.366	161.424	166.335	164.599	0.000	162.621	295.097	0.000	285.767	0.000	155.000	163.000	0.000	0.000	0.000	0.000	0.000	0.000	0.000	1.000	0.000	-0.142	3.876	1.149	13965.563	-376.800	92.708	0.000	0.100	0.100	740.537	376.800	0.000	0.000	3.849	0.000	0.000	0.000	1.000	178.000	10.200	-127.200	-115.400	26.300	-147.400	-35.000	0.000	0.000	0.000
3738969193.365	161.459	166.345	164.614	0.000	162.695	295.090	0.000	285.767	0.000	155.000	163.000	0.000	0.000	0.000	0.000	0.000	0.000	0.000	1.000	0.000	-0.142	3.876	3.719	14527.913	-376.800	93.679	0.000	0.100	0.100	744.446	376.800	0.000	0.000	3.335	0.000	0.000	0.000	1.000	168.400	8.300	-125.300	-114.600	27.300	-148.200	-35.000	0.000	0.000	0.000
3738969203.364	161.466	166.340	164.604	0.000	162.782	295.091	0.000	285.767	0.000	155.000	163.000	0.000	0.000	0.000	0.000	0.000	0.000	0.000	1.000	0.000	0.464	3.876	3.719	13965.563	-376.800	93.262	0.000	0.100	0.100	750.701	376.800	0.000	0.000	2.821	0.000	0.000	0.000	1.000	178.000	10.800	-123.300	-113.700	26.700	-148.600	-34.500	0.000	0.000	0.000
3738969213.364	161.464	166.331	164.590	0.000	162.849	295.090	0.000	285.755	0.000	155.000	163.000	0.000	0.000	0.000	0.000	0.000	0.000	0.000	1.000	0.000	0.161	1.305	3.719	14527.913	-376.800	94.004	0.000	0.100	0.100	749.919	376.800	0.000	0.000	2.307	0.000	0.000	0.000	1.000	156.900	9.600	-121.700	-112.900	27.300	-149.200	-34.500	0.000	0.000	0.000
3738969223.364	161.517	166.362	164.637	0.000	162.940	295.109	0.000	285.792	0.000	155.000	163.000	0.000	0.000	0.000	0.000	0.000	0.000	0.000	1.000	0.000	0.161	-1.266	3.719	13965.563	-376.800	92.476	0.000	0.100	0.100	740.537	376.800	0.000	0.000	1.792	0.000	0.000	0.000	1.000	172.900	9.600	-119.700	-112.000	26.700	-149.800	-34.500	0.000	0.000	0.000
3738969233.365	161.518	166.330	164.593	0.000	162.987	295.079	0.000	285.768	0.000	155.000	163.000	0.000	0.000	0.000	0.000	0.000	0.000	0.000	1.000	0.000	0.161	1.305	1.149	13965.563	-376.800	93.866	0.000	0.100	0.100	746.010	376.800	0.000	0.000	2.821	0.000	0.000	0.000	1.000	176.100	10.200	-118.600	-110.800	26.700	-150.000	-34.500	0.000	0.000	0.000
3738969243.364	161.557	166.336	164.597	0.000	163.069	295.086	0.000	285.779	0.000	155.000	163.000	0.000	0.000	0.000	0.000	0.000	0.000	0.000	1.000	0.000	0.161	1.305	6.290	14527.913	-376.800	93.032	0.000	0.100	0.100	748.356	376.800	0.000	0.000	10.534	0.000	0.000	0.000	1.000	155.000	10.200	-117.500	-110.200	26.700	-150.600	-34.500	0.000	0.000	0.000
3738969253.364	161.572	166.352	164.610	0.000	163.129	295.085	0.000	285.775	0.000	155.000	163.000	0.000	0.000	0.000	0.000	0.000	0.000	0.000	1.000	0.000	0.464	6.446	1.149	14243.963	-376.800	92.984	0.000	0.100	0.100	739.755	376.800	0.000	0.000	10.534	0.000	0.000	0.000	1.000	146.700	10.800	-116.300	-109.000	26.700	-150.800	-34.500	0.000	0.000	0.000
3738969263.365	161.584	166.338	164.602	0.000	163.177	295.083	0.000	285.774	0.000	155.000	163.000	0.000	0.000	0.000	0.000	0.000	0.000	1.000	1.000	0.000	-0.747	6.446	3.719	14527.913	-376.800	93.030	0.000	0.100	0.100	749.137	376.800	0.000	0.000	10.534	0.000	0.000	0.000	1.000	156.900	10.200	-115.200	-108.100	26.700	-151.000	-34.500	0.000	0.000	0.000
3738969273.364	161.711	166.323	164.607	0.000	163.210	295.089	0.000	285.764	0.000	155.000	163.000	0.000	0.000	0.000	0.000	0.000	0.000	1.000	1.000	0.000	0.464	-1.266	3.719	14243.963	-376.800	93.078	0.000	0.100	0.100	741.318	376.800	0.000	0.000	9.505	0.000	0.000	0.000	1.000	154.400	15.300	-121.700	-113.700	27.800	-150.600	-38.300	0.000	0.000	0.000
3738969283.365	161.786	166.336	164.607	0.000	163.181	295.101	0.000	285.772	0.000	155.000	163.000	0.000	0.000	0.000	0.000	0.000	0.000	1.000	1.000	0.000	0.161	6.446	3.719	14243.963	-376.800	93.171	0.000	0.100	0.100	735.845	376.800	0.000	0.000	10.020	0.000	0.000	0.000	1.000	132.100	14.000	-132.800	-116.600	28.900	-147.400	-38.700	0.000	0.000	0.000
3738969293.364	161.790	166.319	164.589	0.000	163.156	295.097	0.000	285.770	0.000	155.000	163.000	0.000	0.000	0.000	0.000	0.000	0.000	1.000	1.000	0.000	0.161	-1.266	1.149	14527.913	-376.800	92.708	0.000	0.100	0.100	744.446	376.800	0.000	0.000	8.477	0.000	0.000	0.000	1.000	157.600	14.000	-137.200	-117.500	27.800	-144.200	-38.700	0.000	0.000	0.000
3738969303.364	161.867	166.319	164.587	0.000	163.169	295.102	0.000	285.779	0.000	155.000	163.000	0.000	0.000	0.000	0.000	0.000	0.000	1.000	1.000	0.000	-0.142	6.446	3.719	14243.963	-376.800	92.707	0.000	0.100	0.100	735.063	376.800	0.000	0.000	8.477	0.000	0.000	0.000	1.000	134.600	13.400	-136.700	-117.200	27.800	-142.600	-38.700	0.000	0.000	0.000
3738969313.365	161.839	166.295	164.565	0.000	163.047	295.090	0.000	285.780	0.000	155.000	163.000	0.000	0.000	0.000	0.000	0.000	0.000	1.000	1.000	0.000	0.464	1.305	8.861	14243.963	-376.800	92.938	0.000	0.100	0.100	739.755	376.800	0.000	0.000	7.963	0.000	0.000	0.000	1.000	160.100	13.400	-135.400	-117.700	28.400	-141.800	-37.800	0.000	0.000	0.000
3738969323.364	161.645	166.290	164.564	0.000	162.829	295.087	0.000	285.785	0.000	155.000	163.000	0.000	0.000	0.000	0.000	0.000	0.000	0.000	1.000	0.000	0.161	1.305	3.719	14243.963	-376.800	93.078	0.000	0.100	0.100	735.063	376.800	0.000	0.000	7.449	0.000	0.000	0.000	1.000	152.500	13.400	-134.900	-118.200	27.800	-140.800	-37.800	0.000	0.000	0.000
3738969333.366	161.416	166.286	164.562	0.000	162.593	295.088	0.000	285.766	0.000	155.000	163.000	0.000	0.000	0.000	0.000	0.000	0.000	0.000	1.000	0.000	0.464	3.876	1.149	14243.963	-376.800	92.847	0.000	0.100	0.100	742.101	376.800	0.000	0.000	7.449	0.000	0.000	0.000	1.000	162.100	12.100	-133.900	-118.600	27.800	-140.500	-37.100	0.000	0.000	0.000
3738969343.365	161.357	166.274	164.540	0.000	162.491	295.086	0.000	285.778	0.000	155.000	163.000	0.000	0.000	0.000	0.000	0.000	0.000	0.000	1.000	0.000	-0.142	1.305	6.290	13965.563	-376.800	93.125	0.000	0.100	0.100	743.664	376.800	0.000	0.000	6.420	0.000	0.000	0.000	1.000	155.000	8.300	-132.800	-118.200	27.300	-142.200	-36.200	0.000	0.000	0.000
3738969353.364	161.338	166.276	164.548	0.000	162.477	295.090	0.000	285.779	0.000	155.000	163.000	0.000	0.000	0.000	0.000	0.000	0.000	0.000	1.000	0.000	0.464	3.876	6.290	13965.563	-376.800	94.375	0.000	0.100	0.100	749.919	376.800	0.000	0.000	6.420	0.000	0.000	0.000	1.000	160.100	10.200	-131.500	-117.700	26.300	-144.200	-35.400	0.000	0.000	0.000
3738969363.366	161.349	166.261	164.549	0.000	162.490	295.097	0.000	285.777	0.000	155.000	163.000	0.000	0.000	0.000	0.000	0.000	0.000	0.000	1.000	0.000	0.464	1.305	6.290	14243.963	-376.800	93.635	0.000	0.100	0.100	746.009	376.800	0.000	0.000	5.906	0.000	0.000	0.000	1.000	178.000	7.700	-130.100	-117.200	26.300	-145.700	-35.400	0.000	0.000	0.000
3738969373.364	161.343	166.256	164.524	0.000	162.535	295.097	0.000	285.774	0.000	155.000	163.000	0.000	0.000	0.000	0.000	0.000	0.000	0.000	1.000	0.000	0.161	1.305	1.149	14243.963	-376.800	93.030	0.000	0.100	0.100	747.574	376.800	0.000	0.000	5.392	0.000	0.000	0.000	1.000	144.200	9.600	-128.800	-116.300	26.300	-146.700	-35.400	0.000	0.000	0.000
3738969383.365	161.354	166.260	164.540	0.000	162.600	295.107	0.000	285.764	0.000	155.000	163.000	0.000	0.000	0.000	0.000	0.000	0.000	0.000	1.000	0.000	0.161	1.305	8.861	14527.913	-376.800	93.402	0.000	0.100	0.100	742.100	376.800	0.000	0.000	4.878	0.000	0.000	0.000	1.000	183.100	9.600	-127.200	-115.400	26.300	-147.400	-35.400	0.000	0.000	0.000
3738969393.364	161.354	166.243	164.525	0.000	162.643	295.089	0.000	285.767	0.000	155.000	163.000	0.000	0.000	0.000	0.000	0.000	0.000	0.000	1.000	0.000	0.161	3.876	1.149	13692.604	-376.800	93.540	0.000	0.100	0.100	750.702	376.800	0.000	0.000	5.392	0.000	0.000	0.000	1.000	167.200	10.200	-125.300	-114.600	26.700	-148.200	-35.000	0.000	0.000	0.000
3738969403.364	161.389	166.237	164.521	0.000	162.715	295.098	0.000	285.762	0.000	155.000	163.000	0.000	0.000	0.000	0.000	0.000	0.000	0.000	1.000	0.000	-0.142	1.305	3.719	14243.963	-376.800	93.170	0.000	0.100	0.100	745.228	376.800	0.000	0.000	4.363	0.000	0.000	0.000	1.000	166.500	10.200	-123.300	-113.700	26.700	-148.900	-35.000	0.000	0.000	0.000
3738969413.364	161.390	166.243	164.517	0.000	162.783	295.085	0.000	285.760	0.000	155.000	163.000	0.000	0.000	0.000	0.000	0.000	0.000	0.000	1.000	0.000	-0.445	1.305	3.719	13965.563	-376.800	92.986	0.000	0.100	0.100	746.792	376.800	0.000	0.000	4.363	0.000	0.000	0.000	1.000	142.900	10.200	-121.700	-112.900	27.300	-149.400	-34.500	0.000	0.000	0.000
3738969423.365	161.413	166.242	164.523	0.000	162.860	295.093	0.000	285.773	0.000	155.000	163.000	0.000	0.000	0.000	0.000	0.000	0.000	0.000	1.000	0.000	0.161	1.305	6.290	14243.963	-376.800	93.355	0.000	0.100	0.100	743.664	376.800	0.000	0.000	4.363	0.000	0.000	0.000	1.000	167.200	10.200	-119.700	-111.700	26.700	-149.600	-34.500	0.000	0.000	0.000
3738969433.366	161.432	166.249	164.537	0.000	162.941	295.097	0.000	285.780	0.000	155.000	163.000	0.000	0.000	0.000	0.000	0.000	0.000	0.000	1.000	0.000	-0.142	1.305	6.290	14527.913	-376.800	93.264	0.000	0.100	0.100	741.319	376.800	0.000	0.000	3.335	0.000	0.000	0.000	1.000	167.800	8.900	-118.600	-110.800	26.700	-150.000	-34.500	0.000	0.000	0.000
3738969443.364	161.468	166.242	164.526	0.000	162.997	295.103	0.000	285.781	0.000	155.000	163.000	0.000	0.000	0.000	0.000	0.000	0.000	0.000	1.000	0.000	0.161	-1.266	3.719	14243.963	-376.800	93.635	0.000	0.100	0.100	743.664	376.800	0.000	0.000	2.821	0.000	0.000	0.000	1.000	137.200	10.200	-117.500	-109.900	26.700	-150.600	-34.500	0.000	0.000	0.000
3738969453.364	161.474	166.225	164.508	0.000	163.052	295.098	0.000	285.789	0.000	155.000	163.000	0.000	0.000	0.000	0.000	0.000	0.000	0.000	1.000	0.000	-0.142	3.876	6.290	14527.913	-376.800	93.402	0.000	0.100	0.100	751.483	376.800	0.000	0.000	2.821	0.000	0.000	0.000	1.000	158.900	10.200	-116.600	-109.000	26.700	-150.800	-34.500	0.000	0.000	0.000
3738969463.364	161.498	166.232	164.509	0.000	163.115	295.090	0.000	285.788	0.000	155.000	163.000	0.000	0.000	0.000	0.000	0.000	0.000	0.000	1.000	0.000	0.161	1.305	3.719	14243.963	-376.800	93.308	0.000	0.100	0.100	746.010	376.800	0.000	0.000	1.792	0.000	0.000	0.000	1.000	172.900	10.200	-115.400	-108.100	26.700	-151.000	-34.500	0.000	0.000	0.000
3738969473.364	161.501	166.200	164.507	0.000	163.159	295.077	0.000	285.786	0.000	155.000	163.000	0.000	0.000	0.000	0.000	0.000	0.000	1.000	1.000	0.000	0.464	1.305	3.719	14243.963	-376.800	93.262	0.000	0.100	0.100	737.409	376.800	0.000	0.000	2.307	0.000	0.000	0.000	1.000	159.500	7.700	-114.300	-106.900	27.300	-151.500	-34.500	0.000	0.000	0.000
